reviewerID,reviewerName,segment,category,title,brand,price,channel,transaction_time
CUST_0093,Vũ Quang Tuấn,MASS,C. Tiết kiệm & Tiền gửi,Tất toán sổ tiết kiệm đúng hạn,VPBank Financial,"180,411,826 VND",ATM,2026-03-26 16:00:00
CUST_0093,Vũ Quang Tuấn,MASS,C. Tiết kiệm & Tiền gửi,Rút trước hạn sổ tiết kiệm (một phần / toàn bộ),VPBank Financial,"267,693,791 VND",COUNTER,2026-07-16 15:45:00
CUST_0093,Vũ Quang Tuấn,MASS,A. Tài khoản & Thông tin KH,"Cập nhật thông tin CIF (CCCD, địa chỉ, SĐT, email, nghề nghiệp)",VPBank Financial,"7,179,125 VND",COUNTER,2026-06-20 09:19:00
CUST_0093,Vũ Quang Tuấn,MASS,E. Chuyển tiền & Thanh toán,"Thanh toán hóa đơn (điện, nước, viễn thông, học phí, bảo hiểm)",VPBank Financial,"32,710,878 VND",EBANK,2026-02-09 14:46:00
CUST_0093,Vũ Quang Tuấn,MASS,G. Tín dụng,Tư vấn và nộp hồ sơ vay tiêu dùng tín chấp,VPBank Financial,"167,992,315 VND",COUNTER,2026-03-09 09:48:00
CUST_0093,Vũ Quang Tuấn,MASS,J. Khách hàng doanh nghiệp,Phát hành thư bảo lãnh ngân hàng,VPBank Financial,"5,458,040 VND",ATM,2026-02-17 15:09:00
CUST_0093,Vũ Quang Tuấn,MASS,C. Tiết kiệm & Tiền gửi,Chuyển nhượng / thừa kế sổ tiết kiệm,VPBank Financial,"19,946,391 VND",APP,2026-04-12 09:46:00
CUST_0093,Vũ Quang Tuấn,MASS,A. Tài khoản & Thông tin KH,Xin sao kê tài khoản / xác nhận số dư,VPBank Financial,"13,978,455 VND",COUNTER,2026-05-20 07:58:00
CUST_0093,Vũ Quang Tuấn,MASS,F. Ngoại tệ,"Mua ngoại tệ tiền mặt (du lịch, du học, công tác, chữa bệnh)",VPBank Financial,"20,870,289 VND",EBANK,2026-03-11 15:40:00
CUST_0093,Vũ Quang Tuấn,MASS,D. Thẻ,Phát hành thẻ ghi nợ nội địa (ATM/Napas),VPBank Financial,"19,886,902 VND",APP,2026-07-31 12:27:00
CUST_0093,Vũ Quang Tuấn,MASS,D. Thẻ,Đăng ký trả góp 0% qua thẻ tín dụng,VPBank Financial,"11,202,956 VND",EBANK,2026-02-16 13:18:00
CUST_0093,Vũ Quang Tuấn,MASS,D. Thẻ,Đăng ký trả góp 0% qua thẻ tín dụng,VPBank Financial,"19,766,429 VND",COUNTER,2026-07-27 14:13:00
CUST_0093,Vũ Quang Tuấn,MASS,G. Tín dụng,Xin xác nhận dư nợ / lịch sử trả nợ / xóa nợ xấu,VPBank Financial,"189,552,669 VND",APP,2026-05-04 12:47:00
CUST_0093,Vũ Quang Tuấn,MASS,J. Khách hàng doanh nghiệp,Mở tài khoản thanh toán doanh nghiệp,VPBank Financial,"19,498,860 VND",COUNTER,2026-06-09 12:37:00
CUST_0093,Vũ Quang Tuấn,MASS,A. Tài khoản & Thông tin KH,Xin sao kê tài khoản / xác nhận số dư,VPBank Financial,"10,182,140 VND",ATM,2026-06-03 11:27:00
CUST_0093,Vũ Quang Tuấn,MASS,G. Tín dụng,Tất toán khoản vay trước hạn / giải chấp tài sản,VPBank Financial,"263,408,884 VND",APP,2026-06-15 14:00:00
CUST_0093,Vũ Quang Tuấn,MASS,J. Khách hàng doanh nghiệp,"Mở L/C và thanh toán quốc tế (T/T, D/P, D/A)",VPBank Financial,"2,118,787 VND",COUNTER,2026-07-01 09:48:00
CUST_0093,Vũ Quang Tuấn,MASS,B. Giao dịch tiền mặt,Nộp tiền mặt vào tài khoản của chính mình,VPBank Financial,"9,169,875 VND",APP,2026-06-07 13:33:00
CUST_0093,Vũ Quang Tuấn,MASS,C. Tiết kiệm & Tiền gửi,Gửi tiết kiệm tích lũy / gửi góp định kỳ,VPBank Financial,"85,015,820 VND",APP,2026-07-11 11:00:00
CUST_0093,Vũ Quang Tuấn,MASS,C. Tiết kiệm & Tiền gửi,Cầm cố sổ tiết kiệm để vay vốn,VPBank Financial,"246,759,893 VND",COUNTER,2026-07-22 07:12:00
CUST_0093,Vũ Quang Tuấn,MASS,B. Giao dịch tiền mặt,Rút tiền mặt số lượng lớn (đăng ký trước),VPBank Financial,"2,477,240 VND",ATM,2026-03-08 12:37:00
CUST_0093,Vũ Quang Tuấn,MASS,C. Tiết kiệm & Tiền gửi,Cầm cố sổ tiết kiệm để vay vốn,VPBank Financial,"11,881,544 VND",APP,2026-05-23 09:18:00
CUST_0093,Vũ Quang Tuấn,MASS,I. Ngân hàng số & Hỗ trợ,Đăng ký dịch vụ trả lương qua tài khoản,VPBank Financial,"14,873,499 VND",COUNTER,2026-06-14 10:25:00
CUST_0093,Vũ Quang Tuấn,MASS,I. Ngân hàng số & Hỗ trợ,Lấy số thứ tự và check-in tại quầy,VPBank Financial,"937,206 VND",COUNTER,2026-03-12 11:36:00
CUST_0093,Vũ Quang Tuấn,MASS,J. Khách hàng doanh nghiệp,Mở tài khoản thanh toán doanh nghiệp,VPBank Financial,"14,759,837 VND",COUNTER,2026-06-08 13:55:00
CUST_0068,Đỗ Tuấn Long,MASS,F. Ngoại tệ,Chuyển đổi ngoại tệ giữa các tài khoản (không dùng tiền mặt),VPBank Financial,"22,372,130 VND",COUNTER,2026-05-15 10:44:00
CUST_0068,Đỗ Tuấn Long,MASS,D. Thẻ,Đăng ký trả góp 0% qua thẻ tín dụng,VPBank Financial,"13,400,835 VND",COUNTER,2026-03-02 12:10:00
CUST_0068,Đỗ Tuấn Long,MASS,I. Ngân hàng số & Hỗ trợ,"Đăng ký / hủy SMS Banking, thông báo biến động số dư",VPBank Financial,"6,845,063 VND",APP,2026-04-10 15:22:00
CUST_0068,Đỗ Tuấn Long,MASS,C. Tiết kiệm & Tiền gửi,Tái tục sổ tiết kiệm / chuyển kỳ hạn,VPBank Financial,"136,772,950 VND",COUNTER,2026-02-11 11:35:00
CUST_0068,Đỗ Tuấn Long,MASS,E. Chuyển tiền & Thanh toán,Tra soát lệnh chuyển tiền / yêu cầu hoàn tiền,VPBank Financial,"68,819,031 VND",COUNTER,2026-05-13 12:28:00
CUST_0068,Đỗ Tuấn Long,MASS,J. Khách hàng doanh nghiệp,Chi lương hàng loạt cho nhân viên,VPBank Financial,"6,240,974 VND",COUNTER,2026-05-05 11:50:00
CUST_0068,Đỗ Tuấn Long,MASS,J. Khách hàng doanh nghiệp,Nộp thuế điện tử doanh nghiệp,VPBank Financial,"13,587,915 VND",EBANK,2026-07-03 14:45:00
CUST_0068,Đỗ Tuấn Long,MASS,A. Tài khoản & Thông tin KH,Mở tài khoản đồng sở hữu / ủy quyền sử dụng tài khoản,VPBank Financial,"16,510,140 VND",ATM,2026-04-18 10:43:00
CUST_0068,Đỗ Tuấn Long,MASS,J. Khách hàng doanh nghiệp,Nộp thuế điện tử doanh nghiệp,VPBank Financial,"17,517,195 VND",APP,2026-03-17 14:45:00
CUST_0068,Đỗ Tuấn Long,MASS,C. Tiết kiệm & Tiền gửi,Gửi tiết kiệm tích lũy / gửi góp định kỳ,VPBank Financial,"110,149,754 VND",EBANK,2026-02-24 14:19:00
CUST_0068,Đỗ Tuấn Long,MASS,G. Tín dụng,Tất toán khoản vay trước hạn / giải chấp tài sản,VPBank Financial,"201,891,057 VND",ATM,2026-05-09 14:49:00
CUST_0068,Đỗ Tuấn Long,MASS,C. Tiết kiệm & Tiền gửi,Gửi tiết kiệm tích lũy / gửi góp định kỳ,VPBank Financial,"164,741,022 VND",COUNTER,2026-03-19 12:11:00
CUST_0068,Đỗ Tuấn Long,MASS,G. Tín dụng,Xin xác nhận dư nợ / lịch sử trả nợ / xóa nợ xấu,VPBank Financial,"175,053,784 VND",EBANK,2026-06-28 14:59:00
CUST_0068,Đỗ Tuấn Long,MASS,A. Tài khoản & Thông tin KH,Đóng tài khoản thanh toán,VPBank Financial,"19,502,476 VND",APP,2026-07-25 08:18:00
CUST_0068,Đỗ Tuấn Long,MASS,A. Tài khoản & Thông tin KH,Đăng ký / thay đổi chữ ký mẫu,VPBank Financial,"3,769,745 VND",APP,2026-07-06 15:22:00
CUST_0068,Đỗ Tuấn Long,MASS,H. Bảo hiểm & Đầu tư,Mở tài khoản chứng khoán / đăng ký dịch vụ đầu tư,VPBank Financial,"5,396,635 VND",COUNTER,2026-04-06 14:35:00
CUST_0068,Đỗ Tuấn Long,MASS,J. Khách hàng doanh nghiệp,Đăng ký eBanking doanh nghiệp và phân quyền người dùng,VPBank Financial,"11,528,508 VND",APP,2026-07-06 13:41:00
CUST_0068,Đỗ Tuấn Long,MASS,H. Bảo hiểm & Đầu tư,"Mua bảo hiểm phi nhân thọ (sức khỏe, ô tô, nhà, du lịch)",VPBank Financial,"17,030,789 VND",APP,2026-06-20 14:38:00
CUST_0068,Đỗ Tuấn Long,MASS,C. Tiết kiệm & Tiền gửi,Tái tục sổ tiết kiệm / chuyển kỳ hạn,VPBank Financial,"217,535,378 VND",ATM,2026-05-30 11:55:00
CUST_0068,Đỗ Tuấn Long,MASS,D. Thẻ,Phát hành thẻ ghi nợ quốc tế (Visa/Mastercard Debit),VPBank Financial,"13,709,648 VND",COUNTER,2026-05-06 11:29:00
CUST_0068,Đỗ Tuấn Long,MASS,H. Bảo hiểm & Đầu tư,"Mua bảo hiểm phi nhân thọ (sức khỏe, ô tô, nhà, du lịch)",VPBank Financial,"14,343,496 VND",COUNTER,2026-06-23 09:03:00
CUST_0068,Đỗ Tuấn Long,MASS,A. Tài khoản & Thông tin KH,Xác thực sinh trắc học khuôn mặt / vân tay (QĐ 2345),VPBank Financial,"6,517,072 VND",APP,2026-05-04 11:21:00
CUST_0068,Đỗ Tuấn Long,MASS,G. Tín dụng,Tư vấn và nộp hồ sơ vay tiêu dùng tín chấp,VPBank Financial,"58,459,918 VND",COUNTER,2026-05-27 11:05:00
CUST_0068,Đỗ Tuấn Long,MASS,D. Thẻ,Tra soát / khiếu nại giao dịch thẻ,VPBank Financial,"1,515,839 VND",APP,2026-03-18 12:21:00
CUST_0068,Đỗ Tuấn Long,MASS,H. Bảo hiểm & Đầu tư,Tư vấn và mua bảo hiểm nhân thọ (Bancassurance),VPBank Financial,"15,981,110 VND",APP,2026-04-06 12:14:00
CUST_0068,Đỗ Tuấn Long,MASS,C. Tiết kiệm & Tiền gửi,Chuyển nhượng / thừa kế sổ tiết kiệm,VPBank Financial,"114,973,605 VND",APP,2026-07-13 08:15:00
CUST_0068,Đỗ Tuấn Long,MASS,I. Ngân hàng số & Hỗ trợ,Đăng ký / kích hoạt VPBank NEO (Internet & Mobile Banking),VPBank Financial,"17,994,777 VND",APP,2026-05-17 16:00:00
CUST_0068,Đỗ Tuấn Long,MASS,D. Thẻ,Nhận thẻ và kích hoạt thẻ tại quầy,VPBank Financial,"10,969,189 VND",APP,2026-04-13 12:35:00
CUST_0068,Đỗ Tuấn Long,MASS,J. Khách hàng doanh nghiệp,Chi lương hàng loạt cho nhân viên,VPBank Financial,"4,776,391 VND",COUNTER,2026-04-20 15:02:00
CUST_0068,Đỗ Tuấn Long,MASS,F. Ngoại tệ,Cấp giấy xác nhận mang ngoại tệ ra nước ngoài,VPBank Financial,"5,296,813 VND",ATM,2026-05-04 14:13:00
CUST_0068,Đỗ Tuấn Long,MASS,E. Chuyển tiền & Thanh toán,Chuyển tiền liên ngân hàng (Napas 24/7 / Citad),VPBank Financial,"13,031,617 VND",EBANK,2026-07-08 13:20:00
CUST_0068,Đỗ Tuấn Long,MASS,F. Ngoại tệ,"Mua ngoại tệ tiền mặt (du lịch, du học, công tác, chữa bệnh)",VPBank Financial,"81,916,972 VND",ATM,2026-04-05 09:40:00
CUST_0068,Đỗ Tuấn Long,MASS,A. Tài khoản & Thông tin KH,Mở tài khoản thanh toán ngoại tệ (USD/EUR),VPBank Financial,"9,259,435 VND",COUNTER,2026-03-16 11:36:00
CUST_0068,Đỗ Tuấn Long,MASS,A. Tài khoản & Thông tin KH,Xin sao kê tài khoản / xác nhận số dư,VPBank Financial,"13,670,973 VND",COUNTER,2026-05-10 07:32:00
CUST_0068,Đỗ Tuấn Long,MASS,J. Khách hàng doanh nghiệp,Nộp / rút tiền mặt tài khoản doanh nghiệp,VPBank Financial,"1,522,168 VND",COUNTER,2026-05-18 15:53:00
CUST_0025,Huỳnh Thị Thảo,PRIME,G. Tín dụng,Đăng ký hạn mức thấu chi tài khoản,VPBank Financial,"49,942,889 VND",COUNTER,2026-03-13 09:17:00
CUST_0025,Huỳnh Thị Thảo,PRIME,B. Giao dịch tiền mặt,Rút tiền mặt từ tài khoản,VPBank Financial,"12,991,729 VND",COUNTER,2026-03-05 07:50:00
CUST_0025,Huỳnh Thị Thảo,PRIME,G. Tín dụng,Xin xác nhận dư nợ / lịch sử trả nợ / xóa nợ xấu,VPBank Financial,"177,839,378 VND",APP,2026-03-29 13:55:00
CUST_0025,Huỳnh Thị Thảo,PRIME,C. Tiết kiệm & Tiền gửi,Tái tục sổ tiết kiệm / chuyển kỳ hạn,VPBank Financial,"252,462,881 VND",COUNTER,2026-03-16 13:13:00
CUST_0025,Huỳnh Thị Thảo,PRIME,G. Tín dụng,Tư vấn và nộp hồ sơ vay mua ô tô,VPBank Financial,"111,636,359 VND",ATM,2026-07-18 10:49:00
CUST_0025,Huỳnh Thị Thảo,PRIME,I. Ngân hàng số & Hỗ trợ,Đăng ký nâng hạng khách hàng ưu tiên (VPBank Diamond / Prime),VPBank Financial,"3,871,154 VND",APP,2026-03-26 12:43:00
CUST_0025,Huỳnh Thị Thảo,PRIME,H. Bảo hiểm & Đầu tư,Mua chứng chỉ quỹ / trái phiếu do ngân hàng phân phối,VPBank Financial,"11,262,398 VND",COUNTER,2026-06-03 11:33:00
CUST_0025,Huỳnh Thị Thảo,PRIME,G. Tín dụng,Tư vấn và nộp hồ sơ vay tiêu dùng tín chấp,VPBank Financial,"161,715,863 VND",ATM,2026-02-15 11:31:00
CUST_0025,Huỳnh Thị Thảo,PRIME,C. Tiết kiệm & Tiền gửi,Cầm cố sổ tiết kiệm để vay vốn,VPBank Financial,"89,741,116 VND",COUNTER,2026-03-25 15:46:00
CUST_0025,Huỳnh Thị Thảo,PRIME,C. Tiết kiệm & Tiền gửi,Tái tục sổ tiết kiệm / chuyển kỳ hạn,VPBank Financial,"293,341,239 VND",COUNTER,2026-02-13 07:19:00
CUST_0025,Huỳnh Thị Thảo,PRIME,G. Tín dụng,Xin xác nhận dư nợ / lịch sử trả nợ / xóa nợ xấu,VPBank Financial,"107,977,627 VND",COUNTER,2026-03-31 07:58:00
CUST_0025,Huỳnh Thị Thảo,PRIME,E. Chuyển tiền & Thanh toán,Chuyển tiền trong hệ thống VPBank,VPBank Financial,"45,270,476 VND",APP,2026-05-22 15:09:00
CUST_0025,Huỳnh Thị Thảo,PRIME,D. Thẻ,Phát hành thẻ ghi nợ quốc tế (Visa/Mastercard Debit),VPBank Financial,"13,663,713 VND",APP,2026-04-05 12:22:00
CUST_0025,Huỳnh Thị Thảo,PRIME,I. Ngân hàng số & Hỗ trợ,Reset mật khẩu / cấp lại eToken / đổi thiết bị đăng nhập,VPBank Financial,"616,291 VND",APP,2026-03-22 15:47:00
CUST_0025,Huỳnh Thị Thảo,PRIME,B. Giao dịch tiền mặt,Rút tiền mặt số lượng lớn (đăng ký trước),VPBank Financial,"18,015,542 VND",COUNTER,2026-02-16 09:09:00
CUST_0025,Huỳnh Thị Thảo,PRIME,C. Tiết kiệm & Tiền gửi,Cầm cố sổ tiết kiệm để vay vốn,VPBank Financial,"299,000,691 VND",EBANK,2026-05-05 11:35:00
CUST_0025,Huỳnh Thị Thảo,PRIME,J. Khách hàng doanh nghiệp,Vay vốn lưu động / hạn mức tín dụng doanh nghiệp,VPBank Financial,"19,032,514 VND",ATM,2026-02-21 10:08:00
CUST_0025,Huỳnh Thị Thảo,PRIME,A. Tài khoản & Thông tin KH,Phong tỏa / giải tỏa tài khoản,VPBank Financial,"11,182,897 VND",COUNTER,2026-04-11 12:43:00
CUST_0025,Huỳnh Thị Thảo,PRIME,I. Ngân hàng số & Hỗ trợ,Tiếp nhận khiếu nại / góp ý dịch vụ chung,VPBank Financial,"6,507,549 VND",APP,2026-04-14 11:02:00
CUST_0025,Huỳnh Thị Thảo,PRIME,I. Ngân hàng số & Hỗ trợ,Đăng ký nâng hạng khách hàng ưu tiên (VPBank Diamond / Prime),VPBank Financial,"14,834,237 VND",COUNTER,2026-07-22 11:39:00
CUST_0025,Huỳnh Thị Thảo,PRIME,B. Giao dịch tiền mặt,Nộp tiền mặt vào tài khoản của chính mình,VPBank Financial,"3,465,944 VND",APP,2026-04-13 11:20:00
CUST_0025,Huỳnh Thị Thảo,PRIME,D. Thẻ,Yêu cầu tăng / giảm hạn mức thẻ tín dụng,VPBank Financial,"15,532,336 VND",COUNTER,2026-03-14 13:11:00
CUST_0025,Huỳnh Thị Thảo,PRIME,J. Khách hàng doanh nghiệp,Phát hành thư bảo lãnh ngân hàng,VPBank Financial,"2,722,952 VND",COUNTER,2026-07-02 12:11:00
CUST_0025,Huỳnh Thị Thảo,PRIME,C. Tiết kiệm & Tiền gửi,Tái tục sổ tiết kiệm / chuyển kỳ hạn,VPBank Financial,"161,016,155 VND",EBANK,2026-04-11 15:38:00
CUST_0022,Võ Đức Dũng,MASS,H. Bảo hiểm & Đầu tư,Tư vấn và mua bảo hiểm nhân thọ (Bancassurance),VPBank Financial,"9,037,262 VND",APP,2026-05-26 13:01:00
CUST_0022,Võ Đức Dũng,MASS,C. Tiết kiệm & Tiền gửi,Rút trước hạn sổ tiết kiệm (một phần / toàn bộ),VPBank Financial,"252,137,465 VND",ATM,2026-06-29 08:36:00
CUST_0022,Võ Đức Dũng,MASS,A. Tài khoản & Thông tin KH,Đóng tài khoản thanh toán,VPBank Financial,"9,253,162 VND",APP,2026-03-20 10:35:00
CUST_0022,Võ Đức Dũng,MASS,D. Thẻ,Phát hành thẻ ghi nợ nội địa (ATM/Napas),VPBank Financial,"7,603,987 VND",EBANK,2026-03-16 13:51:00
CUST_0022,Võ Đức Dũng,MASS,C. Tiết kiệm & Tiền gửi,Gửi tiết kiệm ngoại tệ (USD/EUR),VPBank Financial,"24,747,651 VND",COUNTER,2026-02-07 15:31:00
CUST_0022,Võ Đức Dũng,MASS,B. Giao dịch tiền mặt,Nộp tiền mặt vào tài khoản người khác,VPBank Financial,"2,937,654 VND",APP,2026-03-14 15:29:00
CUST_0022,Võ Đức Dũng,MASS,J. Khách hàng doanh nghiệp,Vay vốn lưu động / hạn mức tín dụng doanh nghiệp,VPBank Financial,"5,241,612 VND",EBANK,2026-03-12 10:31:00
CUST_0022,Võ Đức Dũng,MASS,C. Tiết kiệm & Tiền gửi,Cầm cố sổ tiết kiệm để vay vốn,VPBank Financial,"103,616,204 VND",APP,2026-03-11 13:38:00
CUST_0022,Võ Đức Dũng,MASS,J. Khách hàng doanh nghiệp,Vay vốn lưu động / hạn mức tín dụng doanh nghiệp,VPBank Financial,"3,399,998 VND",COUNTER,2026-07-28 08:24:00
CUST_0022,Võ Đức Dũng,MASS,I. Ngân hàng số & Hỗ trợ,Lấy số thứ tự và check-in tại quầy,VPBank Financial,"17,599,253 VND",ATM,2026-07-22 14:53:00
CUST_0022,Võ Đức Dũng,MASS,I. Ngân hàng số & Hỗ trợ,Đăng ký / kích hoạt VPBank NEO (Internet & Mobile Banking),VPBank Financial,"4,681,351 VND",APP,2026-02-04 12:25:00
CUST_0022,Võ Đức Dũng,MASS,D. Thẻ,Phát hành thẻ ghi nợ nội địa (ATM/Napas),VPBank Financial,"14,734,468 VND",APP,2026-04-13 13:39:00
CUST_0022,Võ Đức Dũng,MASS,G. Tín dụng,Tư vấn và nộp hồ sơ vay mua ô tô,VPBank Financial,"25,357,182 VND",APP,2026-07-16 09:39:00
CUST_0022,Võ Đức Dũng,MASS,I. Ngân hàng số & Hỗ trợ,Đăng ký / kích hoạt VPBank NEO (Internet & Mobile Banking),VPBank Financial,"6,254,025 VND",APP,2026-02-28 07:18:00
CUST_0022,Võ Đức Dũng,MASS,C. Tiết kiệm & Tiền gửi,Rút trước hạn sổ tiết kiệm (một phần / toàn bộ),VPBank Financial,"24,348,675 VND",ATM,2026-06-29 09:37:00
CUST_0022,Võ Đức Dũng,MASS,I. Ngân hàng số & Hỗ trợ,Tiếp nhận khiếu nại / góp ý dịch vụ chung,VPBank Financial,"5,456,832 VND",EBANK,2026-04-26 13:25:00
CUST_0022,Võ Đức Dũng,MASS,C. Tiết kiệm & Tiền gửi,Gửi tiết kiệm tích lũy / gửi góp định kỳ,VPBank Financial,"221,699,510 VND",COUNTER,2026-04-13 10:41:00
CUST_0022,Võ Đức Dũng,MASS,B. Giao dịch tiền mặt,Đổi mệnh giá tiền / đổi tiền không đủ tiêu chuẩn lưu thông,VPBank Financial,"15,090,529 VND",APP,2026-04-07 09:00:00
CUST_0022,Võ Đức Dũng,MASS,J. Khách hàng doanh nghiệp,"Mở L/C và thanh toán quốc tế (T/T, D/P, D/A)",VPBank Financial,"16,782,618 VND",ATM,2026-03-30 11:30:00
CUST_0022,Võ Đức Dũng,MASS,D. Thẻ,Phát hành thẻ ghi nợ quốc tế (Visa/Mastercard Debit),VPBank Financial,"10,969,318 VND",COUNTER,2026-03-04 10:27:00
CUST_0022,Võ Đức Dũng,MASS,G. Tín dụng,Tư vấn và nộp hồ sơ vay mua/sửa nhà (thế chấp bất động sản),VPBank Financial,"11,746,392 VND",COUNTER,2026-02-26 12:25:00
CUST_0022,Võ Đức Dũng,MASS,G. Tín dụng,Tư vấn và nộp hồ sơ vay tiêu dùng tín chấp,VPBank Financial,"234,757,266 VND",APP,2026-05-11 12:00:00
CUST_0022,Võ Đức Dũng,MASS,I. Ngân hàng số & Hỗ trợ,Đăng ký / kích hoạt VPBank NEO (Internet & Mobile Banking),VPBank Financial,"10,606,605 VND",COUNTER,2026-03-28 10:41:00
CUST_0022,Võ Đức Dũng,MASS,H. Bảo hiểm & Đầu tư,Mua chứng chỉ quỹ / trái phiếu do ngân hàng phân phối,VPBank Financial,"19,165,797 VND",COUNTER,2026-02-27 08:59:00
CUST_0022,Võ Đức Dũng,MASS,B. Giao dịch tiền mặt,Đổi mệnh giá tiền / đổi tiền không đủ tiêu chuẩn lưu thông,VPBank Financial,"13,716,308 VND",COUNTER,2026-06-14 14:45:00
CUST_0022,Võ Đức Dũng,MASS,E. Chuyển tiền & Thanh toán,Chuyển tiền liên ngân hàng (Napas 24/7 / Citad),VPBank Financial,"56,478,691 VND",COUNTER,2026-02-15 13:48:00
CUST_0022,Võ Đức Dũng,MASS,G. Tín dụng,Tất toán khoản vay trước hạn / giải chấp tài sản,VPBank Financial,"189,193,153 VND",ATM,2026-07-11 13:54:00
CUST_0022,Võ Đức Dũng,MASS,J. Khách hàng doanh nghiệp,Mở tài khoản thanh toán doanh nghiệp,VPBank Financial,"14,869,080 VND",COUNTER,2026-06-26 11:05:00
CUST_0036,Lê Thanh Em,MASS,E. Chuyển tiền & Thanh toán,Nhận tiền chuyển đến từ nước ngoài / chi trả kiều hối,VPBank Financial,"20,982,475 VND",COUNTER,2026-06-09 09:05:00
CUST_0036,Lê Thanh Em,MASS,J. Khách hàng doanh nghiệp,"Mở L/C và thanh toán quốc tế (T/T, D/P, D/A)",VPBank Financial,"8,432,331 VND",ATM,2026-06-26 13:28:00
CUST_0036,Lê Thanh Em,MASS,A. Tài khoản & Thông tin KH,Phong tỏa / giải tỏa tài khoản,VPBank Financial,"10,324,514 VND",ATM,2026-02-28 12:13:00
CUST_0036,Lê Thanh Em,MASS,C. Tiết kiệm & Tiền gửi,Chuyển nhượng / thừa kế sổ tiết kiệm,VPBank Financial,"103,055,606 VND",APP,2026-02-14 11:16:00
CUST_0036,Lê Thanh Em,MASS,B. Giao dịch tiền mặt,Nộp tiền mặt vào tài khoản người khác,VPBank Financial,"9,042,666 VND",COUNTER,2026-07-16 10:56:00
CUST_0036,Lê Thanh Em,MASS,E. Chuyển tiền & Thanh toán,Nhận tiền chuyển đến từ nước ngoài / chi trả kiều hối,VPBank Financial,"37,203,393 VND",COUNTER,2026-07-28 10:04:00
CUST_0036,Lê Thanh Em,MASS,C. Tiết kiệm & Tiền gửi,Tất toán sổ tiết kiệm đúng hạn,VPBank Financial,"291,611,013 VND",EBANK,2026-06-20 11:42:00
CUST_0036,Lê Thanh Em,MASS,C. Tiết kiệm & Tiền gửi,Gửi tiết kiệm ngoại tệ (USD/EUR),VPBank Financial,"58,902,181 VND",EBANK,2026-03-20 09:23:00
CUST_0036,Lê Thanh Em,MASS,I. Ngân hàng số & Hỗ trợ,Reset mật khẩu / cấp lại eToken / đổi thiết bị đăng nhập,VPBank Financial,"13,910,319 VND",APP,2026-05-09 08:05:00
CUST_0036,Lê Thanh Em,MASS,G. Tín dụng,Tư vấn và nộp hồ sơ vay mua ô tô,VPBank Financial,"297,019,638 VND",COUNTER,2026-04-16 07:20:00
CUST_0036,Lê Thanh Em,MASS,H. Bảo hiểm & Đầu tư,"Mua bảo hiểm phi nhân thọ (sức khỏe, ô tô, nhà, du lịch)",VPBank Financial,"17,701,256 VND",EBANK,2026-06-26 07:41:00
CUST_0036,Lê Thanh Em,MASS,D. Thẻ,Thanh toán sao kê thẻ tín dụng tại quầy,VPBank Financial,"5,052,919 VND",APP,2026-02-13 10:36:00
CUST_0036,Lê Thanh Em,MASS,D. Thẻ,Phát hành thẻ ghi nợ nội địa (ATM/Napas),VPBank Financial,"19,045,791 VND",EBANK,2026-05-12 11:18:00
CUST_0036,Lê Thanh Em,MASS,C. Tiết kiệm & Tiền gửi,Gửi tiết kiệm ngoại tệ (USD/EUR),VPBank Financial,"292,978,908 VND",COUNTER,2026-05-19 14:49:00
CUST_0036,Lê Thanh Em,MASS,G. Tín dụng,Trả nợ gốc / lãi khoản vay tại quầy,VPBank Financial,"212,066,859 VND",COUNTER,2026-03-20 15:33:00
CUST_0036,Lê Thanh Em,MASS,I. Ngân hàng số & Hỗ trợ,Đăng ký nâng hạng khách hàng ưu tiên (VPBank Diamond / Prime),VPBank Financial,"3,926,546 VND",APP,2026-03-16 10:53:00
CUST_0036,Lê Thanh Em,MASS,J. Khách hàng doanh nghiệp,Đăng ký eBanking doanh nghiệp và phân quyền người dùng,VPBank Financial,"4,630,892 VND",ATM,2026-02-04 08:58:00
CUST_0036,Lê Thanh Em,MASS,C. Tiết kiệm & Tiền gửi,Rút trước hạn sổ tiết kiệm (một phần / toàn bộ),VPBank Financial,"227,994,728 VND",APP,2026-05-12 10:25:00
CUST_0036,Lê Thanh Em,MASS,F. Ngoại tệ,Chuyển đổi ngoại tệ giữa các tài khoản (không dùng tiền mặt),VPBank Financial,"92,762,071 VND",ATM,2026-04-24 15:24:00
CUST_0036,Lê Thanh Em,MASS,B. Giao dịch tiền mặt,Rút tiền mặt số lượng lớn (đăng ký trước),VPBank Financial,"19,957,767 VND",COUNTER,2026-02-25 08:21:00
CUST_0036,Lê Thanh Em,MASS,A. Tài khoản & Thông tin KH,Mở tài khoản thanh toán ngoại tệ (USD/EUR),VPBank Financial,"18,704,398 VND",COUNTER,2026-02-05 13:08:00
CUST_0036,Lê Thanh Em,MASS,E. Chuyển tiền & Thanh toán,Chuyển tiền liên ngân hàng (Napas 24/7 / Citad),VPBank Financial,"23,113,515 VND",ATM,2026-04-17 11:41:00
CUST_0036,Lê Thanh Em,MASS,G. Tín dụng,Tư vấn và nộp hồ sơ vay mua/sửa nhà (thế chấp bất động sản),VPBank Financial,"58,219,567 VND",ATM,2026-06-14 13:38:00
CUST_0036,Lê Thanh Em,MASS,B. Giao dịch tiền mặt,Nộp tiền mặt vào tài khoản của chính mình,VPBank Financial,"7,104,601 VND",ATM,2026-06-11 09:07:00
CUST_0036,Lê Thanh Em,MASS,F. Ngoại tệ,"Mua ngoại tệ tiền mặt (du lịch, du học, công tác, chữa bệnh)",VPBank Financial,"39,319,864 VND",COUNTER,2026-06-05 14:44:00
CUST_0036,Lê Thanh Em,MASS,D. Thẻ,Phát hành thẻ ghi nợ quốc tế (Visa/Mastercard Debit),VPBank Financial,"2,452,482 VND",APP,2026-04-25 13:01:00
CUST_0036,Lê Thanh Em,MASS,C. Tiết kiệm & Tiền gửi,Gửi tiết kiệm ngoại tệ (USD/EUR),VPBank Financial,"32,103,334 VND",APP,2026-05-15 09:06:00
CUST_0036,Lê Thanh Em,MASS,A. Tài khoản & Thông tin KH,Xác thực sinh trắc học khuôn mặt / vân tay (QĐ 2345),VPBank Financial,"9,425,973 VND",APP,2026-07-09 14:08:00
CUST_0036,Lê Thanh Em,MASS,H. Bảo hiểm & Đầu tư,Đóng phí bảo hiểm định kỳ tại quầy,VPBank Financial,"14,850,192 VND",APP,2026-02-21 15:20:00
CUST_0036,Lê Thanh Em,MASS,D. Thẻ,Yêu cầu tăng / giảm hạn mức thẻ tín dụng,VPBank Financial,"1,604,084 VND",COUNTER,2026-07-11 10:50:00
CUST_0008,Hoàng Văn Sơn,PRIME,A. Tài khoản & Thông tin KH,Đóng tài khoản thanh toán,VPBank Financial,"8,356,542 VND",EBANK,2026-02-27 08:23:00
CUST_0008,Hoàng Văn Sơn,PRIME,A. Tài khoản & Thông tin KH,Mở tài khoản số đẹp / số theo yêu cầu,VPBank Financial,"16,077,896 VND",ATM,2026-05-07 15:25:00
CUST_0008,Hoàng Văn Sơn,PRIME,B. Giao dịch tiền mặt,Rút tiền mặt từ tài khoản,VPBank Financial,"8,676,843 VND",COUNTER,2026-06-21 10:35:00
CUST_0008,Hoàng Văn Sơn,PRIME,A. Tài khoản & Thông tin KH,Phong tỏa / giải tỏa tài khoản,VPBank Financial,"878,975 VND",APP,2026-05-21 09:27:00
CUST_0008,Hoàng Văn Sơn,PRIME,A. Tài khoản & Thông tin KH,Mở tài khoản đồng sở hữu / ủy quyền sử dụng tài khoản,VPBank Financial,"17,434,134 VND",COUNTER,2026-07-17 12:04:00
CUST_0008,Hoàng Văn Sơn,PRIME,A. Tài khoản & Thông tin KH,Xin sao kê tài khoản / xác nhận số dư,VPBank Financial,"16,563,016 VND",APP,2026-04-10 08:07:00
CUST_0008,Hoàng Văn Sơn,PRIME,J. Khách hàng doanh nghiệp,Mở tài khoản thanh toán doanh nghiệp,VPBank Financial,"6,191,921 VND",APP,2026-07-02 13:53:00
CUST_0008,Hoàng Văn Sơn,PRIME,C. Tiết kiệm & Tiền gửi,Tất toán sổ tiết kiệm đúng hạn,VPBank Financial,"217,896,411 VND",APP,2026-06-11 08:27:00
CUST_0008,Hoàng Văn Sơn,PRIME,A. Tài khoản & Thông tin KH,Xin sao kê tài khoản / xác nhận số dư,VPBank Financial,"3,369,904 VND",COUNTER,2026-07-27 12:13:00
CUST_0008,Hoàng Văn Sơn,PRIME,J. Khách hàng doanh nghiệp,Nộp thuế điện tử doanh nghiệp,VPBank Financial,"15,408,114 VND",ATM,2026-07-31 07:23:00
CUST_0008,Hoàng Văn Sơn,PRIME,C. Tiết kiệm & Tiền gửi,Tái tục sổ tiết kiệm / chuyển kỳ hạn,VPBank Financial,"250,295,779 VND",APP,2026-06-19 11:58:00
CUST_0008,Hoàng Văn Sơn,PRIME,C. Tiết kiệm & Tiền gửi,Gửi tiết kiệm ngoại tệ (USD/EUR),VPBank Financial,"51,814,945 VND",COUNTER,2026-06-04 15:13:00
CUST_0008,Hoàng Văn Sơn,PRIME,C. Tiết kiệm & Tiền gửi,Gửi tiết kiệm tích lũy / gửi góp định kỳ,VPBank Financial,"102,992,771 VND",ATM,2026-04-13 14:51:00
CUST_0008,Hoàng Văn Sơn,PRIME,E. Chuyển tiền & Thanh toán,Tra soát lệnh chuyển tiền / yêu cầu hoàn tiền,VPBank Financial,"31,195,895 VND",COUNTER,2026-03-17 13:49:00
CUST_0008,Hoàng Văn Sơn,PRIME,E. Chuyển tiền & Thanh toán,Tra soát lệnh chuyển tiền / yêu cầu hoàn tiền,VPBank Financial,"68,600,695 VND",EBANK,2026-02-06 14:39:00
CUST_0008,Hoàng Văn Sơn,PRIME,J. Khách hàng doanh nghiệp,Mở tài khoản thanh toán doanh nghiệp,VPBank Financial,"2,167,779 VND",ATM,2026-02-02 07:14:00
CUST_0008,Hoàng Văn Sơn,PRIME,I. Ngân hàng số & Hỗ trợ,"Đăng ký / hủy SMS Banking, thông báo biến động số dư",VPBank Financial,"9,742,497 VND",COUNTER,2026-03-13 14:43:00
CUST_0008,Hoàng Văn Sơn,PRIME,B. Giao dịch tiền mặt,Rút tiền mặt số lượng lớn (đăng ký trước),VPBank Financial,"12,960,665 VND",EBANK,2026-05-02 15:02:00
CUST_0008,Hoàng Văn Sơn,PRIME,I. Ngân hàng số & Hỗ trợ,Đăng ký dịch vụ trả lương qua tài khoản,VPBank Financial,"3,292,690 VND",APP,2026-02-15 15:03:00
CUST_0008,Hoàng Văn Sơn,PRIME,B. Giao dịch tiền mặt,Rút tiền mặt từ tài khoản,VPBank Financial,"18,685,863 VND",COUNTER,2026-04-24 14:48:00
CUST_0001,Phan Đức Phong,MASS,I. Ngân hàng số & Hỗ trợ,"Đăng ký / hủy SMS Banking, thông báo biến động số dư",VPBank Financial,"1,756,809 VND",COUNTER,2026-07-03 14:49:00
CUST_0001,Phan Đức Phong,MASS,D. Thẻ,Nhận thẻ và kích hoạt thẻ tại quầy,VPBank Financial,"16,192,507 VND",COUNTER,2026-03-28 15:37:00
CUST_0001,Phan Đức Phong,MASS,D. Thẻ,Thanh toán sao kê thẻ tín dụng tại quầy,VPBank Financial,"9,851,863 VND",COUNTER,2026-03-23 15:42:00
CUST_0001,Phan Đức Phong,MASS,D. Thẻ,Đăng ký trả góp 0% qua thẻ tín dụng,VPBank Financial,"8,755,901 VND",EBANK,2026-06-22 11:44:00
CUST_0001,Phan Đức Phong,MASS,A. Tài khoản & Thông tin KH,Đóng tài khoản thanh toán,VPBank Financial,"17,218,159 VND",APP,2026-04-23 10:03:00
CUST_0001,Phan Đức Phong,MASS,D. Thẻ,Đăng ký trả góp 0% qua thẻ tín dụng,VPBank Financial,"14,369,584 VND",ATM,2026-03-19 11:09:00
CUST_0001,Phan Đức Phong,MASS,D. Thẻ,Nộp hồ sơ mở thẻ tín dụng,VPBank Financial,"10,157,303 VND",APP,2026-03-22 15:44:00
CUST_0001,Phan Đức Phong,MASS,I. Ngân hàng số & Hỗ trợ,"Đăng ký / hủy SMS Banking, thông báo biến động số dư",VPBank Financial,"19,470,947 VND",COUNTER,2026-02-15 13:30:00
CUST_0001,Phan Đức Phong,MASS,B. Giao dịch tiền mặt,Rút tiền mặt số lượng lớn (đăng ký trước),VPBank Financial,"16,842,610 VND",ATM,2026-06-26 10:39:00
CUST_0001,Phan Đức Phong,MASS,A. Tài khoản & Thông tin KH,Mở tài khoản đồng sở hữu / ủy quyền sử dụng tài khoản,VPBank Financial,"6,714,116 VND",APP,2026-03-03 14:47:00
CUST_0001,Phan Đức Phong,MASS,A. Tài khoản & Thông tin KH,Xác thực sinh trắc học khuôn mặt / vân tay (QĐ 2345),VPBank Financial,"10,429,739 VND",COUNTER,2026-06-09 14:49:00
CUST_0001,Phan Đức Phong,MASS,I. Ngân hàng số & Hỗ trợ,"Đăng ký / hủy SMS Banking, thông báo biến động số dư",VPBank Financial,"19,396,744 VND",COUNTER,2026-04-21 13:10:00
CUST_0001,Phan Đức Phong,MASS,D. Thẻ,Đăng ký trả góp 0% qua thẻ tín dụng,VPBank Financial,"11,465,607 VND",ATM,2026-04-04 08:03:00
CUST_0001,Phan Đức Phong,MASS,I. Ngân hàng số & Hỗ trợ,Reset mật khẩu / cấp lại eToken / đổi thiết bị đăng nhập,VPBank Financial,"12,248,124 VND",ATM,2026-05-06 07:43:00
CUST_0001,Phan Đức Phong,MASS,H. Bảo hiểm & Đầu tư,"Mua bảo hiểm phi nhân thọ (sức khỏe, ô tô, nhà, du lịch)",VPBank Financial,"14,714,029 VND",APP,2026-04-19 14:37:00
CUST_0001,Phan Đức Phong,MASS,C. Tiết kiệm & Tiền gửi,Gửi tiết kiệm tích lũy / gửi góp định kỳ,VPBank Financial,"122,566,820 VND",COUNTER,2026-04-27 11:15:00
CUST_0001,Phan Đức Phong,MASS,G. Tín dụng,Xin xác nhận dư nợ / lịch sử trả nợ / xóa nợ xấu,VPBank Financial,"258,657,182 VND",APP,2026-02-02 12:46:00
CUST_0001,Phan Đức Phong,MASS,D. Thẻ,Nhận thẻ và kích hoạt thẻ tại quầy,VPBank Financial,"12,405,887 VND",EBANK,2026-03-30 16:00:00
CUST_0001,Phan Đức Phong,MASS,E. Chuyển tiền & Thanh toán,"Chuyển tiền quốc tế đi (du học, chữa bệnh, trợ cấp thân nhân, công tác)",VPBank Financial,"78,995,243 VND",COUNTER,2026-03-12 09:06:00
CUST_0001,Phan Đức Phong,MASS,D. Thẻ,"Khóa / mở khóa thẻ, báo mất và phát hành lại",VPBank Financial,"15,054,594 VND",COUNTER,2026-03-26 09:57:00
CUST_0001,Phan Đức Phong,MASS,C. Tiết kiệm & Tiền gửi,Rút trước hạn sổ tiết kiệm (một phần / toàn bộ),VPBank Financial,"197,138,894 VND",COUNTER,2026-04-15 12:35:00
CUST_0001,Phan Đức Phong,MASS,D. Thẻ,Phát hành thẻ ghi nợ quốc tế (Visa/Mastercard Debit),VPBank Financial,"7,200,355 VND",EBANK,2026-03-09 07:55:00
CUST_0001,Phan Đức Phong,MASS,I. Ngân hàng số & Hỗ trợ,Đăng ký dịch vụ trả lương qua tài khoản,VPBank Financial,"15,527,782 VND",COUNTER,2026-05-31 12:50:00
CUST_0001,Phan Đức Phong,MASS,C. Tiết kiệm & Tiền gửi,Báo mất / cấp lại sổ tiết kiệm,VPBank Financial,"127,401,319 VND",COUNTER,2026-06-29 15:34:00
CUST_0001,Phan Đức Phong,MASS,E. Chuyển tiền & Thanh toán,"Thanh toán hóa đơn (điện, nước, viễn thông, học phí, bảo hiểm)",VPBank Financial,"16,608,692 VND",APP,2026-07-01 12:52:00
CUST_0001,Phan Đức Phong,MASS,D. Thẻ,"Khóa / mở khóa thẻ, báo mất và phát hành lại",VPBank Financial,"12,227,229 VND",EBANK,2026-02-19 08:13:00
CUST_0078,Huỳnh Kim Cường,MASS,D. Thẻ,Nhận thẻ và kích hoạt thẻ tại quầy,VPBank Financial,"15,534,815 VND",COUNTER,2026-06-13 07:44:00
CUST_0078,Huỳnh Kim Cường,MASS,B. Giao dịch tiền mặt,Đổi mệnh giá tiền / đổi tiền không đủ tiêu chuẩn lưu thông,VPBank Financial,"814,926 VND",APP,2026-04-19 12:22:00
CUST_0078,Huỳnh Kim Cường,MASS,G. Tín dụng,Tất toán khoản vay trước hạn / giải chấp tài sản,VPBank Financial,"123,169,179 VND",APP,2026-03-22 14:17:00
CUST_0078,Huỳnh Kim Cường,MASS,D. Thẻ,"Khóa / mở khóa thẻ, báo mất và phát hành lại",VPBank Financial,"15,147,664 VND",EBANK,2026-03-09 09:15:00
CUST_0078,Huỳnh Kim Cường,MASS,C. Tiết kiệm & Tiền gửi,Gửi tiết kiệm tích lũy / gửi góp định kỳ,VPBank Financial,"190,538,627 VND",COUNTER,2026-06-14 15:08:00
CUST_0078,Huỳnh Kim Cường,MASS,A. Tài khoản & Thông tin KH,Đóng tài khoản thanh toán,VPBank Financial,"10,538,105 VND",APP,2026-03-13 12:26:00
CUST_0078,Huỳnh Kim Cường,MASS,E. Chuyển tiền & Thanh toán,"Thanh toán hóa đơn (điện, nước, viễn thông, học phí, bảo hiểm)",VPBank Financial,"5,412,686 VND",APP,2026-05-11 13:17:00
CUST_0078,Huỳnh Kim Cường,MASS,E. Chuyển tiền & Thanh toán,Nộp thuế / phí lệ phí nhà nước,VPBank Financial,"64,149,473 VND",APP,2026-03-01 07:58:00
CUST_0078,Huỳnh Kim Cường,MASS,H. Bảo hiểm & Đầu tư,"Mua bảo hiểm phi nhân thọ (sức khỏe, ô tô, nhà, du lịch)",VPBank Financial,"12,964,511 VND",COUNTER,2026-04-18 12:25:00
CUST_0078,Huỳnh Kim Cường,MASS,E. Chuyển tiền & Thanh toán,Đăng ký ủy nhiệm chi / chuyển tiền định kỳ tự động,VPBank Financial,"42,306,416 VND",APP,2026-02-09 15:01:00
CUST_0078,Huỳnh Kim Cường,MASS,E. Chuyển tiền & Thanh toán,"Chuyển tiền quốc tế đi (du học, chữa bệnh, trợ cấp thân nhân, công tác)",VPBank Financial,"39,794,036 VND",APP,2026-03-16 07:33:00
CUST_0078,Huỳnh Kim Cường,MASS,E. Chuyển tiền & Thanh toán,Nộp thuế / phí lệ phí nhà nước,VPBank Financial,"86,617,384 VND",COUNTER,2026-04-04 15:08:00
CUST_0078,Huỳnh Kim Cường,MASS,H. Bảo hiểm & Đầu tư,Hỗ trợ hồ sơ yêu cầu bồi thường bảo hiểm,VPBank Financial,"7,713,019 VND",ATM,2026-03-29 08:12:00
CUST_0078,Huỳnh Kim Cường,MASS,H. Bảo hiểm & Đầu tư,Mở tài khoản chứng khoán / đăng ký dịch vụ đầu tư,VPBank Financial,"6,945,392 VND",COUNTER,2026-02-23 10:12:00
CUST_0078,Huỳnh Kim Cường,MASS,B. Giao dịch tiền mặt,Rút tiền mặt từ tài khoản,VPBank Financial,"17,320,620 VND",EBANK,2026-04-09 12:02:00
CUST_0078,Huỳnh Kim Cường,MASS,D. Thẻ,Thanh toán sao kê thẻ tín dụng tại quầy,VPBank Financial,"2,497,858 VND",COUNTER,2026-04-23 14:21:00
CUST_0078,Huỳnh Kim Cường,MASS,H. Bảo hiểm & Đầu tư,Hỗ trợ hồ sơ yêu cầu bồi thường bảo hiểm,VPBank Financial,"9,729,945 VND",APP,2026-07-03 10:02:00
CUST_0078,Huỳnh Kim Cường,MASS,B. Giao dịch tiền mặt,Nộp tiền mặt vào tài khoản người khác,VPBank Financial,"1,694,463 VND",COUNTER,2026-03-30 15:29:00
CUST_0078,Huỳnh Kim Cường,MASS,A. Tài khoản & Thông tin KH,Mở tài khoản số đẹp / số theo yêu cầu,VPBank Financial,"10,336,331 VND",APP,2026-02-21 09:57:00
CUST_0078,Huỳnh Kim Cường,MASS,H. Bảo hiểm & Đầu tư,Tư vấn và mua bảo hiểm nhân thọ (Bancassurance),VPBank Financial,"17,398,820 VND",ATM,2026-04-13 12:43:00
CUST_0078,Huỳnh Kim Cường,MASS,J. Khách hàng doanh nghiệp,Chi lương hàng loạt cho nhân viên,VPBank Financial,"12,864,970 VND",COUNTER,2026-02-21 13:27:00
CUST_0078,Huỳnh Kim Cường,MASS,E. Chuyển tiền & Thanh toán,Chuyển tiền liên ngân hàng (Napas 24/7 / Citad),VPBank Financial,"90,988,504 VND",APP,2026-07-26 14:39:00
CUST_0078,Huỳnh Kim Cường,MASS,D. Thẻ,Thanh toán sao kê thẻ tín dụng tại quầy,VPBank Financial,"10,730,533 VND",APP,2026-07-02 14:16:00
CUST_0078,Huỳnh Kim Cường,MASS,J. Khách hàng doanh nghiệp,"Mở L/C và thanh toán quốc tế (T/T, D/P, D/A)",VPBank Financial,"4,066,408 VND",COUNTER,2026-04-04 07:08:00
CUST_0078,Huỳnh Kim Cường,MASS,C. Tiết kiệm & Tiền gửi,Chuyển nhượng / thừa kế sổ tiết kiệm,VPBank Financial,"236,993,356 VND",APP,2026-05-18 07:33:00
CUST_0078,Huỳnh Kim Cường,MASS,F. Ngoại tệ,Chuyển đổi ngoại tệ giữa các tài khoản (không dùng tiền mặt),VPBank Financial,"27,532,524 VND",APP,2026-04-30 07:48:00
CUST_0078,Huỳnh Kim Cường,MASS,D. Thẻ,"Khóa / mở khóa thẻ, báo mất và phát hành lại",VPBank Financial,"9,864,053 VND",COUNTER,2026-06-22 07:15:00
CUST_0078,Huỳnh Kim Cường,MASS,E. Chuyển tiền & Thanh toán,Đăng ký ủy nhiệm chi / chuyển tiền định kỳ tự động,VPBank Financial,"63,742,330 VND",COUNTER,2026-02-22 13:57:00
CUST_0078,Huỳnh Kim Cường,MASS,E. Chuyển tiền & Thanh toán,Đăng ký ủy nhiệm chi / chuyển tiền định kỳ tự động,VPBank Financial,"98,033,500 VND",APP,2026-06-27 10:41:00
CUST_0113,Bùi Thanh Bình,MASS,J. Khách hàng doanh nghiệp,Vay vốn lưu động / hạn mức tín dụng doanh nghiệp,VPBank Financial,"780,129 VND",APP,2026-03-05 11:56:00
CUST_0113,Bùi Thanh Bình,MASS,C. Tiết kiệm & Tiền gửi,Tái tục sổ tiết kiệm / chuyển kỳ hạn,VPBank Financial,"84,885,776 VND",COUNTER,2026-02-04 12:13:00
CUST_0113,Bùi Thanh Bình,MASS,J. Khách hàng doanh nghiệp,Phát hành thư bảo lãnh ngân hàng,VPBank Financial,"19,436,024 VND",COUNTER,2026-02-02 12:27:00
CUST_0113,Bùi Thanh Bình,MASS,D. Thẻ,Phát hành thẻ ghi nợ quốc tế (Visa/Mastercard Debit),VPBank Financial,"2,153,968 VND",APP,2026-07-09 15:12:00
CUST_0113,Bùi Thanh Bình,MASS,J. Khách hàng doanh nghiệp,Phát hành thư bảo lãnh ngân hàng,VPBank Financial,"1,504,665 VND",COUNTER,2026-02-25 08:45:00
CUST_0113,Bùi Thanh Bình,MASS,A. Tài khoản & Thông tin KH,Mở tài khoản đồng sở hữu / ủy quyền sử dụng tài khoản,VPBank Financial,"11,079,894 VND",APP,2026-02-16 10:18:00
CUST_0113,Bùi Thanh Bình,MASS,I. Ngân hàng số & Hỗ trợ,Reset mật khẩu / cấp lại eToken / đổi thiết bị đăng nhập,VPBank Financial,"16,014,010 VND",COUNTER,2026-07-24 15:16:00
CUST_0113,Bùi Thanh Bình,MASS,C. Tiết kiệm & Tiền gửi,Tái tục sổ tiết kiệm / chuyển kỳ hạn,VPBank Financial,"157,437,733 VND",COUNTER,2026-04-23 11:38:00
CUST_0113,Bùi Thanh Bình,MASS,J. Khách hàng doanh nghiệp,"Mở L/C và thanh toán quốc tế (T/T, D/P, D/A)",VPBank Financial,"17,335,502 VND",COUNTER,2026-03-25 13:40:00
CUST_0113,Bùi Thanh Bình,MASS,C. Tiết kiệm & Tiền gửi,Cầm cố sổ tiết kiệm để vay vốn,VPBank Financial,"121,478,590 VND",APP,2026-02-17 08:04:00
CUST_0113,Bùi Thanh Bình,MASS,H. Bảo hiểm & Đầu tư,Tư vấn và mua bảo hiểm nhân thọ (Bancassurance),VPBank Financial,"12,054,955 VND",APP,2026-02-19 09:04:00
CUST_0113,Bùi Thanh Bình,MASS,E. Chuyển tiền & Thanh toán,Nộp thuế / phí lệ phí nhà nước,VPBank Financial,"11,375,304 VND",APP,2026-02-28 11:32:00
CUST_0113,Bùi Thanh Bình,MASS,I. Ngân hàng số & Hỗ trợ,Reset mật khẩu / cấp lại eToken / đổi thiết bị đăng nhập,VPBank Financial,"17,928,994 VND",APP,2026-05-02 07:45:00
CUST_0113,Bùi Thanh Bình,MASS,G. Tín dụng,Trả nợ gốc / lãi khoản vay tại quầy,VPBank Financial,"258,823,961 VND",COUNTER,2026-02-20 13:22:00
CUST_0113,Bùi Thanh Bình,MASS,E. Chuyển tiền & Thanh toán,"Chuyển tiền quốc tế đi (du học, chữa bệnh, trợ cấp thân nhân, công tác)",VPBank Financial,"32,688,346 VND",COUNTER,2026-04-20 12:55:00
CUST_0113,Bùi Thanh Bình,MASS,E. Chuyển tiền & Thanh toán,Chuyển tiền trong hệ thống VPBank,VPBank Financial,"16,176,392 VND",APP,2026-05-22 11:03:00
CUST_0113,Bùi Thanh Bình,MASS,C. Tiết kiệm & Tiền gửi,Tất toán sổ tiết kiệm đúng hạn,VPBank Financial,"197,864,551 VND",COUNTER,2026-07-01 15:06:00
CUST_0113,Bùi Thanh Bình,MASS,D. Thẻ,Nộp hồ sơ mở thẻ tín dụng,VPBank Financial,"17,810,346 VND",EBANK,2026-06-03 14:42:00
CUST_0113,Bùi Thanh Bình,MASS,A. Tài khoản & Thông tin KH,Đăng ký / thay đổi chữ ký mẫu,VPBank Financial,"15,062,875 VND",COUNTER,2026-02-25 07:10:00
CUST_0113,Bùi Thanh Bình,MASS,I. Ngân hàng số & Hỗ trợ,Reset mật khẩu / cấp lại eToken / đổi thiết bị đăng nhập,VPBank Financial,"8,708,076 VND",APP,2026-04-29 11:37:00
CUST_0113,Bùi Thanh Bình,MASS,G. Tín dụng,Tất toán khoản vay trước hạn / giải chấp tài sản,VPBank Financial,"30,281,256 VND",EBANK,2026-02-02 10:17:00
CUST_0113,Bùi Thanh Bình,MASS,E. Chuyển tiền & Thanh toán,Nộp thuế / phí lệ phí nhà nước,VPBank Financial,"61,209,640 VND",APP,2026-03-11 15:22:00
CUST_0113,Bùi Thanh Bình,MASS,A. Tài khoản & Thông tin KH,"Cập nhật thông tin CIF (CCCD, địa chỉ, SĐT, email, nghề nghiệp)",VPBank Financial,"15,901,115 VND",APP,2026-04-11 08:47:00
CUST_0065,Nguyễn Thanh Trang,MASS,A. Tài khoản & Thông tin KH,Mở tài khoản thanh toán VND,VPBank Financial,"11,679,898 VND",COUNTER,2026-04-06 12:16:00
CUST_0065,Nguyễn Thanh Trang,MASS,J. Khách hàng doanh nghiệp,Nộp thuế điện tử doanh nghiệp,VPBank Financial,"10,436,724 VND",APP,2026-02-03 13:18:00
CUST_0065,Nguyễn Thanh Trang,MASS,G. Tín dụng,Xin xác nhận dư nợ / lịch sử trả nợ / xóa nợ xấu,VPBank Financial,"170,753,553 VND",COUNTER,2026-02-24 12:28:00
CUST_0065,Nguyễn Thanh Trang,MASS,A. Tài khoản & Thông tin KH,Mở tài khoản số đẹp / số theo yêu cầu,VPBank Financial,"19,450,148 VND",COUNTER,2026-06-11 10:45:00
CUST_0065,Nguyễn Thanh Trang,MASS,I. Ngân hàng số & Hỗ trợ,Đăng ký / kích hoạt VPBank NEO (Internet & Mobile Banking),VPBank Financial,"3,477,708 VND",APP,2026-07-12 08:27:00
CUST_0065,Nguyễn Thanh Trang,MASS,I. Ngân hàng số & Hỗ trợ,Đăng ký dịch vụ trả lương qua tài khoản,VPBank Financial,"17,821,324 VND",APP,2026-05-14 14:13:00
CUST_0065,Nguyễn Thanh Trang,MASS,A. Tài khoản & Thông tin KH,Xin sao kê tài khoản / xác nhận số dư,VPBank Financial,"2,561,153 VND",EBANK,2026-03-08 14:12:00
CUST_0065,Nguyễn Thanh Trang,MASS,J. Khách hàng doanh nghiệp,Đăng ký eBanking doanh nghiệp và phân quyền người dùng,VPBank Financial,"6,062,673 VND",APP,2026-03-09 14:11:00
CUST_0065,Nguyễn Thanh Trang,MASS,C. Tiết kiệm & Tiền gửi,Gửi tiết kiệm tích lũy / gửi góp định kỳ,VPBank Financial,"157,365,619 VND",COUNTER,2026-07-16 12:46:00
CUST_0065,Nguyễn Thanh Trang,MASS,F. Ngoại tệ,"Mua ngoại tệ tiền mặt (du lịch, du học, công tác, chữa bệnh)",VPBank Financial,"43,464,844 VND",COUNTER,2026-07-12 09:55:00
CUST_0065,Nguyễn Thanh Trang,MASS,C. Tiết kiệm & Tiền gửi,Chuyển nhượng / thừa kế sổ tiết kiệm,VPBank Financial,"97,674,753 VND",ATM,2026-02-24 08:26:00
CUST_0065,Nguyễn Thanh Trang,MASS,F. Ngoại tệ,Bán ngoại tệ tiền mặt cho ngân hàng,VPBank Financial,"43,486,977 VND",ATM,2026-06-04 14:09:00
CUST_0065,Nguyễn Thanh Trang,MASS,B. Giao dịch tiền mặt,Nộp tiền mặt vào tài khoản người khác,VPBank Financial,"6,547,629 VND",COUNTER,2026-06-07 08:40:00
CUST_0065,Nguyễn Thanh Trang,MASS,G. Tín dụng,Tư vấn và nộp hồ sơ vay mua ô tô,VPBank Financial,"222,674,482 VND",APP,2026-07-28 12:53:00
CUST_0065,Nguyễn Thanh Trang,MASS,A. Tài khoản & Thông tin KH,Mở tài khoản số đẹp / số theo yêu cầu,VPBank Financial,"7,698,075 VND",APP,2026-07-10 08:05:00
CUST_0065,Nguyễn Thanh Trang,MASS,H. Bảo hiểm & Đầu tư,Mua chứng chỉ quỹ / trái phiếu do ngân hàng phân phối,VPBank Financial,"14,837,450 VND",APP,2026-03-14 15:57:00
CUST_0065,Nguyễn Thanh Trang,MASS,A. Tài khoản & Thông tin KH,Mở tài khoản đồng sở hữu / ủy quyền sử dụng tài khoản,VPBank Financial,"5,287,581 VND",APP,2026-03-13 12:24:00
CUST_0065,Nguyễn Thanh Trang,MASS,E. Chuyển tiền & Thanh toán,Nộp thuế / phí lệ phí nhà nước,VPBank Financial,"18,781,017 VND",ATM,2026-05-10 10:19:00
CUST_0106,Phạm Văn Hùng,PRIME,A. Tài khoản & Thông tin KH,"Cập nhật thông tin CIF (CCCD, địa chỉ, SĐT, email, nghề nghiệp)",VPBank Financial,"6,327,497 VND",EBANK,2026-04-15 14:19:00
CUST_0106,Phạm Văn Hùng,PRIME,F. Ngoại tệ,"Mua ngoại tệ tiền mặt (du lịch, du học, công tác, chữa bệnh)",VPBank Financial,"39,276,600 VND",APP,2026-05-19 08:18:00
CUST_0106,Phạm Văn Hùng,PRIME,D. Thẻ,Nhận thẻ và kích hoạt thẻ tại quầy,VPBank Financial,"19,989,321 VND",ATM,2026-06-09 13:18:00
CUST_0106,Phạm Văn Hùng,PRIME,I. Ngân hàng số & Hỗ trợ,Thuê két sắt / dịch vụ giữ hộ tài sản,VPBank Financial,"16,195,063 VND",APP,2026-06-02 12:03:00
CUST_0106,Phạm Văn Hùng,PRIME,E. Chuyển tiền & Thanh toán,Nhận tiền chuyển đến từ nước ngoài / chi trả kiều hối,VPBank Financial,"52,797,688 VND",COUNTER,2026-07-31 09:40:00
CUST_0106,Phạm Văn Hùng,PRIME,D. Thẻ,Thanh toán sao kê thẻ tín dụng tại quầy,VPBank Financial,"17,519,924 VND",APP,2026-05-19 15:56:00
CUST_0106,Phạm Văn Hùng,PRIME,I. Ngân hàng số & Hỗ trợ,"Đăng ký / hủy SMS Banking, thông báo biến động số dư",VPBank Financial,"13,350,225 VND",APP,2026-07-05 09:32:00
CUST_0106,Phạm Văn Hùng,PRIME,A. Tài khoản & Thông tin KH,Mở tài khoản đồng sở hữu / ủy quyền sử dụng tài khoản,VPBank Financial,"2,669,009 VND",APP,2026-03-26 10:14:00
CUST_0106,Phạm Văn Hùng,PRIME,E. Chuyển tiền & Thanh toán,Đăng ký ủy nhiệm chi / chuyển tiền định kỳ tự động,VPBank Financial,"66,002,269 VND",COUNTER,2026-04-28 10:45:00
CUST_0106,Phạm Văn Hùng,PRIME,A. Tài khoản & Thông tin KH,Mở tài khoản đồng sở hữu / ủy quyền sử dụng tài khoản,VPBank Financial,"6,639,380 VND",EBANK,2026-03-28 15:48:00
CUST_0106,Phạm Văn Hùng,PRIME,B. Giao dịch tiền mặt,Rút tiền mặt số lượng lớn (đăng ký trước),VPBank Financial,"430,569 VND",APP,2026-03-31 07:18:00
CUST_0106,Phạm Văn Hùng,PRIME,I. Ngân hàng số & Hỗ trợ,Lấy số thứ tự và check-in tại quầy,VPBank Financial,"18,009,171 VND",EBANK,2026-06-29 08:25:00
CUST_0106,Phạm Văn Hùng,PRIME,E. Chuyển tiền & Thanh toán,Nhận tiền chuyển đến từ nước ngoài / chi trả kiều hối,VPBank Financial,"79,096,409 VND",APP,2026-03-07 13:42:00
CUST_0106,Phạm Văn Hùng,PRIME,A. Tài khoản & Thông tin KH,Mở tài khoản số đẹp / số theo yêu cầu,VPBank Financial,"3,977,328 VND",COUNTER,2026-04-02 13:19:00
CUST_0106,Phạm Văn Hùng,PRIME,C. Tiết kiệm & Tiền gửi,Báo mất / cấp lại sổ tiết kiệm,VPBank Financial,"83,571,346 VND",APP,2026-06-18 09:33:00
CUST_0106,Phạm Văn Hùng,PRIME,J. Khách hàng doanh nghiệp,Mở tài khoản thanh toán doanh nghiệp,VPBank Financial,"8,005,991 VND",COUNTER,2026-07-21 10:57:00
CUST_0106,Phạm Văn Hùng,PRIME,I. Ngân hàng số & Hỗ trợ,Thuê két sắt / dịch vụ giữ hộ tài sản,VPBank Financial,"7,092,925 VND",APP,2026-05-08 13:35:00
CUST_0106,Phạm Văn Hùng,PRIME,I. Ngân hàng số & Hỗ trợ,Đăng ký dịch vụ trả lương qua tài khoản,VPBank Financial,"12,115,834 VND",EBANK,2026-06-09 10:44:00
CUST_0106,Phạm Văn Hùng,PRIME,A. Tài khoản & Thông tin KH,Mở tài khoản thanh toán VND,VPBank Financial,"17,148,322 VND",ATM,2026-04-06 14:42:00
CUST_0106,Phạm Văn Hùng,PRIME,D. Thẻ,Tra soát / khiếu nại giao dịch thẻ,VPBank Financial,"18,993,725 VND",APP,2026-05-05 07:48:00
CUST_0106,Phạm Văn Hùng,PRIME,G. Tín dụng,Tư vấn và nộp hồ sơ vay mua/sửa nhà (thế chấp bất động sản),VPBank Financial,"64,195,406 VND",APP,2026-06-30 13:44:00
CUST_0106,Phạm Văn Hùng,PRIME,G. Tín dụng,Đăng ký hạn mức thấu chi tài khoản,VPBank Financial,"209,290,374 VND",ATM,2026-02-17 14:14:00
CUST_0106,Phạm Văn Hùng,PRIME,C. Tiết kiệm & Tiền gửi,Cầm cố sổ tiết kiệm để vay vốn,VPBank Financial,"261,939,655 VND",APP,2026-02-02 12:41:00
CUST_0084,Hoàng Đức Cường,MASS,I. Ngân hàng số & Hỗ trợ,Đăng ký dịch vụ trả lương qua tài khoản,VPBank Financial,"3,625,873 VND",COUNTER,2026-03-01 14:18:00
CUST_0084,Hoàng Đức Cường,MASS,J. Khách hàng doanh nghiệp,Phát hành thư bảo lãnh ngân hàng,VPBank Financial,"6,880,378 VND",COUNTER,2026-04-27 11:04:00
CUST_0084,Hoàng Đức Cường,MASS,I. Ngân hàng số & Hỗ trợ,"Đăng ký / hủy SMS Banking, thông báo biến động số dư",VPBank Financial,"10,352,182 VND",APP,2026-07-16 11:50:00
CUST_0084,Hoàng Đức Cường,MASS,H. Bảo hiểm & Đầu tư,Đóng phí bảo hiểm định kỳ tại quầy,VPBank Financial,"12,342,811 VND",COUNTER,2026-05-27 09:13:00
CUST_0084,Hoàng Đức Cường,MASS,H. Bảo hiểm & Đầu tư,Hỗ trợ hồ sơ yêu cầu bồi thường bảo hiểm,VPBank Financial,"6,033,442 VND",COUNTER,2026-06-28 07:45:00
CUST_0084,Hoàng Đức Cường,MASS,I. Ngân hàng số & Hỗ trợ,Đăng ký dịch vụ trả lương qua tài khoản,VPBank Financial,"16,469,863 VND",COUNTER,2026-05-25 15:33:00
CUST_0084,Hoàng Đức Cường,MASS,C. Tiết kiệm & Tiền gửi,Xác nhận số dư sổ tiết kiệm (chứng minh tài chính),VPBank Financial,"180,774,619 VND",EBANK,2026-02-04 11:02:00
CUST_0084,Hoàng Đức Cường,MASS,A. Tài khoản & Thông tin KH,Đăng ký / thay đổi chữ ký mẫu,VPBank Financial,"2,883,892 VND",COUNTER,2026-02-04 12:49:00
CUST_0084,Hoàng Đức Cường,MASS,H. Bảo hiểm & Đầu tư,Mua chứng chỉ quỹ / trái phiếu do ngân hàng phân phối,VPBank Financial,"17,117,524 VND",APP,2026-04-21 08:24:00
CUST_0084,Hoàng Đức Cường,MASS,D. Thẻ,Phát hành thẻ ghi nợ nội địa (ATM/Napas),VPBank Financial,"6,146,161 VND",EBANK,2026-03-30 15:29:00
CUST_0084,Hoàng Đức Cường,MASS,J. Khách hàng doanh nghiệp,Vay vốn lưu động / hạn mức tín dụng doanh nghiệp,VPBank Financial,"1,268,160 VND",COUNTER,2026-02-19 08:33:00
CUST_0084,Hoàng Đức Cường,MASS,I. Ngân hàng số & Hỗ trợ,Đăng ký nâng hạng khách hàng ưu tiên (VPBank Diamond / Prime),VPBank Financial,"9,957,937 VND",APP,2026-02-27 08:51:00
CUST_0084,Hoàng Đức Cường,MASS,A. Tài khoản & Thông tin KH,Mở tài khoản số đẹp / số theo yêu cầu,VPBank Financial,"15,230,001 VND",APP,2026-06-16 08:25:00
CUST_0084,Hoàng Đức Cường,MASS,C. Tiết kiệm & Tiền gửi,Rút trước hạn sổ tiết kiệm (một phần / toàn bộ),VPBank Financial,"72,319,966 VND",COUNTER,2026-03-15 15:00:00
CUST_0084,Hoàng Đức Cường,MASS,D. Thẻ,Nộp hồ sơ mở thẻ tín dụng,VPBank Financial,"8,660,660 VND",EBANK,2026-06-13 13:13:00
CUST_0084,Hoàng Đức Cường,MASS,I. Ngân hàng số & Hỗ trợ,Đăng ký / kích hoạt VPBank NEO (Internet & Mobile Banking),VPBank Financial,"4,580,460 VND",APP,2026-04-17 13:58:00
CUST_0084,Hoàng Đức Cường,MASS,H. Bảo hiểm & Đầu tư,Mở tài khoản chứng khoán / đăng ký dịch vụ đầu tư,VPBank Financial,"11,032,804 VND",APP,2026-07-25 08:21:00
CUST_0084,Hoàng Đức Cường,MASS,C. Tiết kiệm & Tiền gửi,Xác nhận số dư sổ tiết kiệm (chứng minh tài chính),VPBank Financial,"261,748,447 VND",APP,2026-06-02 08:50:00
CUST_0084,Hoàng Đức Cường,MASS,D. Thẻ,Yêu cầu tăng / giảm hạn mức thẻ tín dụng,VPBank Financial,"18,098,728 VND",ATM,2026-05-22 15:50:00
CUST_0084,Hoàng Đức Cường,MASS,I. Ngân hàng số & Hỗ trợ,Tiếp nhận khiếu nại / góp ý dịch vụ chung,VPBank Financial,"2,749,479 VND",COUNTER,2026-07-18 07:42:00
CUST_0084,Hoàng Đức Cường,MASS,D. Thẻ,"Khóa / mở khóa thẻ, báo mất và phát hành lại",VPBank Financial,"2,432,857 VND",EBANK,2026-02-04 07:14:00
CUST_0084,Hoàng Đức Cường,MASS,H. Bảo hiểm & Đầu tư,Mua chứng chỉ quỹ / trái phiếu do ngân hàng phân phối,VPBank Financial,"19,688,374 VND",APP,2026-02-18 08:50:00
CUST_0031,Đặng Kim Nga,MASS,F. Ngoại tệ,Bán ngoại tệ tiền mặt cho ngân hàng,VPBank Financial,"14,514,725 VND",COUNTER,2026-03-17 15:58:00
CUST_0031,Đặng Kim Nga,MASS,D. Thẻ,Phát hành thẻ ghi nợ quốc tế (Visa/Mastercard Debit),VPBank Financial,"1,390,149 VND",EBANK,2026-02-27 08:46:00
CUST_0031,Đặng Kim Nga,MASS,E. Chuyển tiền & Thanh toán,Nộp thuế / phí lệ phí nhà nước,VPBank Financial,"52,684,813 VND",EBANK,2026-06-14 13:18:00
CUST_0031,Đặng Kim Nga,MASS,H. Bảo hiểm & Đầu tư,Hỗ trợ hồ sơ yêu cầu bồi thường bảo hiểm,VPBank Financial,"9,735,465 VND",APP,2026-04-19 14:31:00
CUST_0031,Đặng Kim Nga,MASS,H. Bảo hiểm & Đầu tư,Tư vấn và mua bảo hiểm nhân thọ (Bancassurance),VPBank Financial,"1,292,100 VND",ATM,2026-03-29 08:53:00
CUST_0031,Đặng Kim Nga,MASS,A. Tài khoản & Thông tin KH,Xin sao kê tài khoản / xác nhận số dư,VPBank Financial,"12,433,760 VND",APP,2026-04-02 11:33:00
CUST_0031,Đặng Kim Nga,MASS,G. Tín dụng,Tư vấn và nộp hồ sơ vay tiêu dùng tín chấp,VPBank Financial,"245,657,665 VND",COUNTER,2026-03-28 11:18:00
CUST_0031,Đặng Kim Nga,MASS,J. Khách hàng doanh nghiệp,"Mở L/C và thanh toán quốc tế (T/T, D/P, D/A)",VPBank Financial,"19,805,797 VND",COUNTER,2026-05-03 08:37:00
CUST_0031,Đặng Kim Nga,MASS,G. Tín dụng,Trả nợ gốc / lãi khoản vay tại quầy,VPBank Financial,"234,354,627 VND",COUNTER,2026-07-30 13:23:00
CUST_0031,Đặng Kim Nga,MASS,A. Tài khoản & Thông tin KH,Mở tài khoản số đẹp / số theo yêu cầu,VPBank Financial,"16,605,064 VND",APP,2026-04-06 13:35:00
CUST_0031,Đặng Kim Nga,MASS,G. Tín dụng,Tư vấn và nộp hồ sơ vay tiêu dùng tín chấp,VPBank Financial,"180,123,661 VND",EBANK,2026-04-23 12:23:00
CUST_0031,Đặng Kim Nga,MASS,C. Tiết kiệm & Tiền gửi,Gửi tiết kiệm tích lũy / gửi góp định kỳ,VPBank Financial,"111,122,390 VND",APP,2026-02-03 12:19:00
CUST_0031,Đặng Kim Nga,MASS,J. Khách hàng doanh nghiệp,Đăng ký eBanking doanh nghiệp và phân quyền người dùng,VPBank Financial,"13,145,035 VND",APP,2026-03-17 11:52:00
CUST_0031,Đặng Kim Nga,MASS,A. Tài khoản & Thông tin KH,"Cập nhật thông tin CIF (CCCD, địa chỉ, SĐT, email, nghề nghiệp)",VPBank Financial,"7,058,593 VND",ATM,2026-02-22 07:39:00
CUST_0031,Đặng Kim Nga,MASS,D. Thẻ,Nhận thẻ và kích hoạt thẻ tại quầy,VPBank Financial,"12,454,663 VND",COUNTER,2026-05-13 14:44:00
CUST_0031,Đặng Kim Nga,MASS,H. Bảo hiểm & Đầu tư,Mở tài khoản chứng khoán / đăng ký dịch vụ đầu tư,VPBank Financial,"9,530,952 VND",COUNTER,2026-03-07 14:16:00
CUST_0031,Đặng Kim Nga,MASS,A. Tài khoản & Thông tin KH,Phong tỏa / giải tỏa tài khoản,VPBank Financial,"5,012,537 VND",APP,2026-07-08 09:28:00
CUST_0031,Đặng Kim Nga,MASS,H. Bảo hiểm & Đầu tư,Mua chứng chỉ quỹ / trái phiếu do ngân hàng phân phối,VPBank Financial,"3,401,805 VND",COUNTER,2026-03-15 12:55:00
CUST_0031,Đặng Kim Nga,MASS,D. Thẻ,Nộp hồ sơ mở thẻ tín dụng,VPBank Financial,"4,411,303 VND",COUNTER,2026-04-10 11:58:00
CUST_0054,Vũ Hữu Cường,MASS,E. Chuyển tiền & Thanh toán,"Thanh toán hóa đơn (điện, nước, viễn thông, học phí, bảo hiểm)",VPBank Financial,"90,916,208 VND",EBANK,2026-02-05 15:12:00
CUST_0054,Vũ Hữu Cường,MASS,A. Tài khoản & Thông tin KH,Mở tài khoản số đẹp / số theo yêu cầu,VPBank Financial,"10,137,017 VND",APP,2026-03-30 11:41:00
CUST_0054,Vũ Hữu Cường,MASS,C. Tiết kiệm & Tiền gửi,Gửi tiết kiệm có kỳ hạn VND tại quầy,VPBank Financial,"185,326,492 VND",APP,2026-07-13 10:26:00
CUST_0054,Vũ Hữu Cường,MASS,H. Bảo hiểm & Đầu tư,Đóng phí bảo hiểm định kỳ tại quầy,VPBank Financial,"14,440,387 VND",ATM,2026-03-03 07:37:00
CUST_0054,Vũ Hữu Cường,MASS,E. Chuyển tiền & Thanh toán,"Chuyển tiền quốc tế đi (du học, chữa bệnh, trợ cấp thân nhân, công tác)",VPBank Financial,"29,900,732 VND",COUNTER,2026-05-19 10:37:00
CUST_0054,Vũ Hữu Cường,MASS,J. Khách hàng doanh nghiệp,Đăng ký eBanking doanh nghiệp và phân quyền người dùng,VPBank Financial,"18,965,385 VND",COUNTER,2026-07-17 09:23:00
CUST_0054,Vũ Hữu Cường,MASS,F. Ngoại tệ,Cấp giấy xác nhận mang ngoại tệ ra nước ngoài,VPBank Financial,"82,905,640 VND",EBANK,2026-04-23 09:31:00
CUST_0054,Vũ Hữu Cường,MASS,F. Ngoại tệ,Chuyển đổi ngoại tệ giữa các tài khoản (không dùng tiền mặt),VPBank Financial,"93,530,755 VND",APP,2026-07-28 14:32:00
CUST_0054,Vũ Hữu Cường,MASS,C. Tiết kiệm & Tiền gửi,Gửi tiết kiệm có kỳ hạn VND tại quầy,VPBank Financial,"15,161,419 VND",APP,2026-02-16 07:51:00
CUST_0054,Vũ Hữu Cường,MASS,C. Tiết kiệm & Tiền gửi,Tất toán sổ tiết kiệm đúng hạn,VPBank Financial,"197,836,287 VND",COUNTER,2026-05-26 15:32:00
CUST_0054,Vũ Hữu Cường,MASS,C. Tiết kiệm & Tiền gửi,Tất toán sổ tiết kiệm đúng hạn,VPBank Financial,"292,346,218 VND",APP,2026-04-17 10:31:00
CUST_0054,Vũ Hữu Cường,MASS,F. Ngoại tệ,"Mua ngoại tệ tiền mặt (du lịch, du học, công tác, chữa bệnh)",VPBank Financial,"43,948,225 VND",COUNTER,2026-02-22 13:47:00
CUST_0054,Vũ Hữu Cường,MASS,C. Tiết kiệm & Tiền gửi,Gửi tiết kiệm tích lũy / gửi góp định kỳ,VPBank Financial,"144,251,827 VND",COUNTER,2026-04-01 12:00:00
CUST_0054,Vũ Hữu Cường,MASS,F. Ngoại tệ,Cấp giấy xác nhận mang ngoại tệ ra nước ngoài,VPBank Financial,"21,857,384 VND",APP,2026-07-31 12:00:00
CUST_0054,Vũ Hữu Cường,MASS,B. Giao dịch tiền mặt,Rút tiền mặt từ tài khoản,VPBank Financial,"10,163,717 VND",COUNTER,2026-04-11 07:01:00
CUST_0054,Vũ Hữu Cường,MASS,D. Thẻ,Phát hành thẻ ghi nợ quốc tế (Visa/Mastercard Debit),VPBank Financial,"19,462,852 VND",COUNTER,2026-04-11 11:13:00
CUST_0054,Vũ Hữu Cường,MASS,D. Thẻ,"Khóa / mở khóa thẻ, báo mất và phát hành lại",VPBank Financial,"8,914,628 VND",APP,2026-04-07 12:36:00
CUST_0054,Vũ Hữu Cường,MASS,F. Ngoại tệ,Chuyển đổi ngoại tệ giữa các tài khoản (không dùng tiền mặt),VPBank Financial,"12,155,404 VND",APP,2026-05-13 15:26:00
CUST_0054,Vũ Hữu Cường,MASS,I. Ngân hàng số & Hỗ trợ,Đăng ký nâng hạng khách hàng ưu tiên (VPBank Diamond / Prime),VPBank Financial,"12,442,599 VND",COUNTER,2026-07-14 09:42:00
CUST_0054,Vũ Hữu Cường,MASS,E. Chuyển tiền & Thanh toán,Nhận tiền chuyển đến từ nước ngoài / chi trả kiều hối,VPBank Financial,"92,345,812 VND",COUNTER,2026-02-15 13:47:00
CUST_0054,Vũ Hữu Cường,MASS,H. Bảo hiểm & Đầu tư,"Mua bảo hiểm phi nhân thọ (sức khỏe, ô tô, nhà, du lịch)",VPBank Financial,"8,329,589 VND",COUNTER,2026-04-29 11:25:00
CUST_0054,Vũ Hữu Cường,MASS,F. Ngoại tệ,"Mua ngoại tệ tiền mặt (du lịch, du học, công tác, chữa bệnh)",VPBank Financial,"89,697,255 VND",EBANK,2026-02-02 11:45:00
CUST_0054,Vũ Hữu Cường,MASS,A. Tài khoản & Thông tin KH,Phong tỏa / giải tỏa tài khoản,VPBank Financial,"2,327,934 VND",APP,2026-02-12 07:02:00
CUST_0054,Vũ Hữu Cường,MASS,A. Tài khoản & Thông tin KH,Mở tài khoản thanh toán VND,VPBank Financial,"14,910,987 VND",COUNTER,2026-04-17 09:46:00
CUST_0054,Vũ Hữu Cường,MASS,G. Tín dụng,Đăng ký hạn mức thấu chi tài khoản,VPBank Financial,"124,753,915 VND",APP,2026-06-19 12:14:00
CUST_0054,Vũ Hữu Cường,MASS,D. Thẻ,Nộp hồ sơ mở thẻ tín dụng,VPBank Financial,"10,402,537 VND",COUNTER,2026-07-07 12:10:00
CUST_0054,Vũ Hữu Cường,MASS,J. Khách hàng doanh nghiệp,Phát hành thư bảo lãnh ngân hàng,VPBank Financial,"1,770,189 VND",COUNTER,2026-04-07 13:42:00
CUST_0053,Phạm Ngọc Hùng,PRIME,E. Chuyển tiền & Thanh toán,Chuyển tiền trong hệ thống VPBank,VPBank Financial,"83,039,769 VND",COUNTER,2026-05-25 12:09:00
CUST_0053,Phạm Ngọc Hùng,PRIME,B. Giao dịch tiền mặt,Rút tiền mặt số lượng lớn (đăng ký trước),VPBank Financial,"18,660,493 VND",ATM,2026-02-28 13:52:00
CUST_0053,Phạm Ngọc Hùng,PRIME,H. Bảo hiểm & Đầu tư,Đóng phí bảo hiểm định kỳ tại quầy,VPBank Financial,"5,996,283 VND",COUNTER,2026-04-03 12:18:00
CUST_0053,Phạm Ngọc Hùng,PRIME,I. Ngân hàng số & Hỗ trợ,Đăng ký dịch vụ trả lương qua tài khoản,VPBank Financial,"1,239,345 VND",APP,2026-03-03 15:44:00
CUST_0053,Phạm Ngọc Hùng,PRIME,J. Khách hàng doanh nghiệp,"Mở L/C và thanh toán quốc tế (T/T, D/P, D/A)",VPBank Financial,"19,422,913 VND",EBANK,2026-06-03 09:52:00
CUST_0053,Phạm Ngọc Hùng,PRIME,B. Giao dịch tiền mặt,Dịch vụ thu hộ / chi hộ tiền mặt tại quầy,VPBank Financial,"19,009,109 VND",ATM,2026-04-12 08:52:00
CUST_0053,Phạm Ngọc Hùng,PRIME,D. Thẻ,Phát hành thẻ ghi nợ nội địa (ATM/Napas),VPBank Financial,"2,773,415 VND",APP,2026-07-01 15:55:00
CUST_0053,Phạm Ngọc Hùng,PRIME,C. Tiết kiệm & Tiền gửi,Gửi tiết kiệm ngoại tệ (USD/EUR),VPBank Financial,"89,591,095 VND",ATM,2026-07-11 13:57:00
CUST_0053,Phạm Ngọc Hùng,PRIME,G. Tín dụng,Trả nợ gốc / lãi khoản vay tại quầy,VPBank Financial,"76,922,833 VND",APP,2026-05-12 07:41:00
CUST_0053,Phạm Ngọc Hùng,PRIME,F. Ngoại tệ,Chuyển đổi ngoại tệ giữa các tài khoản (không dùng tiền mặt),VPBank Financial,"28,228,212 VND",COUNTER,2026-06-17 07:23:00
CUST_0053,Phạm Ngọc Hùng,PRIME,I. Ngân hàng số & Hỗ trợ,"Đăng ký / hủy SMS Banking, thông báo biến động số dư",VPBank Financial,"1,613,744 VND",ATM,2026-03-15 09:08:00
CUST_0053,Phạm Ngọc Hùng,PRIME,D. Thẻ,Thanh toán sao kê thẻ tín dụng tại quầy,VPBank Financial,"10,558,925 VND",EBANK,2026-02-17 08:24:00
CUST_0053,Phạm Ngọc Hùng,PRIME,H. Bảo hiểm & Đầu tư,Đóng phí bảo hiểm định kỳ tại quầy,VPBank Financial,"14,895,992 VND",APP,2026-04-18 14:10:00
CUST_0053,Phạm Ngọc Hùng,PRIME,B. Giao dịch tiền mặt,Rút tiền mặt từ tài khoản,VPBank Financial,"14,661,385 VND",COUNTER,2026-04-27 14:39:00
CUST_0053,Phạm Ngọc Hùng,PRIME,I. Ngân hàng số & Hỗ trợ,Đăng ký nâng hạng khách hàng ưu tiên (VPBank Diamond / Prime),VPBank Financial,"6,583,891 VND",APP,2026-02-15 09:37:00
CUST_0053,Phạm Ngọc Hùng,PRIME,G. Tín dụng,Tư vấn và nộp hồ sơ vay mua/sửa nhà (thế chấp bất động sản),VPBank Financial,"173,131,625 VND",APP,2026-02-11 12:42:00
CUST_0053,Phạm Ngọc Hùng,PRIME,J. Khách hàng doanh nghiệp,Đăng ký dịch vụ thu hộ qua mã VietQR / Virtual Account,VPBank Financial,"1,551,336 VND",EBANK,2026-06-13 13:48:00
CUST_0053,Phạm Ngọc Hùng,PRIME,F. Ngoại tệ,Bán ngoại tệ tiền mặt cho ngân hàng,VPBank Financial,"49,994,922 VND",EBANK,2026-02-03 14:55:00
CUST_0053,Phạm Ngọc Hùng,PRIME,E. Chuyển tiền & Thanh toán,Nộp thuế / phí lệ phí nhà nước,VPBank Financial,"27,135,047 VND",COUNTER,2026-07-14 12:48:00
CUST_0053,Phạm Ngọc Hùng,PRIME,F. Ngoại tệ,Chuyển đổi ngoại tệ giữa các tài khoản (không dùng tiền mặt),VPBank Financial,"57,437,549 VND",COUNTER,2026-05-27 10:28:00
CUST_0053,Phạm Ngọc Hùng,PRIME,G. Tín dụng,Trả nợ gốc / lãi khoản vay tại quầy,VPBank Financial,"252,027,001 VND",COUNTER,2026-02-06 13:20:00
CUST_0111,Phan Ngọc Nga,PRIME,J. Khách hàng doanh nghiệp,Đăng ký dịch vụ thu hộ qua mã VietQR / Virtual Account,VPBank Financial,"10,489,764 VND",COUNTER,2026-02-21 13:31:00
CUST_0111,Phan Ngọc Nga,PRIME,I. Ngân hàng số & Hỗ trợ,Đăng ký nâng hạng khách hàng ưu tiên (VPBank Diamond / Prime),VPBank Financial,"12,381,518 VND",APP,2026-03-12 11:29:00
CUST_0111,Phan Ngọc Nga,PRIME,C. Tiết kiệm & Tiền gửi,Báo mất / cấp lại sổ tiết kiệm,VPBank Financial,"54,858,606 VND",APP,2026-02-23 09:31:00
CUST_0111,Phan Ngọc Nga,PRIME,G. Tín dụng,Trả nợ gốc / lãi khoản vay tại quầy,VPBank Financial,"207,469,276 VND",ATM,2026-03-03 15:23:00
CUST_0111,Phan Ngọc Nga,PRIME,C. Tiết kiệm & Tiền gửi,Tất toán sổ tiết kiệm đúng hạn,VPBank Financial,"198,529,160 VND",EBANK,2026-06-10 10:31:00
CUST_0111,Phan Ngọc Nga,PRIME,C. Tiết kiệm & Tiền gửi,Xác nhận số dư sổ tiết kiệm (chứng minh tài chính),VPBank Financial,"35,360,234 VND",APP,2026-03-23 13:14:00
CUST_0111,Phan Ngọc Nga,PRIME,J. Khách hàng doanh nghiệp,Chi lương hàng loạt cho nhân viên,VPBank Financial,"5,866,488 VND",COUNTER,2026-02-18 07:01:00
CUST_0111,Phan Ngọc Nga,PRIME,B. Giao dịch tiền mặt,Rút tiền mặt từ tài khoản,VPBank Financial,"9,328,770 VND",APP,2026-04-04 08:11:00
CUST_0111,Phan Ngọc Nga,PRIME,G. Tín dụng,Trả nợ gốc / lãi khoản vay tại quầy,VPBank Financial,"200,430,517 VND",ATM,2026-02-19 09:56:00
CUST_0111,Phan Ngọc Nga,PRIME,H. Bảo hiểm & Đầu tư,Mua chứng chỉ quỹ / trái phiếu do ngân hàng phân phối,VPBank Financial,"5,659,447 VND",APP,2026-06-23 12:40:00
CUST_0111,Phan Ngọc Nga,PRIME,J. Khách hàng doanh nghiệp,Đăng ký dịch vụ thu hộ qua mã VietQR / Virtual Account,VPBank Financial,"18,894,652 VND",COUNTER,2026-07-30 15:41:00
CUST_0111,Phan Ngọc Nga,PRIME,A. Tài khoản & Thông tin KH,Mở tài khoản đồng sở hữu / ủy quyền sử dụng tài khoản,VPBank Financial,"16,785,212 VND",ATM,2026-05-10 12:51:00
CUST_0111,Phan Ngọc Nga,PRIME,B. Giao dịch tiền mặt,Nộp tiền mặt vào tài khoản người khác,VPBank Financial,"3,867,422 VND",COUNTER,2026-02-09 08:18:00
CUST_0111,Phan Ngọc Nga,PRIME,I. Ngân hàng số & Hỗ trợ,Reset mật khẩu / cấp lại eToken / đổi thiết bị đăng nhập,VPBank Financial,"16,795,883 VND",COUNTER,2026-04-16 15:57:00
CUST_0111,Phan Ngọc Nga,PRIME,E. Chuyển tiền & Thanh toán,Đăng ký ủy nhiệm chi / chuyển tiền định kỳ tự động,VPBank Financial,"43,574,171 VND",APP,2026-06-30 11:52:00
CUST_0111,Phan Ngọc Nga,PRIME,F. Ngoại tệ,Cấp giấy xác nhận mang ngoại tệ ra nước ngoài,VPBank Financial,"98,441,125 VND",ATM,2026-03-01 12:36:00
CUST_0111,Phan Ngọc Nga,PRIME,D. Thẻ,"Khóa / mở khóa thẻ, báo mất và phát hành lại",VPBank Financial,"15,094,935 VND",COUNTER,2026-03-29 09:48:00
CUST_0111,Phan Ngọc Nga,PRIME,C. Tiết kiệm & Tiền gửi,Tất toán sổ tiết kiệm đúng hạn,VPBank Financial,"104,437,483 VND",APP,2026-03-11 10:05:00
CUST_0111,Phan Ngọc Nga,PRIME,J. Khách hàng doanh nghiệp,Ủy nhiệm chi / chuyển tiền doanh nghiệp,VPBank Financial,"19,931,916 VND",APP,2026-07-22 12:37:00
CUST_0111,Phan Ngọc Nga,PRIME,J. Khách hàng doanh nghiệp,Nộp / rút tiền mặt tài khoản doanh nghiệp,VPBank Financial,"6,337,468 VND",COUNTER,2026-06-02 13:25:00
CUST_0111,Phan Ngọc Nga,PRIME,B. Giao dịch tiền mặt,Nộp tiền mặt vào tài khoản người khác,VPBank Financial,"16,467,450 VND",ATM,2026-05-12 11:38:00
CUST_0111,Phan Ngọc Nga,PRIME,D. Thẻ,Nộp hồ sơ mở thẻ tín dụng,VPBank Financial,"9,991,406 VND",EBANK,2026-05-31 11:08:00
CUST_0111,Phan Ngọc Nga,PRIME,H. Bảo hiểm & Đầu tư,"Mua bảo hiểm phi nhân thọ (sức khỏe, ô tô, nhà, du lịch)",VPBank Financial,"15,508,146 VND",COUNTER,2026-02-25 15:27:00
CUST_0111,Phan Ngọc Nga,PRIME,E. Chuyển tiền & Thanh toán,Chuyển tiền trong hệ thống VPBank,VPBank Financial,"31,709,536 VND",APP,2026-05-05 07:16:00
CUST_0111,Phan Ngọc Nga,PRIME,A. Tài khoản & Thông tin KH,Mở tài khoản thanh toán VND,VPBank Financial,"1,356,245 VND",COUNTER,2026-03-15 11:54:00
CUST_0111,Phan Ngọc Nga,PRIME,I. Ngân hàng số & Hỗ trợ,"Đăng ký / hủy SMS Banking, thông báo biến động số dư",VPBank Financial,"16,889,510 VND",COUNTER,2026-06-05 15:01:00
CUST_0111,Phan Ngọc Nga,PRIME,D. Thẻ,Yêu cầu tăng / giảm hạn mức thẻ tín dụng,VPBank Financial,"8,167,886 VND",APP,2026-07-20 08:21:00
CUST_0111,Phan Ngọc Nga,PRIME,I. Ngân hàng số & Hỗ trợ,Đăng ký / kích hoạt VPBank NEO (Internet & Mobile Banking),VPBank Financial,"8,324,210 VND",EBANK,2026-02-08 07:38:00
CUST_0111,Phan Ngọc Nga,PRIME,D. Thẻ,Phát hành thẻ ghi nợ quốc tế (Visa/Mastercard Debit),VPBank Financial,"13,085,783 VND",ATM,2026-07-19 15:52:00
CUST_0111,Phan Ngọc Nga,PRIME,G. Tín dụng,Tất toán khoản vay trước hạn / giải chấp tài sản,VPBank Financial,"45,594,874 VND",APP,2026-03-17 11:09:00
CUST_0111,Phan Ngọc Nga,PRIME,G. Tín dụng,Trả nợ gốc / lãi khoản vay tại quầy,VPBank Financial,"35,223,838 VND",APP,2026-07-23 10:05:00
CUST_0111,Phan Ngọc Nga,PRIME,B. Giao dịch tiền mặt,Dịch vụ thu hộ / chi hộ tiền mặt tại quầy,VPBank Financial,"6,640,469 VND",APP,2026-06-17 14:41:00
CUST_0111,Phan Ngọc Nga,PRIME,B. Giao dịch tiền mặt,Rút tiền mặt từ tài khoản,VPBank Financial,"13,331,644 VND",APP,2026-05-29 11:04:00
CUST_0027,Phan Hoàng Bình,MASS,I. Ngân hàng số & Hỗ trợ,Reset mật khẩu / cấp lại eToken / đổi thiết bị đăng nhập,VPBank Financial,"15,060,774 VND",APP,2026-05-10 14:19:00
CUST_0027,Phan Hoàng Bình,MASS,J. Khách hàng doanh nghiệp,Đăng ký dịch vụ thu hộ qua mã VietQR / Virtual Account,VPBank Financial,"12,401,565 VND",APP,2026-03-02 13:14:00
CUST_0027,Phan Hoàng Bình,MASS,G. Tín dụng,Đăng ký hạn mức thấu chi tài khoản,VPBank Financial,"169,700,258 VND",ATM,2026-05-29 12:44:00
CUST_0027,Phan Hoàng Bình,MASS,C. Tiết kiệm & Tiền gửi,Chuyển nhượng / thừa kế sổ tiết kiệm,VPBank Financial,"281,869,540 VND",APP,2026-04-21 14:21:00
CUST_0027,Phan Hoàng Bình,MASS,G. Tín dụng,Xin xác nhận dư nợ / lịch sử trả nợ / xóa nợ xấu,VPBank Financial,"106,480,152 VND",APP,2026-03-16 07:48:00
CUST_0027,Phan Hoàng Bình,MASS,G. Tín dụng,Xin xác nhận dư nợ / lịch sử trả nợ / xóa nợ xấu,VPBank Financial,"162,690,640 VND",COUNTER,2026-04-10 12:37:00
CUST_0027,Phan Hoàng Bình,MASS,J. Khách hàng doanh nghiệp,Phát hành thư bảo lãnh ngân hàng,VPBank Financial,"1,760,598 VND",APP,2026-06-30 15:44:00
CUST_0027,Phan Hoàng Bình,MASS,D. Thẻ,Phát hành thẻ ghi nợ quốc tế (Visa/Mastercard Debit),VPBank Financial,"19,384,673 VND",APP,2026-05-13 12:45:00
CUST_0027,Phan Hoàng Bình,MASS,D. Thẻ,"Khóa / mở khóa thẻ, báo mất và phát hành lại",VPBank Financial,"7,496,650 VND",COUNTER,2026-05-20 10:44:00
CUST_0027,Phan Hoàng Bình,MASS,J. Khách hàng doanh nghiệp,Ủy nhiệm chi / chuyển tiền doanh nghiệp,VPBank Financial,"18,911,742 VND",COUNTER,2026-02-27 07:05:00
CUST_0027,Phan Hoàng Bình,MASS,J. Khách hàng doanh nghiệp,Ủy nhiệm chi / chuyển tiền doanh nghiệp,VPBank Financial,"8,855,061 VND",APP,2026-06-19 08:54:00
CUST_0027,Phan Hoàng Bình,MASS,C. Tiết kiệm & Tiền gửi,Tái tục sổ tiết kiệm / chuyển kỳ hạn,VPBank Financial,"158,914,409 VND",COUNTER,2026-04-09 10:26:00
CUST_0027,Phan Hoàng Bình,MASS,F. Ngoại tệ,Chuyển đổi ngoại tệ giữa các tài khoản (không dùng tiền mặt),VPBank Financial,"59,148,368 VND",COUNTER,2026-06-28 15:33:00
CUST_0027,Phan Hoàng Bình,MASS,C. Tiết kiệm & Tiền gửi,Gửi tiết kiệm ngoại tệ (USD/EUR),VPBank Financial,"141,938,492 VND",COUNTER,2026-06-27 15:09:00
CUST_0027,Phan Hoàng Bình,MASS,B. Giao dịch tiền mặt,Rút tiền mặt số lượng lớn (đăng ký trước),VPBank Financial,"2,385,030 VND",COUNTER,2026-05-12 11:45:00
CUST_0027,Phan Hoàng Bình,MASS,J. Khách hàng doanh nghiệp,Ủy nhiệm chi / chuyển tiền doanh nghiệp,VPBank Financial,"11,262,723 VND",COUNTER,2026-04-07 13:03:00
CUST_0027,Phan Hoàng Bình,MASS,G. Tín dụng,Trả nợ gốc / lãi khoản vay tại quầy,VPBank Financial,"187,117,064 VND",APP,2026-03-28 14:03:00
CUST_0027,Phan Hoàng Bình,MASS,A. Tài khoản & Thông tin KH,Xác thực sinh trắc học khuôn mặt / vân tay (QĐ 2345),VPBank Financial,"7,468,084 VND",APP,2026-07-26 15:03:00
CUST_0027,Phan Hoàng Bình,MASS,J. Khách hàng doanh nghiệp,Đăng ký dịch vụ thu hộ qua mã VietQR / Virtual Account,VPBank Financial,"15,716,737 VND",APP,2026-03-24 11:57:00
CUST_0027,Phan Hoàng Bình,MASS,B. Giao dịch tiền mặt,Nộp tiền mặt vào tài khoản người khác,VPBank Financial,"4,740,515 VND",COUNTER,2026-07-15 07:17:00
CUST_0027,Phan Hoàng Bình,MASS,G. Tín dụng,Đăng ký hạn mức thấu chi tài khoản,VPBank Financial,"222,810,735 VND",APP,2026-04-08 10:44:00
CUST_0027,Phan Hoàng Bình,MASS,A. Tài khoản & Thông tin KH,Đăng ký / thay đổi chữ ký mẫu,VPBank Financial,"17,463,897 VND",EBANK,2026-07-26 07:21:00
CUST_0027,Phan Hoàng Bình,MASS,C. Tiết kiệm & Tiền gửi,Chuyển nhượng / thừa kế sổ tiết kiệm,VPBank Financial,"40,240,550 VND",ATM,2026-07-03 14:02:00
CUST_0027,Phan Hoàng Bình,MASS,I. Ngân hàng số & Hỗ trợ,Đăng ký dịch vụ trả lương qua tài khoản,VPBank Financial,"2,162,110 VND",ATM,2026-06-02 07:20:00
CUST_0027,Phan Hoàng Bình,MASS,E. Chuyển tiền & Thanh toán,"Thanh toán hóa đơn (điện, nước, viễn thông, học phí, bảo hiểm)",VPBank Financial,"59,187,253 VND",APP,2026-07-29 12:38:00
CUST_0027,Phan Hoàng Bình,MASS,A. Tài khoản & Thông tin KH,Mở tài khoản đồng sở hữu / ủy quyền sử dụng tài khoản,VPBank Financial,"10,113,406 VND",COUNTER,2026-02-18 12:46:00
CUST_0027,Phan Hoàng Bình,MASS,I. Ngân hàng số & Hỗ trợ,Đăng ký / kích hoạt VPBank NEO (Internet & Mobile Banking),VPBank Financial,"11,462,247 VND",COUNTER,2026-02-17 12:09:00
CUST_0027,Phan Hoàng Bình,MASS,C. Tiết kiệm & Tiền gửi,Chuyển nhượng / thừa kế sổ tiết kiệm,VPBank Financial,"271,830,790 VND",APP,2026-05-29 10:35:00
CUST_0027,Phan Hoàng Bình,MASS,D. Thẻ,Phát hành thẻ ghi nợ quốc tế (Visa/Mastercard Debit),VPBank Financial,"6,822,035 VND",COUNTER,2026-03-17 09:02:00
CUST_0027,Phan Hoàng Bình,MASS,A. Tài khoản & Thông tin KH,Mở tài khoản đồng sở hữu / ủy quyền sử dụng tài khoản,VPBank Financial,"4,585,078 VND",COUNTER,2026-07-12 13:03:00
CUST_0114,Phạm Hữu Nam,MASS,E. Chuyển tiền & Thanh toán,Chuyển tiền liên ngân hàng (Napas 24/7 / Citad),VPBank Financial,"63,431,140 VND",COUNTER,2026-05-16 13:31:00
CUST_0114,Phạm Hữu Nam,MASS,J. Khách hàng doanh nghiệp,Nộp thuế điện tử doanh nghiệp,VPBank Financial,"19,522,243 VND",COUNTER,2026-07-01 15:47:00
CUST_0114,Phạm Hữu Nam,MASS,E. Chuyển tiền & Thanh toán,Nhận tiền chuyển đến từ nước ngoài / chi trả kiều hối,VPBank Financial,"57,186,005 VND",EBANK,2026-03-15 12:09:00
CUST_0114,Phạm Hữu Nam,MASS,C. Tiết kiệm & Tiền gửi,Tái tục sổ tiết kiệm / chuyển kỳ hạn,VPBank Financial,"151,234,652 VND",ATM,2026-06-26 15:57:00
CUST_0114,Phạm Hữu Nam,MASS,H. Bảo hiểm & Đầu tư,"Mua bảo hiểm phi nhân thọ (sức khỏe, ô tô, nhà, du lịch)",VPBank Financial,"9,174,581 VND",APP,2026-07-08 14:48:00
CUST_0114,Phạm Hữu Nam,MASS,G. Tín dụng,Tất toán khoản vay trước hạn / giải chấp tài sản,VPBank Financial,"140,077,339 VND",APP,2026-07-18 12:04:00
CUST_0114,Phạm Hữu Nam,MASS,H. Bảo hiểm & Đầu tư,Đóng phí bảo hiểm định kỳ tại quầy,VPBank Financial,"3,073,193 VND",APP,2026-02-03 08:50:00
CUST_0114,Phạm Hữu Nam,MASS,J. Khách hàng doanh nghiệp,"Mở L/C và thanh toán quốc tế (T/T, D/P, D/A)",VPBank Financial,"11,702,095 VND",APP,2026-05-16 08:07:00
CUST_0114,Phạm Hữu Nam,MASS,I. Ngân hàng số & Hỗ trợ,Đăng ký nâng hạng khách hàng ưu tiên (VPBank Diamond / Prime),VPBank Financial,"15,530,359 VND",APP,2026-05-09 10:08:00
CUST_0114,Phạm Hữu Nam,MASS,D. Thẻ,"Khóa / mở khóa thẻ, báo mất và phát hành lại",VPBank Financial,"19,917,743 VND",COUNTER,2026-02-18 15:24:00
CUST_0114,Phạm Hữu Nam,MASS,J. Khách hàng doanh nghiệp,Nộp / rút tiền mặt tài khoản doanh nghiệp,VPBank Financial,"2,403,654 VND",COUNTER,2026-05-15 13:13:00
CUST_0114,Phạm Hữu Nam,MASS,D. Thẻ,Thanh toán sao kê thẻ tín dụng tại quầy,VPBank Financial,"2,794,088 VND",APP,2026-07-25 13:54:00
CUST_0114,Phạm Hữu Nam,MASS,F. Ngoại tệ,Cấp giấy xác nhận mang ngoại tệ ra nước ngoài,VPBank Financial,"26,041,524 VND",APP,2026-03-24 14:31:00
CUST_0114,Phạm Hữu Nam,MASS,B. Giao dịch tiền mặt,Đổi mệnh giá tiền / đổi tiền không đủ tiêu chuẩn lưu thông,VPBank Financial,"1,677,558 VND",APP,2026-04-23 12:02:00
CUST_0114,Phạm Hữu Nam,MASS,C. Tiết kiệm & Tiền gửi,Tái tục sổ tiết kiệm / chuyển kỳ hạn,VPBank Financial,"18,366,036 VND",COUNTER,2026-04-08 07:20:00
CUST_0114,Phạm Hữu Nam,MASS,C. Tiết kiệm & Tiền gửi,Gửi tiết kiệm ngoại tệ (USD/EUR),VPBank Financial,"113,462,309 VND",ATM,2026-05-01 13:10:00
CUST_0114,Phạm Hữu Nam,MASS,C. Tiết kiệm & Tiền gửi,Chuyển nhượng / thừa kế sổ tiết kiệm,VPBank Financial,"197,500,845 VND",COUNTER,2026-07-06 08:29:00
CUST_0114,Phạm Hữu Nam,MASS,E. Chuyển tiền & Thanh toán,"Thanh toán hóa đơn (điện, nước, viễn thông, học phí, bảo hiểm)",VPBank Financial,"56,120,937 VND",APP,2026-05-23 14:12:00
CUST_0114,Phạm Hữu Nam,MASS,C. Tiết kiệm & Tiền gửi,Cầm cố sổ tiết kiệm để vay vốn,VPBank Financial,"19,333,477 VND",COUNTER,2026-05-30 11:07:00
CUST_0114,Phạm Hữu Nam,MASS,C. Tiết kiệm & Tiền gửi,Gửi tiết kiệm tích lũy / gửi góp định kỳ,VPBank Financial,"105,114,652 VND",APP,2026-07-21 15:13:00
CUST_0114,Phạm Hữu Nam,MASS,I. Ngân hàng số & Hỗ trợ,Tiếp nhận khiếu nại / góp ý dịch vụ chung,VPBank Financial,"18,578,975 VND",EBANK,2026-04-06 15:10:00
CUST_0114,Phạm Hữu Nam,MASS,C. Tiết kiệm & Tiền gửi,Rút trước hạn sổ tiết kiệm (một phần / toàn bộ),VPBank Financial,"281,257,155 VND",APP,2026-05-10 11:45:00
CUST_0114,Phạm Hữu Nam,MASS,D. Thẻ,Phát hành thẻ ghi nợ quốc tế (Visa/Mastercard Debit),VPBank Financial,"13,934,805 VND",COUNTER,2026-06-03 07:01:00
CUST_0066,Nguyễn Hữu Hùng,MASS,J. Khách hàng doanh nghiệp,Chi lương hàng loạt cho nhân viên,VPBank Financial,"8,221,139 VND",COUNTER,2026-04-15 15:57:00
CUST_0066,Nguyễn Hữu Hùng,MASS,B. Giao dịch tiền mặt,Dịch vụ thu hộ / chi hộ tiền mặt tại quầy,VPBank Financial,"1,841,709 VND",APP,2026-05-20 13:20:00
CUST_0066,Nguyễn Hữu Hùng,MASS,E. Chuyển tiền & Thanh toán,Đăng ký ủy nhiệm chi / chuyển tiền định kỳ tự động,VPBank Financial,"70,371,178 VND",COUNTER,2026-02-18 07:49:00
CUST_0066,Nguyễn Hữu Hùng,MASS,C. Tiết kiệm & Tiền gửi,Gửi tiết kiệm tích lũy / gửi góp định kỳ,VPBank Financial,"289,192,449 VND",APP,2026-05-20 11:34:00
CUST_0066,Nguyễn Hữu Hùng,MASS,C. Tiết kiệm & Tiền gửi,Gửi tiết kiệm có kỳ hạn VND tại quầy,VPBank Financial,"153,041,773 VND",APP,2026-02-14 10:40:00
CUST_0066,Nguyễn Hữu Hùng,MASS,J. Khách hàng doanh nghiệp,Mở tài khoản thanh toán doanh nghiệp,VPBank Financial,"1,239,138 VND",APP,2026-06-07 07:48:00
CUST_0066,Nguyễn Hữu Hùng,MASS,G. Tín dụng,Tư vấn và nộp hồ sơ vay tiêu dùng tín chấp,VPBank Financial,"152,050,138 VND",APP,2026-02-10 07:58:00
CUST_0066,Nguyễn Hữu Hùng,MASS,C. Tiết kiệm & Tiền gửi,Chuyển nhượng / thừa kế sổ tiết kiệm,VPBank Financial,"183,918,513 VND",COUNTER,2026-02-16 11:16:00
CUST_0066,Nguyễn Hữu Hùng,MASS,H. Bảo hiểm & Đầu tư,Mua chứng chỉ quỹ / trái phiếu do ngân hàng phân phối,VPBank Financial,"11,855,145 VND",EBANK,2026-04-08 14:46:00
CUST_0066,Nguyễn Hữu Hùng,MASS,D. Thẻ,Nhận thẻ và kích hoạt thẻ tại quầy,VPBank Financial,"13,002,823 VND",COUNTER,2026-07-23 14:21:00
CUST_0066,Nguyễn Hữu Hùng,MASS,D. Thẻ,Yêu cầu tăng / giảm hạn mức thẻ tín dụng,VPBank Financial,"4,776,579 VND",ATM,2026-04-28 09:54:00
CUST_0066,Nguyễn Hữu Hùng,MASS,D. Thẻ,Yêu cầu tăng / giảm hạn mức thẻ tín dụng,VPBank Financial,"11,934,641 VND",APP,2026-07-05 10:22:00
CUST_0066,Nguyễn Hữu Hùng,MASS,I. Ngân hàng số & Hỗ trợ,"Đăng ký / hủy SMS Banking, thông báo biến động số dư",VPBank Financial,"3,331,026 VND",ATM,2026-07-07 12:10:00
CUST_0066,Nguyễn Hữu Hùng,MASS,J. Khách hàng doanh nghiệp,"Mở L/C và thanh toán quốc tế (T/T, D/P, D/A)",VPBank Financial,"3,580,840 VND",ATM,2026-06-15 15:22:00
CUST_0066,Nguyễn Hữu Hùng,MASS,C. Tiết kiệm & Tiền gửi,Gửi tiết kiệm ngoại tệ (USD/EUR),VPBank Financial,"124,416,370 VND",COUNTER,2026-03-13 08:23:00
CUST_0066,Nguyễn Hữu Hùng,MASS,D. Thẻ,Phát hành thẻ ghi nợ quốc tế (Visa/Mastercard Debit),VPBank Financial,"2,811,910 VND",COUNTER,2026-06-02 14:22:00
CUST_0066,Nguyễn Hữu Hùng,MASS,J. Khách hàng doanh nghiệp,Đăng ký eBanking doanh nghiệp và phân quyền người dùng,VPBank Financial,"19,362,186 VND",COUNTER,2026-06-06 15:41:00
CUST_0066,Nguyễn Hữu Hùng,MASS,I. Ngân hàng số & Hỗ trợ,"Đăng ký / hủy SMS Banking, thông báo biến động số dư",VPBank Financial,"6,522,146 VND",COUNTER,2026-06-19 12:30:00
CUST_0066,Nguyễn Hữu Hùng,MASS,D. Thẻ,Phát hành thẻ ghi nợ nội địa (ATM/Napas),VPBank Financial,"6,099,896 VND",COUNTER,2026-04-17 13:21:00
CUST_0066,Nguyễn Hữu Hùng,MASS,B. Giao dịch tiền mặt,Rút tiền mặt số lượng lớn (đăng ký trước),VPBank Financial,"6,611,607 VND",APP,2026-07-08 12:51:00
CUST_0066,Nguyễn Hữu Hùng,MASS,G. Tín dụng,Đăng ký hạn mức thấu chi tài khoản,VPBank Financial,"20,332,641 VND",EBANK,2026-07-21 12:24:00
CUST_0066,Nguyễn Hữu Hùng,MASS,I. Ngân hàng số & Hỗ trợ,Lấy số thứ tự và check-in tại quầy,VPBank Financial,"14,131,656 VND",COUNTER,2026-03-10 12:04:00
CUST_0066,Nguyễn Hữu Hùng,MASS,F. Ngoại tệ,Chuyển đổi ngoại tệ giữa các tài khoản (không dùng tiền mặt),VPBank Financial,"84,251,738 VND",APP,2026-03-18 10:57:00
CUST_0066,Nguyễn Hữu Hùng,MASS,I. Ngân hàng số & Hỗ trợ,Đăng ký / kích hoạt VPBank NEO (Internet & Mobile Banking),VPBank Financial,"8,793,426 VND",EBANK,2026-06-02 08:17:00
CUST_0066,Nguyễn Hữu Hùng,MASS,H. Bảo hiểm & Đầu tư,Mua chứng chỉ quỹ / trái phiếu do ngân hàng phân phối,VPBank Financial,"12,245,698 VND",APP,2026-03-17 10:30:00
CUST_0066,Nguyễn Hữu Hùng,MASS,J. Khách hàng doanh nghiệp,Ủy nhiệm chi / chuyển tiền doanh nghiệp,VPBank Financial,"9,201,003 VND",APP,2026-02-09 13:39:00
CUST_0066,Nguyễn Hữu Hùng,MASS,C. Tiết kiệm & Tiền gửi,Gửi tiết kiệm ngoại tệ (USD/EUR),VPBank Financial,"60,127,874 VND",ATM,2026-07-03 14:47:00
CUST_0110,Lê Đức Sơn,MASS,J. Khách hàng doanh nghiệp,Chi lương hàng loạt cho nhân viên,VPBank Financial,"7,045,459 VND",COUNTER,2026-06-07 13:32:00
CUST_0110,Lê Đức Sơn,MASS,J. Khách hàng doanh nghiệp,Phát hành thư bảo lãnh ngân hàng,VPBank Financial,"10,349,580 VND",EBANK,2026-02-11 14:05:00
CUST_0110,Lê Đức Sơn,MASS,C. Tiết kiệm & Tiền gửi,Gửi tiết kiệm ngoại tệ (USD/EUR),VPBank Financial,"141,536,115 VND",COUNTER,2026-06-25 07:01:00
CUST_0110,Lê Đức Sơn,MASS,G. Tín dụng,Tư vấn và nộp hồ sơ vay mua/sửa nhà (thế chấp bất động sản),VPBank Financial,"168,074,190 VND",APP,2026-03-25 07:41:00
CUST_0110,Lê Đức Sơn,MASS,E. Chuyển tiền & Thanh toán,Chuyển tiền liên ngân hàng (Napas 24/7 / Citad),VPBank Financial,"68,889,628 VND",APP,2026-04-29 11:42:00
CUST_0110,Lê Đức Sơn,MASS,G. Tín dụng,Trả nợ gốc / lãi khoản vay tại quầy,VPBank Financial,"230,044,333 VND",APP,2026-02-18 12:55:00
CUST_0110,Lê Đức Sơn,MASS,G. Tín dụng,Trả nợ gốc / lãi khoản vay tại quầy,VPBank Financial,"79,949,965 VND",COUNTER,2026-04-26 15:12:00
CUST_0110,Lê Đức Sơn,MASS,C. Tiết kiệm & Tiền gửi,Tất toán sổ tiết kiệm đúng hạn,VPBank Financial,"293,383,043 VND",APP,2026-06-14 10:41:00
CUST_0110,Lê Đức Sơn,MASS,A. Tài khoản & Thông tin KH,Mở tài khoản số đẹp / số theo yêu cầu,VPBank Financial,"9,872,663 VND",APP,2026-03-06 07:50:00
CUST_0110,Lê Đức Sơn,MASS,F. Ngoại tệ,Bán ngoại tệ tiền mặt cho ngân hàng,VPBank Financial,"89,520,904 VND",APP,2026-05-14 14:32:00
CUST_0110,Lê Đức Sơn,MASS,A. Tài khoản & Thông tin KH,Mở tài khoản số đẹp / số theo yêu cầu,VPBank Financial,"19,804,174 VND",APP,2026-04-30 11:02:00
CUST_0110,Lê Đức Sơn,MASS,F. Ngoại tệ,"Mua ngoại tệ tiền mặt (du lịch, du học, công tác, chữa bệnh)",VPBank Financial,"80,351,228 VND",APP,2026-06-21 10:11:00
CUST_0110,Lê Đức Sơn,MASS,J. Khách hàng doanh nghiệp,Nộp thuế điện tử doanh nghiệp,VPBank Financial,"17,727,534 VND",COUNTER,2026-04-25 12:09:00
CUST_0110,Lê Đức Sơn,MASS,F. Ngoại tệ,Chuyển đổi ngoại tệ giữa các tài khoản (không dùng tiền mặt),VPBank Financial,"40,279,487 VND",EBANK,2026-07-04 09:26:00
CUST_0110,Lê Đức Sơn,MASS,C. Tiết kiệm & Tiền gửi,Gửi tiết kiệm có kỳ hạn VND tại quầy,VPBank Financial,"162,956,465 VND",APP,2026-06-09 14:46:00
CUST_0110,Lê Đức Sơn,MASS,G. Tín dụng,Trả nợ gốc / lãi khoản vay tại quầy,VPBank Financial,"83,474,047 VND",COUNTER,2026-05-28 09:44:00
CUST_0110,Lê Đức Sơn,MASS,A. Tài khoản & Thông tin KH,Phong tỏa / giải tỏa tài khoản,VPBank Financial,"9,684,734 VND",COUNTER,2026-05-27 11:57:00
CUST_0002,Đặng Kim Quân,DIAMOND,A. Tài khoản & Thông tin KH,Đăng ký / thay đổi chữ ký mẫu,VPBank Financial,"214,805 VND",APP,2026-06-16 14:23:00
CUST_0002,Đặng Kim Quân,DIAMOND,C. Tiết kiệm & Tiền gửi,Tái tục sổ tiết kiệm / chuyển kỳ hạn,VPBank Financial,"167,184,437 VND",APP,2026-06-04 11:09:00
CUST_0002,Đặng Kim Quân,DIAMOND,C. Tiết kiệm & Tiền gửi,Chuyển nhượng / thừa kế sổ tiết kiệm,VPBank Financial,"249,377,570 VND",COUNTER,2026-05-27 10:30:00
CUST_0002,Đặng Kim Quân,DIAMOND,B. Giao dịch tiền mặt,Rút tiền mặt số lượng lớn (đăng ký trước),VPBank Financial,"1,991,827 VND",APP,2026-07-29 10:58:00
CUST_0002,Đặng Kim Quân,DIAMOND,I. Ngân hàng số & Hỗ trợ,Đăng ký nâng hạng khách hàng ưu tiên (VPBank Diamond / Prime),VPBank Financial,"16,402,641 VND",APP,2026-04-10 14:19:00
CUST_0002,Đặng Kim Quân,DIAMOND,H. Bảo hiểm & Đầu tư,Hỗ trợ hồ sơ yêu cầu bồi thường bảo hiểm,VPBank Financial,"19,174,888 VND",COUNTER,2026-03-07 08:23:00
CUST_0002,Đặng Kim Quân,DIAMOND,G. Tín dụng,Tư vấn và nộp hồ sơ vay mua ô tô,VPBank Financial,"121,010,349 VND",APP,2026-05-28 12:09:00
CUST_0002,Đặng Kim Quân,DIAMOND,D. Thẻ,Phát hành thẻ ghi nợ quốc tế (Visa/Mastercard Debit),VPBank Financial,"12,926,488 VND",APP,2026-02-28 09:46:00
CUST_0002,Đặng Kim Quân,DIAMOND,H. Bảo hiểm & Đầu tư,Mở tài khoản chứng khoán / đăng ký dịch vụ đầu tư,VPBank Financial,"243,245 VND",ATM,2026-04-05 11:24:00
CUST_0002,Đặng Kim Quân,DIAMOND,H. Bảo hiểm & Đầu tư,Mở tài khoản chứng khoán / đăng ký dịch vụ đầu tư,VPBank Financial,"13,834,860 VND",COUNTER,2026-07-15 14:39:00
CUST_0002,Đặng Kim Quân,DIAMOND,G. Tín dụng,Đăng ký hạn mức thấu chi tài khoản,VPBank Financial,"74,221,063 VND",COUNTER,2026-02-28 10:41:00
CUST_0002,Đặng Kim Quân,DIAMOND,E. Chuyển tiền & Thanh toán,"Thanh toán hóa đơn (điện, nước, viễn thông, học phí, bảo hiểm)",VPBank Financial,"72,643,338 VND",COUNTER,2026-07-13 07:59:00
CUST_0002,Đặng Kim Quân,DIAMOND,I. Ngân hàng số & Hỗ trợ,Đăng ký nâng hạng khách hàng ưu tiên (VPBank Diamond / Prime),VPBank Financial,"10,568,006 VND",ATM,2026-03-10 07:38:00
CUST_0002,Đặng Kim Quân,DIAMOND,J. Khách hàng doanh nghiệp,Phát hành thư bảo lãnh ngân hàng,VPBank Financial,"4,236,902 VND",COUNTER,2026-04-13 10:52:00
CUST_0002,Đặng Kim Quân,DIAMOND,D. Thẻ,Đăng ký trả góp 0% qua thẻ tín dụng,VPBank Financial,"10,855,240 VND",COUNTER,2026-05-17 10:48:00
CUST_0002,Đặng Kim Quân,DIAMOND,C. Tiết kiệm & Tiền gửi,Xác nhận số dư sổ tiết kiệm (chứng minh tài chính),VPBank Financial,"125,772,314 VND",APP,2026-05-23 09:21:00
CUST_0019,Bùi Anh Dũng,MASS,C. Tiết kiệm & Tiền gửi,Gửi tiết kiệm có kỳ hạn VND tại quầy,VPBank Financial,"93,378,248 VND",APP,2026-05-24 09:43:00
CUST_0019,Bùi Anh Dũng,MASS,A. Tài khoản & Thông tin KH,"Cập nhật thông tin CIF (CCCD, địa chỉ, SĐT, email, nghề nghiệp)",VPBank Financial,"370,656 VND",COUNTER,2026-05-18 08:42:00
CUST_0019,Bùi Anh Dũng,MASS,I. Ngân hàng số & Hỗ trợ,Đăng ký nâng hạng khách hàng ưu tiên (VPBank Diamond / Prime),VPBank Financial,"16,570,781 VND",APP,2026-02-15 07:01:00
CUST_0019,Bùi Anh Dũng,MASS,J. Khách hàng doanh nghiệp,Đăng ký eBanking doanh nghiệp và phân quyền người dùng,VPBank Financial,"1,473,521 VND",APP,2026-05-24 07:28:00
CUST_0019,Bùi Anh Dũng,MASS,F. Ngoại tệ,"Mua ngoại tệ tiền mặt (du lịch, du học, công tác, chữa bệnh)",VPBank Financial,"6,488,876 VND",APP,2026-05-30 15:22:00
CUST_0019,Bùi Anh Dũng,MASS,B. Giao dịch tiền mặt,Rút tiền mặt số lượng lớn (đăng ký trước),VPBank Financial,"5,200,857 VND",APP,2026-03-31 07:47:00
CUST_0019,Bùi Anh Dũng,MASS,D. Thẻ,Phát hành thẻ ghi nợ nội địa (ATM/Napas),VPBank Financial,"5,179,958 VND",APP,2026-02-06 12:04:00
CUST_0019,Bùi Anh Dũng,MASS,G. Tín dụng,Tất toán khoản vay trước hạn / giải chấp tài sản,VPBank Financial,"23,881,024 VND",APP,2026-05-08 15:15:00
CUST_0019,Bùi Anh Dũng,MASS,E. Chuyển tiền & Thanh toán,Nhận tiền chuyển đến từ nước ngoài / chi trả kiều hối,VPBank Financial,"22,038,569 VND",APP,2026-07-19 11:11:00
CUST_0019,Bùi Anh Dũng,MASS,G. Tín dụng,Tư vấn và nộp hồ sơ vay mua/sửa nhà (thế chấp bất động sản),VPBank Financial,"271,344,845 VND",COUNTER,2026-04-23 14:47:00
CUST_0019,Bùi Anh Dũng,MASS,I. Ngân hàng số & Hỗ trợ,Reset mật khẩu / cấp lại eToken / đổi thiết bị đăng nhập,VPBank Financial,"13,471,221 VND",APP,2026-04-16 11:42:00
CUST_0019,Bùi Anh Dũng,MASS,J. Khách hàng doanh nghiệp,Đăng ký eBanking doanh nghiệp và phân quyền người dùng,VPBank Financial,"2,796,893 VND",EBANK,2026-05-31 07:25:00
CUST_0019,Bùi Anh Dũng,MASS,C. Tiết kiệm & Tiền gửi,Chuyển nhượng / thừa kế sổ tiết kiệm,VPBank Financial,"149,852,962 VND",APP,2026-07-28 12:48:00
CUST_0019,Bùi Anh Dũng,MASS,C. Tiết kiệm & Tiền gửi,Cầm cố sổ tiết kiệm để vay vốn,VPBank Financial,"281,495,547 VND",ATM,2026-04-20 14:26:00
CUST_0019,Bùi Anh Dũng,MASS,H. Bảo hiểm & Đầu tư,Đóng phí bảo hiểm định kỳ tại quầy,VPBank Financial,"6,599,922 VND",COUNTER,2026-06-30 13:38:00
CUST_0019,Bùi Anh Dũng,MASS,I. Ngân hàng số & Hỗ trợ,Đăng ký dịch vụ trả lương qua tài khoản,VPBank Financial,"15,470,486 VND",ATM,2026-05-27 11:04:00
CUST_0019,Bùi Anh Dũng,MASS,J. Khách hàng doanh nghiệp,"Mở L/C và thanh toán quốc tế (T/T, D/P, D/A)",VPBank Financial,"268,675 VND",ATM,2026-03-14 09:59:00
CUST_0019,Bùi Anh Dũng,MASS,G. Tín dụng,Xin xác nhận dư nợ / lịch sử trả nợ / xóa nợ xấu,VPBank Financial,"214,649,417 VND",COUNTER,2026-05-11 11:43:00
CUST_0019,Bùi Anh Dũng,MASS,C. Tiết kiệm & Tiền gửi,Chuyển nhượng / thừa kế sổ tiết kiệm,VPBank Financial,"211,180,558 VND",ATM,2026-07-08 08:44:00
CUST_0019,Bùi Anh Dũng,MASS,C. Tiết kiệm & Tiền gửi,Báo mất / cấp lại sổ tiết kiệm,VPBank Financial,"190,965,798 VND",EBANK,2026-03-26 12:07:00
CUST_0019,Bùi Anh Dũng,MASS,J. Khách hàng doanh nghiệp,Đăng ký dịch vụ thu hộ qua mã VietQR / Virtual Account,VPBank Financial,"15,024,519 VND",APP,2026-04-19 08:22:00
CUST_0019,Bùi Anh Dũng,MASS,A. Tài khoản & Thông tin KH,Mở tài khoản đồng sở hữu / ủy quyền sử dụng tài khoản,VPBank Financial,"19,369,893 VND",ATM,2026-04-07 15:34:00
CUST_0067,Trần Hữu Em,MASS,J. Khách hàng doanh nghiệp,Phát hành thư bảo lãnh ngân hàng,VPBank Financial,"6,342,659 VND",COUNTER,2026-07-01 09:16:00
CUST_0067,Trần Hữu Em,MASS,E. Chuyển tiền & Thanh toán,Chuyển tiền liên ngân hàng (Napas 24/7 / Citad),VPBank Financial,"8,341,590 VND",EBANK,2026-07-03 07:28:00
CUST_0067,Trần Hữu Em,MASS,G. Tín dụng,Tư vấn và nộp hồ sơ vay mua/sửa nhà (thế chấp bất động sản),VPBank Financial,"130,977,641 VND",ATM,2026-05-17 09:40:00
CUST_0067,Trần Hữu Em,MASS,C. Tiết kiệm & Tiền gửi,Tái tục sổ tiết kiệm / chuyển kỳ hạn,VPBank Financial,"201,205,157 VND",COUNTER,2026-06-19 11:43:00
CUST_0067,Trần Hữu Em,MASS,B. Giao dịch tiền mặt,Nộp tiền mặt vào tài khoản của chính mình,VPBank Financial,"4,605,917 VND",EBANK,2026-06-12 13:03:00
CUST_0067,Trần Hữu Em,MASS,J. Khách hàng doanh nghiệp,Mở tài khoản thanh toán doanh nghiệp,VPBank Financial,"14,216,038 VND",APP,2026-05-26 07:14:00
CUST_0067,Trần Hữu Em,MASS,F. Ngoại tệ,"Mua ngoại tệ tiền mặt (du lịch, du học, công tác, chữa bệnh)",VPBank Financial,"64,258,358 VND",COUNTER,2026-07-01 14:44:00
CUST_0067,Trần Hữu Em,MASS,G. Tín dụng,Tất toán khoản vay trước hạn / giải chấp tài sản,VPBank Financial,"145,123,746 VND",COUNTER,2026-03-24 13:00:00
CUST_0067,Trần Hữu Em,MASS,E. Chuyển tiền & Thanh toán,Nộp thuế / phí lệ phí nhà nước,VPBank Financial,"90,915,799 VND",APP,2026-04-02 07:14:00
CUST_0067,Trần Hữu Em,MASS,D. Thẻ,Phát hành thẻ ghi nợ quốc tế (Visa/Mastercard Debit),VPBank Financial,"4,008,394 VND",COUNTER,2026-05-26 14:34:00
CUST_0067,Trần Hữu Em,MASS,C. Tiết kiệm & Tiền gửi,Rút trước hạn sổ tiết kiệm (một phần / toàn bộ),VPBank Financial,"247,660,105 VND",APP,2026-04-03 10:13:00
CUST_0067,Trần Hữu Em,MASS,J. Khách hàng doanh nghiệp,Đăng ký eBanking doanh nghiệp và phân quyền người dùng,VPBank Financial,"17,591,128 VND",COUNTER,2026-03-15 12:50:00
CUST_0067,Trần Hữu Em,MASS,D. Thẻ,Nhận thẻ và kích hoạt thẻ tại quầy,VPBank Financial,"16,809,845 VND",COUNTER,2026-03-08 10:25:00
CUST_0067,Trần Hữu Em,MASS,G. Tín dụng,Tất toán khoản vay trước hạn / giải chấp tài sản,VPBank Financial,"89,974,058 VND",APP,2026-02-22 12:16:00
CUST_0067,Trần Hữu Em,MASS,I. Ngân hàng số & Hỗ trợ,Đăng ký / kích hoạt VPBank NEO (Internet & Mobile Banking),VPBank Financial,"19,990,459 VND",APP,2026-05-28 11:56:00
CUST_0067,Trần Hữu Em,MASS,I. Ngân hàng số & Hỗ trợ,Đăng ký nâng hạng khách hàng ưu tiên (VPBank Diamond / Prime),VPBank Financial,"10,036,958 VND",COUNTER,2026-05-26 15:15:00
CUST_0067,Trần Hữu Em,MASS,E. Chuyển tiền & Thanh toán,Nộp thuế / phí lệ phí nhà nước,VPBank Financial,"79,634,546 VND",EBANK,2026-07-27 12:40:00
CUST_0067,Trần Hữu Em,MASS,H. Bảo hiểm & Đầu tư,"Mua bảo hiểm phi nhân thọ (sức khỏe, ô tô, nhà, du lịch)",VPBank Financial,"11,081,157 VND",APP,2026-06-21 08:26:00
CUST_0067,Trần Hữu Em,MASS,H. Bảo hiểm & Đầu tư,Mở tài khoản chứng khoán / đăng ký dịch vụ đầu tư,VPBank Financial,"14,122,143 VND",COUNTER,2026-06-15 07:10:00
CUST_0067,Trần Hữu Em,MASS,B. Giao dịch tiền mặt,Dịch vụ thu hộ / chi hộ tiền mặt tại quầy,VPBank Financial,"6,874,013 VND",COUNTER,2026-04-30 09:21:00
CUST_0067,Trần Hữu Em,MASS,J. Khách hàng doanh nghiệp,Đăng ký eBanking doanh nghiệp và phân quyền người dùng,VPBank Financial,"9,937,521 VND",APP,2026-06-22 10:20:00
CUST_0067,Trần Hữu Em,MASS,G. Tín dụng,Đăng ký hạn mức thấu chi tài khoản,VPBank Financial,"115,344,512 VND",EBANK,2026-06-04 14:02:00
CUST_0067,Trần Hữu Em,MASS,J. Khách hàng doanh nghiệp,Phát hành thư bảo lãnh ngân hàng,VPBank Financial,"16,965,991 VND",APP,2026-02-11 07:07:00
CUST_0055,Bùi Thanh Quân,PRIME,J. Khách hàng doanh nghiệp,Nộp thuế điện tử doanh nghiệp,VPBank Financial,"3,055,952 VND",APP,2026-06-17 15:37:00
CUST_0055,Bùi Thanh Quân,PRIME,D. Thẻ,Nhận thẻ và kích hoạt thẻ tại quầy,VPBank Financial,"4,833,305 VND",COUNTER,2026-07-03 13:35:00
CUST_0055,Bùi Thanh Quân,PRIME,E. Chuyển tiền & Thanh toán,Nộp thuế / phí lệ phí nhà nước,VPBank Financial,"34,691,647 VND",EBANK,2026-05-11 14:08:00
CUST_0055,Bùi Thanh Quân,PRIME,J. Khách hàng doanh nghiệp,Vay vốn lưu động / hạn mức tín dụng doanh nghiệp,VPBank Financial,"6,329,274 VND",COUNTER,2026-03-27 15:10:00
CUST_0055,Bùi Thanh Quân,PRIME,G. Tín dụng,Tư vấn và nộp hồ sơ vay tiêu dùng tín chấp,VPBank Financial,"127,424,136 VND",COUNTER,2026-07-03 14:21:00
CUST_0055,Bùi Thanh Quân,PRIME,C. Tiết kiệm & Tiền gửi,Tất toán sổ tiết kiệm đúng hạn,VPBank Financial,"198,358,043 VND",COUNTER,2026-05-31 09:34:00
CUST_0055,Bùi Thanh Quân,PRIME,D. Thẻ,Phát hành thẻ ghi nợ quốc tế (Visa/Mastercard Debit),VPBank Financial,"3,850,491 VND",APP,2026-04-13 07:57:00
CUST_0055,Bùi Thanh Quân,PRIME,C. Tiết kiệm & Tiền gửi,Báo mất / cấp lại sổ tiết kiệm,VPBank Financial,"216,833,511 VND",COUNTER,2026-03-01 15:36:00
CUST_0055,Bùi Thanh Quân,PRIME,D. Thẻ,Phát hành thẻ ghi nợ quốc tế (Visa/Mastercard Debit),VPBank Financial,"17,908,686 VND",APP,2026-04-21 07:17:00
CUST_0055,Bùi Thanh Quân,PRIME,E. Chuyển tiền & Thanh toán,Tra soát lệnh chuyển tiền / yêu cầu hoàn tiền,VPBank Financial,"47,686,926 VND",ATM,2026-06-12 10:28:00
CUST_0055,Bùi Thanh Quân,PRIME,J. Khách hàng doanh nghiệp,Mở tài khoản thanh toán doanh nghiệp,VPBank Financial,"2,780,417 VND",APP,2026-02-14 14:33:00
CUST_0055,Bùi Thanh Quân,PRIME,D. Thẻ,Thanh toán sao kê thẻ tín dụng tại quầy,VPBank Financial,"15,489,079 VND",APP,2026-07-10 07:34:00
CUST_0055,Bùi Thanh Quân,PRIME,J. Khách hàng doanh nghiệp,Mở tài khoản thanh toán doanh nghiệp,VPBank Financial,"5,363,669 VND",EBANK,2026-03-24 15:32:00
CUST_0055,Bùi Thanh Quân,PRIME,C. Tiết kiệm & Tiền gửi,Tái tục sổ tiết kiệm / chuyển kỳ hạn,VPBank Financial,"59,984,956 VND",COUNTER,2026-06-11 13:25:00
CUST_0055,Bùi Thanh Quân,PRIME,A. Tài khoản & Thông tin KH,"Cập nhật thông tin CIF (CCCD, địa chỉ, SĐT, email, nghề nghiệp)",VPBank Financial,"10,433,799 VND",EBANK,2026-06-10 14:11:00
CUST_0055,Bùi Thanh Quân,PRIME,I. Ngân hàng số & Hỗ trợ,Đăng ký / kích hoạt VPBank NEO (Internet & Mobile Banking),VPBank Financial,"2,157,649 VND",COUNTER,2026-05-09 15:30:00
CUST_0055,Bùi Thanh Quân,PRIME,D. Thẻ,Tra soát / khiếu nại giao dịch thẻ,VPBank Financial,"3,100,766 VND",APP,2026-07-07 08:44:00
CUST_0055,Bùi Thanh Quân,PRIME,H. Bảo hiểm & Đầu tư,"Mua bảo hiểm phi nhân thọ (sức khỏe, ô tô, nhà, du lịch)",VPBank Financial,"5,583,308 VND",EBANK,2026-04-15 15:27:00
CUST_0055,Bùi Thanh Quân,PRIME,E. Chuyển tiền & Thanh toán,Nhận tiền chuyển đến từ nước ngoài / chi trả kiều hối,VPBank Financial,"91,096,148 VND",APP,2026-05-28 14:56:00
CUST_0055,Bùi Thanh Quân,PRIME,A. Tài khoản & Thông tin KH,Xin sao kê tài khoản / xác nhận số dư,VPBank Financial,"12,003,401 VND",EBANK,2026-05-28 11:13:00
CUST_0055,Bùi Thanh Quân,PRIME,J. Khách hàng doanh nghiệp,Ủy nhiệm chi / chuyển tiền doanh nghiệp,VPBank Financial,"11,484,905 VND",APP,2026-03-03 15:49:00
CUST_0055,Bùi Thanh Quân,PRIME,C. Tiết kiệm & Tiền gửi,Gửi tiết kiệm có kỳ hạn VND tại quầy,VPBank Financial,"82,804,884 VND",COUNTER,2026-02-26 15:08:00
CUST_0055,Bùi Thanh Quân,PRIME,J. Khách hàng doanh nghiệp,Mở tài khoản thanh toán doanh nghiệp,VPBank Financial,"9,959,008 VND",APP,2026-05-21 16:00:00
CUST_0055,Bùi Thanh Quân,PRIME,G. Tín dụng,Xin xác nhận dư nợ / lịch sử trả nợ / xóa nợ xấu,VPBank Financial,"45,631,758 VND",APP,2026-07-10 07:14:00
CUST_0055,Bùi Thanh Quân,PRIME,C. Tiết kiệm & Tiền gửi,Chuyển nhượng / thừa kế sổ tiết kiệm,VPBank Financial,"140,635,525 VND",COUNTER,2026-07-09 09:50:00
CUST_0044,Phạm Ngọc Linh,MASS,C. Tiết kiệm & Tiền gửi,Tất toán sổ tiết kiệm đúng hạn,VPBank Financial,"258,927,128 VND",COUNTER,2026-04-21 08:48:00
CUST_0044,Phạm Ngọc Linh,MASS,A. Tài khoản & Thông tin KH,Phong tỏa / giải tỏa tài khoản,VPBank Financial,"7,927,701 VND",COUNTER,2026-05-19 11:11:00
CUST_0044,Phạm Ngọc Linh,MASS,H. Bảo hiểm & Đầu tư,"Mua bảo hiểm phi nhân thọ (sức khỏe, ô tô, nhà, du lịch)",VPBank Financial,"6,830,590 VND",APP,2026-04-11 09:55:00
CUST_0044,Phạm Ngọc Linh,MASS,D. Thẻ,Phát hành thẻ ghi nợ nội địa (ATM/Napas),VPBank Financial,"1,319,011 VND",COUNTER,2026-04-24 07:22:00
CUST_0044,Phạm Ngọc Linh,MASS,A. Tài khoản & Thông tin KH,Xin sao kê tài khoản / xác nhận số dư,VPBank Financial,"1,064,486 VND",COUNTER,2026-05-30 11:32:00
CUST_0044,Phạm Ngọc Linh,MASS,I. Ngân hàng số & Hỗ trợ,Đăng ký / kích hoạt VPBank NEO (Internet & Mobile Banking),VPBank Financial,"9,664,391 VND",APP,2026-03-31 12:51:00
CUST_0044,Phạm Ngọc Linh,MASS,F. Ngoại tệ,Chuyển đổi ngoại tệ giữa các tài khoản (không dùng tiền mặt),VPBank Financial,"16,160,210 VND",APP,2026-03-12 08:13:00
CUST_0044,Phạm Ngọc Linh,MASS,H. Bảo hiểm & Đầu tư,Hỗ trợ hồ sơ yêu cầu bồi thường bảo hiểm,VPBank Financial,"8,927,163 VND",APP,2026-04-15 14:27:00
CUST_0044,Phạm Ngọc Linh,MASS,C. Tiết kiệm & Tiền gửi,Cầm cố sổ tiết kiệm để vay vốn,VPBank Financial,"130,741,355 VND",ATM,2026-07-26 14:40:00
CUST_0044,Phạm Ngọc Linh,MASS,J. Khách hàng doanh nghiệp,Nộp / rút tiền mặt tài khoản doanh nghiệp,VPBank Financial,"7,615,816 VND",COUNTER,2026-03-12 12:16:00
CUST_0044,Phạm Ngọc Linh,MASS,D. Thẻ,Nộp hồ sơ mở thẻ tín dụng,VPBank Financial,"5,480,728 VND",EBANK,2026-06-18 12:42:00
CUST_0044,Phạm Ngọc Linh,MASS,A. Tài khoản & Thông tin KH,"Cập nhật thông tin CIF (CCCD, địa chỉ, SĐT, email, nghề nghiệp)",VPBank Financial,"10,998,184 VND",COUNTER,2026-04-06 14:40:00
CUST_0044,Phạm Ngọc Linh,MASS,H. Bảo hiểm & Đầu tư,Đóng phí bảo hiểm định kỳ tại quầy,VPBank Financial,"11,443,251 VND",COUNTER,2026-02-20 14:38:00
CUST_0044,Phạm Ngọc Linh,MASS,H. Bảo hiểm & Đầu tư,Mua chứng chỉ quỹ / trái phiếu do ngân hàng phân phối,VPBank Financial,"11,840,137 VND",APP,2026-07-23 14:06:00
CUST_0044,Phạm Ngọc Linh,MASS,B. Giao dịch tiền mặt,Rút tiền mặt từ tài khoản,VPBank Financial,"14,860,972 VND",APP,2026-05-19 13:06:00
CUST_0044,Phạm Ngọc Linh,MASS,D. Thẻ,"Khóa / mở khóa thẻ, báo mất và phát hành lại",VPBank Financial,"4,867,913 VND",COUNTER,2026-04-04 11:14:00
CUST_0044,Phạm Ngọc Linh,MASS,G. Tín dụng,Tư vấn và nộp hồ sơ vay tiêu dùng tín chấp,VPBank Financial,"159,508,628 VND",APP,2026-02-02 08:06:00
CUST_0044,Phạm Ngọc Linh,MASS,G. Tín dụng,Trả nợ gốc / lãi khoản vay tại quầy,VPBank Financial,"160,641,302 VND",APP,2026-06-16 13:37:00
CUST_0044,Phạm Ngọc Linh,MASS,C. Tiết kiệm & Tiền gửi,Gửi tiết kiệm có kỳ hạn VND tại quầy,VPBank Financial,"63,697,863 VND",APP,2026-03-13 12:01:00
CUST_0044,Phạm Ngọc Linh,MASS,C. Tiết kiệm & Tiền gửi,Gửi tiết kiệm tích lũy / gửi góp định kỳ,VPBank Financial,"222,861,262 VND",COUNTER,2026-03-17 09:17:00
CUST_0044,Phạm Ngọc Linh,MASS,G. Tín dụng,Tất toán khoản vay trước hạn / giải chấp tài sản,VPBank Financial,"125,959,022 VND",COUNTER,2026-05-16 10:09:00
CUST_0044,Phạm Ngọc Linh,MASS,H. Bảo hiểm & Đầu tư,Tư vấn và mua bảo hiểm nhân thọ (Bancassurance),VPBank Financial,"7,993,199 VND",COUNTER,2026-05-22 14:42:00
CUST_0044,Phạm Ngọc Linh,MASS,I. Ngân hàng số & Hỗ trợ,Thuê két sắt / dịch vụ giữ hộ tài sản,VPBank Financial,"16,437,270 VND",APP,2026-04-08 09:13:00
CUST_0044,Phạm Ngọc Linh,MASS,A. Tài khoản & Thông tin KH,Mở tài khoản thanh toán ngoại tệ (USD/EUR),VPBank Financial,"5,718,795 VND",APP,2026-03-16 14:42:00
CUST_0044,Phạm Ngọc Linh,MASS,C. Tiết kiệm & Tiền gửi,Gửi tiết kiệm có kỳ hạn VND tại quầy,VPBank Financial,"141,805,003 VND",COUNTER,2026-07-01 11:50:00
CUST_0044,Phạm Ngọc Linh,MASS,A. Tài khoản & Thông tin KH,Đóng tài khoản thanh toán,VPBank Financial,"10,769,472 VND",APP,2026-05-17 15:03:00
CUST_0044,Phạm Ngọc Linh,MASS,D. Thẻ,Tra soát / khiếu nại giao dịch thẻ,VPBank Financial,"18,338,286 VND",APP,2026-03-01 10:53:00
CUST_0100,Vũ Thanh Phong,MASS,G. Tín dụng,Trả nợ gốc / lãi khoản vay tại quầy,VPBank Financial,"58,193,650 VND",COUNTER,2026-07-13 09:04:00
CUST_0100,Vũ Thanh Phong,MASS,B. Giao dịch tiền mặt,Dịch vụ thu hộ / chi hộ tiền mặt tại quầy,VPBank Financial,"4,811,007 VND",COUNTER,2026-06-03 15:10:00
CUST_0100,Vũ Thanh Phong,MASS,C. Tiết kiệm & Tiền gửi,Gửi tiết kiệm ngoại tệ (USD/EUR),VPBank Financial,"193,621,816 VND",APP,2026-07-23 07:32:00
CUST_0100,Vũ Thanh Phong,MASS,C. Tiết kiệm & Tiền gửi,Tất toán sổ tiết kiệm đúng hạn,VPBank Financial,"229,329,928 VND",APP,2026-03-14 11:24:00
CUST_0100,Vũ Thanh Phong,MASS,D. Thẻ,Phát hành thẻ ghi nợ quốc tế (Visa/Mastercard Debit),VPBank Financial,"1,930,853 VND",EBANK,2026-02-09 15:02:00
CUST_0100,Vũ Thanh Phong,MASS,E. Chuyển tiền & Thanh toán,Nộp thuế / phí lệ phí nhà nước,VPBank Financial,"81,292,186 VND",APP,2026-04-20 10:56:00
CUST_0100,Vũ Thanh Phong,MASS,C. Tiết kiệm & Tiền gửi,Báo mất / cấp lại sổ tiết kiệm,VPBank Financial,"99,240,015 VND",COUNTER,2026-06-28 08:51:00
CUST_0100,Vũ Thanh Phong,MASS,I. Ngân hàng số & Hỗ trợ,"Đăng ký / hủy SMS Banking, thông báo biến động số dư",VPBank Financial,"2,047,090 VND",APP,2026-02-02 07:55:00
CUST_0100,Vũ Thanh Phong,MASS,J. Khách hàng doanh nghiệp,Nộp thuế điện tử doanh nghiệp,VPBank Financial,"18,834,579 VND",COUNTER,2026-07-27 14:37:00
CUST_0100,Vũ Thanh Phong,MASS,D. Thẻ,"Khóa / mở khóa thẻ, báo mất và phát hành lại",VPBank Financial,"12,355,138 VND",COUNTER,2026-07-01 14:42:00
CUST_0100,Vũ Thanh Phong,MASS,D. Thẻ,Phát hành thẻ ghi nợ nội địa (ATM/Napas),VPBank Financial,"3,508,582 VND",COUNTER,2026-05-20 11:10:00
CUST_0100,Vũ Thanh Phong,MASS,A. Tài khoản & Thông tin KH,Xin sao kê tài khoản / xác nhận số dư,VPBank Financial,"18,662,430 VND",COUNTER,2026-02-14 09:26:00
CUST_0100,Vũ Thanh Phong,MASS,C. Tiết kiệm & Tiền gửi,Tất toán sổ tiết kiệm đúng hạn,VPBank Financial,"98,682,749 VND",ATM,2026-02-11 11:32:00
CUST_0100,Vũ Thanh Phong,MASS,A. Tài khoản & Thông tin KH,Mở tài khoản thanh toán VND,VPBank Financial,"779,390 VND",COUNTER,2026-06-19 09:21:00
CUST_0100,Vũ Thanh Phong,MASS,E. Chuyển tiền & Thanh toán,"Thanh toán hóa đơn (điện, nước, viễn thông, học phí, bảo hiểm)",VPBank Financial,"84,379,596 VND",APP,2026-04-03 13:07:00
CUST_0100,Vũ Thanh Phong,MASS,E. Chuyển tiền & Thanh toán,Đăng ký ủy nhiệm chi / chuyển tiền định kỳ tự động,VPBank Financial,"24,665,079 VND",EBANK,2026-02-12 12:17:00
CUST_0100,Vũ Thanh Phong,MASS,E. Chuyển tiền & Thanh toán,Tra soát lệnh chuyển tiền / yêu cầu hoàn tiền,VPBank Financial,"68,015,195 VND",EBANK,2026-04-18 12:48:00
CUST_0100,Vũ Thanh Phong,MASS,C. Tiết kiệm & Tiền gửi,Xác nhận số dư sổ tiết kiệm (chứng minh tài chính),VPBank Financial,"108,214,858 VND",APP,2026-05-18 12:17:00
CUST_0100,Vũ Thanh Phong,MASS,A. Tài khoản & Thông tin KH,Xin sao kê tài khoản / xác nhận số dư,VPBank Financial,"8,553,730 VND",ATM,2026-06-10 14:27:00
CUST_0100,Vũ Thanh Phong,MASS,J. Khách hàng doanh nghiệp,"Mở L/C và thanh toán quốc tế (T/T, D/P, D/A)",VPBank Financial,"12,054,722 VND",APP,2026-06-16 13:28:00
CUST_0100,Vũ Thanh Phong,MASS,D. Thẻ,"Khóa / mở khóa thẻ, báo mất và phát hành lại",VPBank Financial,"18,669,678 VND",APP,2026-05-19 11:27:00
CUST_0100,Vũ Thanh Phong,MASS,C. Tiết kiệm & Tiền gửi,Gửi tiết kiệm tích lũy / gửi góp định kỳ,VPBank Financial,"166,307,683 VND",APP,2026-03-06 15:31:00
CUST_0005,Vũ Thanh Cường,MASS,H. Bảo hiểm & Đầu tư,Tư vấn và mua bảo hiểm nhân thọ (Bancassurance),VPBank Financial,"3,315,957 VND",COUNTER,2026-06-01 07:53:00
CUST_0005,Vũ Thanh Cường,MASS,J. Khách hàng doanh nghiệp,"Mở L/C và thanh toán quốc tế (T/T, D/P, D/A)",VPBank Financial,"6,911,605 VND",COUNTER,2026-02-08 08:47:00
CUST_0005,Vũ Thanh Cường,MASS,H. Bảo hiểm & Đầu tư,Mua chứng chỉ quỹ / trái phiếu do ngân hàng phân phối,VPBank Financial,"13,966,428 VND",COUNTER,2026-04-06 10:59:00
CUST_0005,Vũ Thanh Cường,MASS,B. Giao dịch tiền mặt,Nộp tiền mặt vào tài khoản của chính mình,VPBank Financial,"16,697,547 VND",APP,2026-07-07 13:26:00
CUST_0005,Vũ Thanh Cường,MASS,J. Khách hàng doanh nghiệp,Vay vốn lưu động / hạn mức tín dụng doanh nghiệp,VPBank Financial,"4,141,830 VND",APP,2026-02-22 15:48:00
CUST_0005,Vũ Thanh Cường,MASS,B. Giao dịch tiền mặt,Nộp tiền mặt vào tài khoản người khác,VPBank Financial,"5,635,983 VND",ATM,2026-07-04 12:28:00
CUST_0005,Vũ Thanh Cường,MASS,D. Thẻ,Nhận thẻ và kích hoạt thẻ tại quầy,VPBank Financial,"18,052,737 VND",EBANK,2026-07-31 10:43:00
CUST_0005,Vũ Thanh Cường,MASS,J. Khách hàng doanh nghiệp,"Mở L/C và thanh toán quốc tế (T/T, D/P, D/A)",VPBank Financial,"6,079,513 VND",APP,2026-03-19 07:41:00
CUST_0005,Vũ Thanh Cường,MASS,I. Ngân hàng số & Hỗ trợ,Đăng ký dịch vụ trả lương qua tài khoản,VPBank Financial,"12,007,287 VND",APP,2026-07-25 10:05:00
CUST_0005,Vũ Thanh Cường,MASS,A. Tài khoản & Thông tin KH,Đăng ký / thay đổi chữ ký mẫu,VPBank Financial,"13,097,727 VND",APP,2026-07-18 10:47:00
CUST_0005,Vũ Thanh Cường,MASS,I. Ngân hàng số & Hỗ trợ,Đăng ký nâng hạng khách hàng ưu tiên (VPBank Diamond / Prime),VPBank Financial,"12,077,386 VND",APP,2026-03-13 14:35:00
CUST_0005,Vũ Thanh Cường,MASS,G. Tín dụng,Đăng ký hạn mức thấu chi tài khoản,VPBank Financial,"164,788,463 VND",ATM,2026-04-17 08:05:00
CUST_0005,Vũ Thanh Cường,MASS,J. Khách hàng doanh nghiệp,Ủy nhiệm chi / chuyển tiền doanh nghiệp,VPBank Financial,"12,848,396 VND",ATM,2026-05-07 15:30:00
CUST_0005,Vũ Thanh Cường,MASS,H. Bảo hiểm & Đầu tư,Mua chứng chỉ quỹ / trái phiếu do ngân hàng phân phối,VPBank Financial,"3,893,132 VND",EBANK,2026-03-20 14:08:00
CUST_0005,Vũ Thanh Cường,MASS,B. Giao dịch tiền mặt,Nộp tiền mặt vào tài khoản người khác,VPBank Financial,"7,988,338 VND",APP,2026-06-13 07:11:00
CUST_0005,Vũ Thanh Cường,MASS,G. Tín dụng,Đăng ký hạn mức thấu chi tài khoản,VPBank Financial,"191,927,762 VND",ATM,2026-05-24 15:28:00
CUST_0005,Vũ Thanh Cường,MASS,C. Tiết kiệm & Tiền gửi,Gửi tiết kiệm có kỳ hạn VND tại quầy,VPBank Financial,"295,761,691 VND",APP,2026-03-07 11:38:00
CUST_0005,Vũ Thanh Cường,MASS,I. Ngân hàng số & Hỗ trợ,Đăng ký nâng hạng khách hàng ưu tiên (VPBank Diamond / Prime),VPBank Financial,"14,379,474 VND",APP,2026-04-12 08:49:00
CUST_0005,Vũ Thanh Cường,MASS,E. Chuyển tiền & Thanh toán,Chuyển tiền trong hệ thống VPBank,VPBank Financial,"99,859,886 VND",APP,2026-05-16 15:48:00
CUST_0005,Vũ Thanh Cường,MASS,E. Chuyển tiền & Thanh toán,Nhận tiền chuyển đến từ nước ngoài / chi trả kiều hối,VPBank Financial,"70,711,825 VND",ATM,2026-03-27 14:37:00
CUST_0096,Hoàng Hoàng Em,PRIME,G. Tín dụng,Tư vấn và nộp hồ sơ vay mua ô tô,VPBank Financial,"27,885,629 VND",APP,2026-03-03 11:57:00
CUST_0096,Hoàng Hoàng Em,PRIME,C. Tiết kiệm & Tiền gửi,Gửi tiết kiệm có kỳ hạn VND tại quầy,VPBank Financial,"88,137,439 VND",COUNTER,2026-02-21 12:07:00
CUST_0096,Hoàng Hoàng Em,PRIME,I. Ngân hàng số & Hỗ trợ,Tiếp nhận khiếu nại / góp ý dịch vụ chung,VPBank Financial,"16,697,195 VND",APP,2026-05-31 09:24:00
CUST_0096,Hoàng Hoàng Em,PRIME,H. Bảo hiểm & Đầu tư,Mua chứng chỉ quỹ / trái phiếu do ngân hàng phân phối,VPBank Financial,"13,797,763 VND",APP,2026-02-28 09:53:00
CUST_0096,Hoàng Hoàng Em,PRIME,C. Tiết kiệm & Tiền gửi,Báo mất / cấp lại sổ tiết kiệm,VPBank Financial,"237,161,898 VND",COUNTER,2026-04-12 10:02:00
CUST_0096,Hoàng Hoàng Em,PRIME,J. Khách hàng doanh nghiệp,Phát hành thư bảo lãnh ngân hàng,VPBank Financial,"1,293,309 VND",EBANK,2026-07-12 14:57:00
CUST_0096,Hoàng Hoàng Em,PRIME,D. Thẻ,Đăng ký trả góp 0% qua thẻ tín dụng,VPBank Financial,"11,517,461 VND",EBANK,2026-02-06 10:31:00
CUST_0096,Hoàng Hoàng Em,PRIME,G. Tín dụng,Tất toán khoản vay trước hạn / giải chấp tài sản,VPBank Financial,"251,155,155 VND",APP,2026-06-14 11:17:00
CUST_0096,Hoàng Hoàng Em,PRIME,I. Ngân hàng số & Hỗ trợ,Lấy số thứ tự và check-in tại quầy,VPBank Financial,"12,366,724 VND",APP,2026-07-27 11:03:00
CUST_0096,Hoàng Hoàng Em,PRIME,D. Thẻ,Nộp hồ sơ mở thẻ tín dụng,VPBank Financial,"16,751,297 VND",APP,2026-03-04 12:55:00
CUST_0096,Hoàng Hoàng Em,PRIME,F. Ngoại tệ,Bán ngoại tệ tiền mặt cho ngân hàng,VPBank Financial,"8,055,435 VND",ATM,2026-07-04 14:59:00
CUST_0096,Hoàng Hoàng Em,PRIME,F. Ngoại tệ,Bán ngoại tệ tiền mặt cho ngân hàng,VPBank Financial,"14,312,227 VND",COUNTER,2026-05-07 08:09:00
CUST_0096,Hoàng Hoàng Em,PRIME,C. Tiết kiệm & Tiền gửi,Cầm cố sổ tiết kiệm để vay vốn,VPBank Financial,"268,190,622 VND",APP,2026-07-29 15:58:00
CUST_0096,Hoàng Hoàng Em,PRIME,H. Bảo hiểm & Đầu tư,Hỗ trợ hồ sơ yêu cầu bồi thường bảo hiểm,VPBank Financial,"529,461 VND",APP,2026-07-31 15:49:00
CUST_0096,Hoàng Hoàng Em,PRIME,E. Chuyển tiền & Thanh toán,Đăng ký ủy nhiệm chi / chuyển tiền định kỳ tự động,VPBank Financial,"57,000,887 VND",COUNTER,2026-04-10 14:48:00
CUST_0096,Hoàng Hoàng Em,PRIME,E. Chuyển tiền & Thanh toán,Nộp thuế / phí lệ phí nhà nước,VPBank Financial,"68,117,374 VND",APP,2026-04-30 07:56:00
CUST_0096,Hoàng Hoàng Em,PRIME,A. Tài khoản & Thông tin KH,"Cập nhật thông tin CIF (CCCD, địa chỉ, SĐT, email, nghề nghiệp)",VPBank Financial,"6,358,199 VND",COUNTER,2026-04-02 15:49:00
CUST_0096,Hoàng Hoàng Em,PRIME,H. Bảo hiểm & Đầu tư,Mua chứng chỉ quỹ / trái phiếu do ngân hàng phân phối,VPBank Financial,"6,849,827 VND",COUNTER,2026-04-23 09:44:00
CUST_0119,Hoàng Minh Long,DIAMOND,D. Thẻ,Yêu cầu tăng / giảm hạn mức thẻ tín dụng,VPBank Financial,"16,864,116 VND",COUNTER,2026-06-17 13:27:00
CUST_0119,Hoàng Minh Long,DIAMOND,C. Tiết kiệm & Tiền gửi,Gửi tiết kiệm có kỳ hạn VND tại quầy,VPBank Financial,"133,190,313 VND",COUNTER,2026-05-14 07:22:00
CUST_0119,Hoàng Minh Long,DIAMOND,J. Khách hàng doanh nghiệp,Ủy nhiệm chi / chuyển tiền doanh nghiệp,VPBank Financial,"18,882,352 VND",EBANK,2026-07-01 12:03:00
CUST_0119,Hoàng Minh Long,DIAMOND,H. Bảo hiểm & Đầu tư,Hỗ trợ hồ sơ yêu cầu bồi thường bảo hiểm,VPBank Financial,"9,186,162 VND",APP,2026-05-30 08:33:00
CUST_0119,Hoàng Minh Long,DIAMOND,J. Khách hàng doanh nghiệp,Chi lương hàng loạt cho nhân viên,VPBank Financial,"17,966,510 VND",APP,2026-04-22 09:15:00
CUST_0119,Hoàng Minh Long,DIAMOND,D. Thẻ,Phát hành thẻ ghi nợ nội địa (ATM/Napas),VPBank Financial,"936,990 VND",EBANK,2026-04-19 12:10:00
CUST_0119,Hoàng Minh Long,DIAMOND,B. Giao dịch tiền mặt,Dịch vụ thu hộ / chi hộ tiền mặt tại quầy,VPBank Financial,"19,480,854 VND",COUNTER,2026-07-22 14:26:00
CUST_0119,Hoàng Minh Long,DIAMOND,B. Giao dịch tiền mặt,Nộp tiền mặt vào tài khoản người khác,VPBank Financial,"18,858,223 VND",ATM,2026-05-22 15:16:00
CUST_0119,Hoàng Minh Long,DIAMOND,C. Tiết kiệm & Tiền gửi,Tất toán sổ tiết kiệm đúng hạn,VPBank Financial,"194,322,110 VND",COUNTER,2026-02-09 11:03:00
CUST_0119,Hoàng Minh Long,DIAMOND,E. Chuyển tiền & Thanh toán,Tra soát lệnh chuyển tiền / yêu cầu hoàn tiền,VPBank Financial,"14,854,366 VND",ATM,2026-05-24 15:18:00
CUST_0119,Hoàng Minh Long,DIAMOND,D. Thẻ,Nộp hồ sơ mở thẻ tín dụng,VPBank Financial,"1,200,300 VND",APP,2026-04-27 09:11:00
CUST_0119,Hoàng Minh Long,DIAMOND,I. Ngân hàng số & Hỗ trợ,Đăng ký nâng hạng khách hàng ưu tiên (VPBank Diamond / Prime),VPBank Financial,"19,326,676 VND",EBANK,2026-04-10 11:57:00
CUST_0119,Hoàng Minh Long,DIAMOND,A. Tài khoản & Thông tin KH,Mở tài khoản đồng sở hữu / ủy quyền sử dụng tài khoản,VPBank Financial,"14,421,802 VND",COUNTER,2026-03-24 13:09:00
CUST_0119,Hoàng Minh Long,DIAMOND,J. Khách hàng doanh nghiệp,Ủy nhiệm chi / chuyển tiền doanh nghiệp,VPBank Financial,"9,226,475 VND",EBANK,2026-03-09 14:54:00
CUST_0119,Hoàng Minh Long,DIAMOND,H. Bảo hiểm & Đầu tư,Mở tài khoản chứng khoán / đăng ký dịch vụ đầu tư,VPBank Financial,"7,412,843 VND",COUNTER,2026-05-12 13:27:00
CUST_0119,Hoàng Minh Long,DIAMOND,H. Bảo hiểm & Đầu tư,Đóng phí bảo hiểm định kỳ tại quầy,VPBank Financial,"1,729,980 VND",COUNTER,2026-07-24 07:01:00
CUST_0119,Hoàng Minh Long,DIAMOND,F. Ngoại tệ,"Mua ngoại tệ tiền mặt (du lịch, du học, công tác, chữa bệnh)",VPBank Financial,"50,242,117 VND",EBANK,2026-03-11 07:50:00
CUST_0119,Hoàng Minh Long,DIAMOND,H. Bảo hiểm & Đầu tư,Đóng phí bảo hiểm định kỳ tại quầy,VPBank Financial,"4,568,790 VND",COUNTER,2026-05-21 10:27:00
CUST_0119,Hoàng Minh Long,DIAMOND,F. Ngoại tệ,Cấp giấy xác nhận mang ngoại tệ ra nước ngoài,VPBank Financial,"74,973,008 VND",APP,2026-04-07 11:15:00
CUST_0119,Hoàng Minh Long,DIAMOND,D. Thẻ,Tra soát / khiếu nại giao dịch thẻ,VPBank Financial,"18,955,508 VND",COUNTER,2026-02-07 15:42:00
CUST_0119,Hoàng Minh Long,DIAMOND,E. Chuyển tiền & Thanh toán,"Thanh toán hóa đơn (điện, nước, viễn thông, học phí, bảo hiểm)",VPBank Financial,"86,719,536 VND",APP,2026-04-23 11:22:00
CUST_0119,Hoàng Minh Long,DIAMOND,H. Bảo hiểm & Đầu tư,Mua chứng chỉ quỹ / trái phiếu do ngân hàng phân phối,VPBank Financial,"10,146,837 VND",APP,2026-05-25 07:07:00
CUST_0119,Hoàng Minh Long,DIAMOND,E. Chuyển tiền & Thanh toán,Đăng ký ủy nhiệm chi / chuyển tiền định kỳ tự động,VPBank Financial,"97,906,005 VND",ATM,2026-06-06 11:43:00
CUST_0119,Hoàng Minh Long,DIAMOND,D. Thẻ,"Khóa / mở khóa thẻ, báo mất và phát hành lại",VPBank Financial,"7,929,923 VND",COUNTER,2026-04-14 13:34:00
CUST_0119,Hoàng Minh Long,DIAMOND,D. Thẻ,Phát hành thẻ ghi nợ quốc tế (Visa/Mastercard Debit),VPBank Financial,"14,578,815 VND",APP,2026-03-11 15:18:00
CUST_0071,Võ Hoàng Bình,MASS,E. Chuyển tiền & Thanh toán,Chuyển tiền trong hệ thống VPBank,VPBank Financial,"42,475,542 VND",ATM,2026-03-08 10:02:00
CUST_0071,Võ Hoàng Bình,MASS,J. Khách hàng doanh nghiệp,Nộp / rút tiền mặt tài khoản doanh nghiệp,VPBank Financial,"19,925,245 VND",APP,2026-04-05 09:58:00
CUST_0071,Võ Hoàng Bình,MASS,C. Tiết kiệm & Tiền gửi,Chuyển nhượng / thừa kế sổ tiết kiệm,VPBank Financial,"200,935,883 VND",COUNTER,2026-07-21 07:49:00
CUST_0071,Võ Hoàng Bình,MASS,J. Khách hàng doanh nghiệp,Phát hành thư bảo lãnh ngân hàng,VPBank Financial,"9,831,559 VND",APP,2026-05-23 09:38:00
CUST_0071,Võ Hoàng Bình,MASS,C. Tiết kiệm & Tiền gửi,Gửi tiết kiệm có kỳ hạn VND tại quầy,VPBank Financial,"253,716,096 VND",APP,2026-02-04 10:06:00
CUST_0071,Võ Hoàng Bình,MASS,J. Khách hàng doanh nghiệp,Đăng ký dịch vụ thu hộ qua mã VietQR / Virtual Account,VPBank Financial,"2,591,435 VND",APP,2026-07-04 14:04:00
CUST_0071,Võ Hoàng Bình,MASS,A. Tài khoản & Thông tin KH,"Cập nhật thông tin CIF (CCCD, địa chỉ, SĐT, email, nghề nghiệp)",VPBank Financial,"11,743,370 VND",APP,2026-06-06 09:27:00
CUST_0071,Võ Hoàng Bình,MASS,D. Thẻ,Thanh toán sao kê thẻ tín dụng tại quầy,VPBank Financial,"1,173,222 VND",COUNTER,2026-06-09 11:57:00
CUST_0071,Võ Hoàng Bình,MASS,G. Tín dụng,Xin xác nhận dư nợ / lịch sử trả nợ / xóa nợ xấu,VPBank Financial,"180,791,447 VND",APP,2026-04-01 09:32:00
CUST_0071,Võ Hoàng Bình,MASS,J. Khách hàng doanh nghiệp,Nộp / rút tiền mặt tài khoản doanh nghiệp,VPBank Financial,"2,906,562 VND",APP,2026-07-06 11:00:00
CUST_0071,Võ Hoàng Bình,MASS,D. Thẻ,"Khóa / mở khóa thẻ, báo mất và phát hành lại",VPBank Financial,"14,360,799 VND",COUNTER,2026-06-11 15:08:00
CUST_0071,Võ Hoàng Bình,MASS,H. Bảo hiểm & Đầu tư,Mở tài khoản chứng khoán / đăng ký dịch vụ đầu tư,VPBank Financial,"19,944,649 VND",APP,2026-04-26 14:35:00
CUST_0071,Võ Hoàng Bình,MASS,J. Khách hàng doanh nghiệp,Đăng ký eBanking doanh nghiệp và phân quyền người dùng,VPBank Financial,"5,533,497 VND",COUNTER,2026-04-12 11:53:00
CUST_0071,Võ Hoàng Bình,MASS,C. Tiết kiệm & Tiền gửi,Rút trước hạn sổ tiết kiệm (một phần / toàn bộ),VPBank Financial,"278,746,725 VND",COUNTER,2026-05-04 13:17:00
CUST_0071,Võ Hoàng Bình,MASS,F. Ngoại tệ,Cấp giấy xác nhận mang ngoại tệ ra nước ngoài,VPBank Financial,"25,506,501 VND",APP,2026-05-26 08:36:00
CUST_0071,Võ Hoàng Bình,MASS,E. Chuyển tiền & Thanh toán,Nộp thuế / phí lệ phí nhà nước,VPBank Financial,"81,744,338 VND",APP,2026-06-03 14:52:00
CUST_0071,Võ Hoàng Bình,MASS,B. Giao dịch tiền mặt,Rút tiền mặt từ tài khoản,VPBank Financial,"3,071,281 VND",COUNTER,2026-04-30 14:11:00
CUST_0071,Võ Hoàng Bình,MASS,H. Bảo hiểm & Đầu tư,Hỗ trợ hồ sơ yêu cầu bồi thường bảo hiểm,VPBank Financial,"19,359,273 VND",COUNTER,2026-04-29 09:48:00
CUST_0071,Võ Hoàng Bình,MASS,I. Ngân hàng số & Hỗ trợ,Đăng ký dịch vụ trả lương qua tài khoản,VPBank Financial,"533,885 VND",COUNTER,2026-07-30 15:03:00
CUST_0071,Võ Hoàng Bình,MASS,G. Tín dụng,Tư vấn và nộp hồ sơ vay tiêu dùng tín chấp,VPBank Financial,"86,418,321 VND",EBANK,2026-07-12 11:50:00
CUST_0071,Võ Hoàng Bình,MASS,A. Tài khoản & Thông tin KH,Đăng ký / thay đổi chữ ký mẫu,VPBank Financial,"17,076,638 VND",COUNTER,2026-04-13 12:32:00
CUST_0071,Võ Hoàng Bình,MASS,D. Thẻ,Tra soát / khiếu nại giao dịch thẻ,VPBank Financial,"15,631,393 VND",COUNTER,2026-07-12 14:54:00
CUST_0071,Võ Hoàng Bình,MASS,C. Tiết kiệm & Tiền gửi,Báo mất / cấp lại sổ tiết kiệm,VPBank Financial,"207,803,984 VND",APP,2026-03-10 08:03:00
CUST_0071,Võ Hoàng Bình,MASS,I. Ngân hàng số & Hỗ trợ,Tiếp nhận khiếu nại / góp ý dịch vụ chung,VPBank Financial,"5,229,748 VND",APP,2026-06-24 11:15:00
CUST_0071,Võ Hoàng Bình,MASS,H. Bảo hiểm & Đầu tư,"Mua bảo hiểm phi nhân thọ (sức khỏe, ô tô, nhà, du lịch)",VPBank Financial,"16,213,269 VND",COUNTER,2026-04-15 08:00:00
CUST_0103,Trần Hoàng Em,PRIME,F. Ngoại tệ,Bán ngoại tệ tiền mặt cho ngân hàng,VPBank Financial,"34,995,623 VND",APP,2026-03-06 08:34:00
CUST_0103,Trần Hoàng Em,PRIME,C. Tiết kiệm & Tiền gửi,Gửi tiết kiệm ngoại tệ (USD/EUR),VPBank Financial,"107,540,261 VND",APP,2026-07-26 12:26:00
CUST_0103,Trần Hoàng Em,PRIME,C. Tiết kiệm & Tiền gửi,Gửi tiết kiệm ngoại tệ (USD/EUR),VPBank Financial,"18,352,342 VND",APP,2026-05-08 12:21:00
CUST_0103,Trần Hoàng Em,PRIME,E. Chuyển tiền & Thanh toán,Chuyển tiền liên ngân hàng (Napas 24/7 / Citad),VPBank Financial,"79,725,430 VND",COUNTER,2026-03-29 15:35:00
CUST_0103,Trần Hoàng Em,PRIME,I. Ngân hàng số & Hỗ trợ,Đăng ký / kích hoạt VPBank NEO (Internet & Mobile Banking),VPBank Financial,"8,089,879 VND",COUNTER,2026-07-22 10:41:00
CUST_0103,Trần Hoàng Em,PRIME,E. Chuyển tiền & Thanh toán,Nhận tiền chuyển đến từ nước ngoài / chi trả kiều hối,VPBank Financial,"67,920,202 VND",APP,2026-07-19 07:04:00
CUST_0103,Trần Hoàng Em,PRIME,C. Tiết kiệm & Tiền gửi,Gửi tiết kiệm ngoại tệ (USD/EUR),VPBank Financial,"261,193,276 VND",APP,2026-02-16 10:08:00
CUST_0103,Trần Hoàng Em,PRIME,J. Khách hàng doanh nghiệp,Đăng ký eBanking doanh nghiệp và phân quyền người dùng,VPBank Financial,"17,032,628 VND",COUNTER,2026-06-16 10:38:00
CUST_0103,Trần Hoàng Em,PRIME,G. Tín dụng,Tư vấn và nộp hồ sơ vay tiêu dùng tín chấp,VPBank Financial,"110,325,360 VND",COUNTER,2026-05-26 13:25:00
CUST_0103,Trần Hoàng Em,PRIME,I. Ngân hàng số & Hỗ trợ,Đăng ký / kích hoạt VPBank NEO (Internet & Mobile Banking),VPBank Financial,"16,313,817 VND",APP,2026-02-13 11:46:00
CUST_0103,Trần Hoàng Em,PRIME,D. Thẻ,Phát hành thẻ ghi nợ quốc tế (Visa/Mastercard Debit),VPBank Financial,"1,190,441 VND",COUNTER,2026-07-27 10:08:00
CUST_0103,Trần Hoàng Em,PRIME,H. Bảo hiểm & Đầu tư,Mua chứng chỉ quỹ / trái phiếu do ngân hàng phân phối,VPBank Financial,"12,966,913 VND",APP,2026-06-16 11:12:00
CUST_0103,Trần Hoàng Em,PRIME,D. Thẻ,Phát hành thẻ ghi nợ nội địa (ATM/Napas),VPBank Financial,"470,466 VND",COUNTER,2026-07-24 07:33:00
CUST_0103,Trần Hoàng Em,PRIME,D. Thẻ,"Khóa / mở khóa thẻ, báo mất và phát hành lại",VPBank Financial,"12,383,455 VND",EBANK,2026-07-03 12:48:00
CUST_0103,Trần Hoàng Em,PRIME,C. Tiết kiệm & Tiền gửi,Gửi tiết kiệm có kỳ hạn VND tại quầy,VPBank Financial,"49,055,697 VND",ATM,2026-02-03 07:32:00
CUST_0103,Trần Hoàng Em,PRIME,F. Ngoại tệ,Chuyển đổi ngoại tệ giữa các tài khoản (không dùng tiền mặt),VPBank Financial,"31,302,699 VND",COUNTER,2026-07-08 11:56:00
CUST_0103,Trần Hoàng Em,PRIME,I. Ngân hàng số & Hỗ trợ,Lấy số thứ tự và check-in tại quầy,VPBank Financial,"13,903,087 VND",ATM,2026-05-23 13:28:00
CUST_0103,Trần Hoàng Em,PRIME,I. Ngân hàng số & Hỗ trợ,Reset mật khẩu / cấp lại eToken / đổi thiết bị đăng nhập,VPBank Financial,"18,577,884 VND",APP,2026-04-23 14:43:00
CUST_0103,Trần Hoàng Em,PRIME,G. Tín dụng,Tư vấn và nộp hồ sơ vay mua ô tô,VPBank Financial,"129,316,509 VND",EBANK,2026-05-26 07:32:00
CUST_0103,Trần Hoàng Em,PRIME,A. Tài khoản & Thông tin KH,Phong tỏa / giải tỏa tài khoản,VPBank Financial,"16,461,577 VND",APP,2026-06-11 07:57:00
CUST_0103,Trần Hoàng Em,PRIME,D. Thẻ,Đăng ký trả góp 0% qua thẻ tín dụng,VPBank Financial,"7,253,384 VND",COUNTER,2026-03-19 10:34:00
CUST_0103,Trần Hoàng Em,PRIME,B. Giao dịch tiền mặt,Đổi mệnh giá tiền / đổi tiền không đủ tiêu chuẩn lưu thông,VPBank Financial,"6,972,184 VND",COUNTER,2026-04-13 14:27:00
CUST_0103,Trần Hoàng Em,PRIME,A. Tài khoản & Thông tin KH,Mở tài khoản đồng sở hữu / ủy quyền sử dụng tài khoản,VPBank Financial,"3,786,019 VND",COUNTER,2026-06-29 13:04:00
CUST_0103,Trần Hoàng Em,PRIME,D. Thẻ,Đăng ký trả góp 0% qua thẻ tín dụng,VPBank Financial,"7,982,168 VND",APP,2026-06-15 14:39:00
CUST_0103,Trần Hoàng Em,PRIME,G. Tín dụng,Tư vấn và nộp hồ sơ vay mua/sửa nhà (thế chấp bất động sản),VPBank Financial,"204,949,946 VND",EBANK,2026-04-27 07:58:00
CUST_0103,Trần Hoàng Em,PRIME,A. Tài khoản & Thông tin KH,"Cập nhật thông tin CIF (CCCD, địa chỉ, SĐT, email, nghề nghiệp)",VPBank Financial,"7,995,140 VND",COUNTER,2026-02-10 07:32:00
CUST_0103,Trần Hoàng Em,PRIME,F. Ngoại tệ,"Mua ngoại tệ tiền mặt (du lịch, du học, công tác, chữa bệnh)",VPBank Financial,"32,776,111 VND",COUNTER,2026-07-23 08:47:00
CUST_0103,Trần Hoàng Em,PRIME,D. Thẻ,Nộp hồ sơ mở thẻ tín dụng,VPBank Financial,"1,370,960 VND",EBANK,2026-05-08 13:08:00
CUST_0103,Trần Hoàng Em,PRIME,I. Ngân hàng số & Hỗ trợ,Đăng ký / kích hoạt VPBank NEO (Internet & Mobile Banking),VPBank Financial,"6,242,838 VND",APP,2026-02-14 08:58:00
CUST_0098,Võ Thanh Tuấn,MASS,J. Khách hàng doanh nghiệp,Phát hành thư bảo lãnh ngân hàng,VPBank Financial,"4,018,224 VND",COUNTER,2026-06-03 07:13:00
CUST_0098,Võ Thanh Tuấn,MASS,C. Tiết kiệm & Tiền gửi,Tất toán sổ tiết kiệm đúng hạn,VPBank Financial,"52,949,232 VND",APP,2026-04-07 12:05:00
CUST_0098,Võ Thanh Tuấn,MASS,C. Tiết kiệm & Tiền gửi,Báo mất / cấp lại sổ tiết kiệm,VPBank Financial,"104,813,209 VND",APP,2026-03-25 12:22:00
CUST_0098,Võ Thanh Tuấn,MASS,D. Thẻ,Phát hành thẻ ghi nợ quốc tế (Visa/Mastercard Debit),VPBank Financial,"2,312,894 VND",APP,2026-07-30 07:45:00
CUST_0098,Võ Thanh Tuấn,MASS,B. Giao dịch tiền mặt,Nộp tiền mặt vào tài khoản của chính mình,VPBank Financial,"9,069,839 VND",APP,2026-05-14 13:57:00
CUST_0098,Võ Thanh Tuấn,MASS,C. Tiết kiệm & Tiền gửi,Chuyển nhượng / thừa kế sổ tiết kiệm,VPBank Financial,"88,949,757 VND",COUNTER,2026-03-13 14:54:00
CUST_0098,Võ Thanh Tuấn,MASS,D. Thẻ,Tra soát / khiếu nại giao dịch thẻ,VPBank Financial,"19,022,113 VND",APP,2026-02-20 11:39:00
CUST_0098,Võ Thanh Tuấn,MASS,J. Khách hàng doanh nghiệp,Vay vốn lưu động / hạn mức tín dụng doanh nghiệp,VPBank Financial,"3,530,629 VND",APP,2026-06-08 10:20:00
CUST_0098,Võ Thanh Tuấn,MASS,D. Thẻ,Yêu cầu tăng / giảm hạn mức thẻ tín dụng,VPBank Financial,"16,771,102 VND",COUNTER,2026-06-03 13:44:00
CUST_0098,Võ Thanh Tuấn,MASS,C. Tiết kiệm & Tiền gửi,Tái tục sổ tiết kiệm / chuyển kỳ hạn,VPBank Financial,"125,432,520 VND",COUNTER,2026-07-02 12:45:00
CUST_0098,Võ Thanh Tuấn,MASS,F. Ngoại tệ,Cấp giấy xác nhận mang ngoại tệ ra nước ngoài,VPBank Financial,"22,492,352 VND",ATM,2026-05-12 09:23:00
CUST_0098,Võ Thanh Tuấn,MASS,J. Khách hàng doanh nghiệp,Vay vốn lưu động / hạn mức tín dụng doanh nghiệp,VPBank Financial,"18,187,235 VND",APP,2026-03-15 11:00:00
CUST_0098,Võ Thanh Tuấn,MASS,A. Tài khoản & Thông tin KH,Xin sao kê tài khoản / xác nhận số dư,VPBank Financial,"19,584,781 VND",COUNTER,2026-05-11 08:02:00
CUST_0098,Võ Thanh Tuấn,MASS,I. Ngân hàng số & Hỗ trợ,Đăng ký / kích hoạt VPBank NEO (Internet & Mobile Banking),VPBank Financial,"13,967,052 VND",APP,2026-02-12 09:52:00
CUST_0098,Võ Thanh Tuấn,MASS,A. Tài khoản & Thông tin KH,"Cập nhật thông tin CIF (CCCD, địa chỉ, SĐT, email, nghề nghiệp)",VPBank Financial,"12,272,681 VND",COUNTER,2026-07-03 14:45:00
CUST_0098,Võ Thanh Tuấn,MASS,I. Ngân hàng số & Hỗ trợ,Đăng ký nâng hạng khách hàng ưu tiên (VPBank Diamond / Prime),VPBank Financial,"12,684,236 VND",APP,2026-04-19 10:10:00
CUST_0098,Võ Thanh Tuấn,MASS,J. Khách hàng doanh nghiệp,Đăng ký dịch vụ thu hộ qua mã VietQR / Virtual Account,VPBank Financial,"4,424,729 VND",COUNTER,2026-05-26 09:36:00
CUST_0118,Bùi Đức Thảo,PRIME,I. Ngân hàng số & Hỗ trợ,Đăng ký / kích hoạt VPBank NEO (Internet & Mobile Banking),VPBank Financial,"7,076,312 VND",COUNTER,2026-03-23 10:41:00
CUST_0118,Bùi Đức Thảo,PRIME,D. Thẻ,Đăng ký trả góp 0% qua thẻ tín dụng,VPBank Financial,"2,703,992 VND",ATM,2026-07-02 14:33:00
CUST_0118,Bùi Đức Thảo,PRIME,F. Ngoại tệ,"Mua ngoại tệ tiền mặt (du lịch, du học, công tác, chữa bệnh)",VPBank Financial,"78,268,092 VND",COUNTER,2026-05-18 07:09:00
CUST_0118,Bùi Đức Thảo,PRIME,C. Tiết kiệm & Tiền gửi,Xác nhận số dư sổ tiết kiệm (chứng minh tài chính),VPBank Financial,"293,062,716 VND",APP,2026-05-16 12:32:00
CUST_0118,Bùi Đức Thảo,PRIME,B. Giao dịch tiền mặt,Đổi mệnh giá tiền / đổi tiền không đủ tiêu chuẩn lưu thông,VPBank Financial,"3,275,797 VND",APP,2026-03-21 07:21:00
CUST_0118,Bùi Đức Thảo,PRIME,C. Tiết kiệm & Tiền gửi,Tái tục sổ tiết kiệm / chuyển kỳ hạn,VPBank Financial,"223,445,037 VND",APP,2026-02-14 11:02:00
CUST_0118,Bùi Đức Thảo,PRIME,A. Tài khoản & Thông tin KH,Đăng ký / thay đổi chữ ký mẫu,VPBank Financial,"10,010,092 VND",COUNTER,2026-07-28 14:00:00
CUST_0118,Bùi Đức Thảo,PRIME,I. Ngân hàng số & Hỗ trợ,Lấy số thứ tự và check-in tại quầy,VPBank Financial,"9,556,107 VND",COUNTER,2026-03-07 08:22:00
CUST_0118,Bùi Đức Thảo,PRIME,J. Khách hàng doanh nghiệp,Phát hành thư bảo lãnh ngân hàng,VPBank Financial,"1,605,100 VND",COUNTER,2026-07-04 07:31:00
CUST_0118,Bùi Đức Thảo,PRIME,G. Tín dụng,Xin xác nhận dư nợ / lịch sử trả nợ / xóa nợ xấu,VPBank Financial,"146,046,513 VND",APP,2026-04-04 11:52:00
CUST_0118,Bùi Đức Thảo,PRIME,J. Khách hàng doanh nghiệp,Mở tài khoản thanh toán doanh nghiệp,VPBank Financial,"909,714 VND",APP,2026-07-07 07:49:00
CUST_0118,Bùi Đức Thảo,PRIME,A. Tài khoản & Thông tin KH,Đăng ký / thay đổi chữ ký mẫu,VPBank Financial,"10,068,469 VND",COUNTER,2026-07-26 08:24:00
CUST_0118,Bùi Đức Thảo,PRIME,J. Khách hàng doanh nghiệp,"Mở L/C và thanh toán quốc tế (T/T, D/P, D/A)",VPBank Financial,"7,127,057 VND",COUNTER,2026-07-02 13:23:00
CUST_0118,Bùi Đức Thảo,PRIME,D. Thẻ,Thanh toán sao kê thẻ tín dụng tại quầy,VPBank Financial,"17,428,832 VND",ATM,2026-03-09 10:44:00
CUST_0118,Bùi Đức Thảo,PRIME,C. Tiết kiệm & Tiền gửi,Gửi tiết kiệm ngoại tệ (USD/EUR),VPBank Financial,"168,611,107 VND",APP,2026-02-07 13:22:00
CUST_0118,Bùi Đức Thảo,PRIME,E. Chuyển tiền & Thanh toán,Chuyển tiền trong hệ thống VPBank,VPBank Financial,"39,729,460 VND",COUNTER,2026-05-12 09:27:00
CUST_0118,Bùi Đức Thảo,PRIME,D. Thẻ,Tra soát / khiếu nại giao dịch thẻ,VPBank Financial,"5,905,276 VND",APP,2026-05-06 14:09:00
CUST_0118,Bùi Đức Thảo,PRIME,D. Thẻ,Phát hành thẻ ghi nợ nội địa (ATM/Napas),VPBank Financial,"12,559,083 VND",COUNTER,2026-02-14 09:54:00
CUST_0118,Bùi Đức Thảo,PRIME,G. Tín dụng,Xin xác nhận dư nợ / lịch sử trả nợ / xóa nợ xấu,VPBank Financial,"278,030,741 VND",COUNTER,2026-06-13 10:33:00
CUST_0062,Huỳnh Minh Trang,MASS,J. Khách hàng doanh nghiệp,Mở tài khoản thanh toán doanh nghiệp,VPBank Financial,"5,512,087 VND",APP,2026-03-10 08:36:00
CUST_0062,Huỳnh Minh Trang,MASS,G. Tín dụng,Xin xác nhận dư nợ / lịch sử trả nợ / xóa nợ xấu,VPBank Financial,"96,578,899 VND",EBANK,2026-07-03 11:00:00
CUST_0062,Huỳnh Minh Trang,MASS,J. Khách hàng doanh nghiệp,Mở tài khoản thanh toán doanh nghiệp,VPBank Financial,"6,349,425 VND",APP,2026-02-02 10:56:00
CUST_0062,Huỳnh Minh Trang,MASS,B. Giao dịch tiền mặt,Nộp tiền mặt vào tài khoản người khác,VPBank Financial,"9,580,711 VND",APP,2026-06-15 14:44:00
CUST_0062,Huỳnh Minh Trang,MASS,E. Chuyển tiền & Thanh toán,Chuyển tiền liên ngân hàng (Napas 24/7 / Citad),VPBank Financial,"51,320,252 VND",APP,2026-03-20 09:35:00
CUST_0062,Huỳnh Minh Trang,MASS,C. Tiết kiệm & Tiền gửi,Gửi tiết kiệm có kỳ hạn VND tại quầy,VPBank Financial,"77,239,288 VND",APP,2026-07-12 13:24:00
CUST_0062,Huỳnh Minh Trang,MASS,C. Tiết kiệm & Tiền gửi,Báo mất / cấp lại sổ tiết kiệm,VPBank Financial,"125,200,218 VND",COUNTER,2026-05-27 10:44:00
CUST_0062,Huỳnh Minh Trang,MASS,A. Tài khoản & Thông tin KH,Xin sao kê tài khoản / xác nhận số dư,VPBank Financial,"15,495,457 VND",COUNTER,2026-04-03 07:57:00
CUST_0062,Huỳnh Minh Trang,MASS,D. Thẻ,Phát hành thẻ ghi nợ quốc tế (Visa/Mastercard Debit),VPBank Financial,"845,960 VND",EBANK,2026-03-01 12:33:00
CUST_0062,Huỳnh Minh Trang,MASS,B. Giao dịch tiền mặt,Nộp tiền mặt vào tài khoản người khác,VPBank Financial,"19,687,966 VND",ATM,2026-05-24 07:48:00
CUST_0062,Huỳnh Minh Trang,MASS,G. Tín dụng,Đăng ký hạn mức thấu chi tài khoản,VPBank Financial,"30,864,444 VND",COUNTER,2026-05-30 12:47:00
CUST_0062,Huỳnh Minh Trang,MASS,A. Tài khoản & Thông tin KH,Phong tỏa / giải tỏa tài khoản,VPBank Financial,"565,453 VND",ATM,2026-06-06 08:42:00
CUST_0062,Huỳnh Minh Trang,MASS,I. Ngân hàng số & Hỗ trợ,Đăng ký / kích hoạt VPBank NEO (Internet & Mobile Banking),VPBank Financial,"16,887,187 VND",APP,2026-02-24 14:31:00
CUST_0062,Huỳnh Minh Trang,MASS,B. Giao dịch tiền mặt,Nộp tiền mặt vào tài khoản người khác,VPBank Financial,"14,147,230 VND",APP,2026-03-17 15:41:00
CUST_0062,Huỳnh Minh Trang,MASS,D. Thẻ,Phát hành thẻ ghi nợ quốc tế (Visa/Mastercard Debit),VPBank Financial,"17,074,283 VND",APP,2026-03-16 15:27:00
CUST_0062,Huỳnh Minh Trang,MASS,G. Tín dụng,Trả nợ gốc / lãi khoản vay tại quầy,VPBank Financial,"155,472,645 VND",COUNTER,2026-04-05 13:33:00
CUST_0062,Huỳnh Minh Trang,MASS,C. Tiết kiệm & Tiền gửi,Rút trước hạn sổ tiết kiệm (một phần / toàn bộ),VPBank Financial,"128,510,728 VND",COUNTER,2026-02-28 13:55:00
CUST_0062,Huỳnh Minh Trang,MASS,A. Tài khoản & Thông tin KH,"Cập nhật thông tin CIF (CCCD, địa chỉ, SĐT, email, nghề nghiệp)",VPBank Financial,"3,279,145 VND",COUNTER,2026-03-16 07:17:00
CUST_0062,Huỳnh Minh Trang,MASS,B. Giao dịch tiền mặt,Nộp tiền mặt vào tài khoản của chính mình,VPBank Financial,"2,281,359 VND",COUNTER,2026-05-20 10:05:00
CUST_0062,Huỳnh Minh Trang,MASS,J. Khách hàng doanh nghiệp,Nộp thuế điện tử doanh nghiệp,VPBank Financial,"8,077,980 VND",ATM,2026-05-14 14:24:00
CUST_0062,Huỳnh Minh Trang,MASS,J. Khách hàng doanh nghiệp,Đăng ký dịch vụ thu hộ qua mã VietQR / Virtual Account,VPBank Financial,"13,543,191 VND",APP,2026-06-28 13:55:00
CUST_0062,Huỳnh Minh Trang,MASS,J. Khách hàng doanh nghiệp,Chi lương hàng loạt cho nhân viên,VPBank Financial,"6,850,786 VND",ATM,2026-07-17 11:18:00
CUST_0062,Huỳnh Minh Trang,MASS,J. Khách hàng doanh nghiệp,Nộp thuế điện tử doanh nghiệp,VPBank Financial,"18,855,573 VND",APP,2026-07-12 14:24:00
CUST_0062,Huỳnh Minh Trang,MASS,A. Tài khoản & Thông tin KH,Đóng tài khoản thanh toán,VPBank Financial,"5,384,067 VND",APP,2026-03-27 10:35:00
CUST_0062,Huỳnh Minh Trang,MASS,A. Tài khoản & Thông tin KH,Xác thực sinh trắc học khuôn mặt / vân tay (QĐ 2345),VPBank Financial,"19,803,727 VND",COUNTER,2026-07-25 08:42:00
CUST_0062,Huỳnh Minh Trang,MASS,I. Ngân hàng số & Hỗ trợ,Đăng ký dịch vụ trả lương qua tài khoản,VPBank Financial,"7,018,464 VND",APP,2026-05-06 07:52:00
CUST_0062,Huỳnh Minh Trang,MASS,G. Tín dụng,Tư vấn và nộp hồ sơ vay mua ô tô,VPBank Financial,"133,637,123 VND",EBANK,2026-06-19 12:01:00
CUST_0062,Huỳnh Minh Trang,MASS,H. Bảo hiểm & Đầu tư,Hỗ trợ hồ sơ yêu cầu bồi thường bảo hiểm,VPBank Financial,"12,992,191 VND",APP,2026-02-07 12:55:00
CUST_0062,Huỳnh Minh Trang,MASS,H. Bảo hiểm & Đầu tư,"Mua bảo hiểm phi nhân thọ (sức khỏe, ô tô, nhà, du lịch)",VPBank Financial,"9,976,636 VND",COUNTER,2026-07-21 13:04:00
CUST_0062,Huỳnh Minh Trang,MASS,A. Tài khoản & Thông tin KH,Mở tài khoản đồng sở hữu / ủy quyền sử dụng tài khoản,VPBank Financial,"8,658,473 VND",COUNTER,2026-05-31 09:10:00
CUST_0062,Huỳnh Minh Trang,MASS,H. Bảo hiểm & Đầu tư,Mua chứng chỉ quỹ / trái phiếu do ngân hàng phân phối,VPBank Financial,"4,517,574 VND",COUNTER,2026-05-24 10:48:00
CUST_0112,Phạm Thị Em,MASS,G. Tín dụng,Xin xác nhận dư nợ / lịch sử trả nợ / xóa nợ xấu,VPBank Financial,"81,530,370 VND",APP,2026-03-21 07:10:00
CUST_0112,Phạm Thị Em,MASS,D. Thẻ,Thanh toán sao kê thẻ tín dụng tại quầy,VPBank Financial,"973,758 VND",APP,2026-06-24 10:02:00
CUST_0112,Phạm Thị Em,MASS,C. Tiết kiệm & Tiền gửi,Gửi tiết kiệm ngoại tệ (USD/EUR),VPBank Financial,"54,455,887 VND",EBANK,2026-05-12 10:16:00
CUST_0112,Phạm Thị Em,MASS,I. Ngân hàng số & Hỗ trợ,Thuê két sắt / dịch vụ giữ hộ tài sản,VPBank Financial,"19,722,633 VND",EBANK,2026-02-27 08:17:00
CUST_0112,Phạm Thị Em,MASS,C. Tiết kiệm & Tiền gửi,Chuyển nhượng / thừa kế sổ tiết kiệm,VPBank Financial,"255,500,754 VND",COUNTER,2026-06-27 13:55:00
CUST_0112,Phạm Thị Em,MASS,J. Khách hàng doanh nghiệp,Nộp thuế điện tử doanh nghiệp,VPBank Financial,"6,052,925 VND",APP,2026-04-19 10:00:00
CUST_0112,Phạm Thị Em,MASS,C. Tiết kiệm & Tiền gửi,Xác nhận số dư sổ tiết kiệm (chứng minh tài chính),VPBank Financial,"226,317,415 VND",APP,2026-03-15 14:12:00
CUST_0112,Phạm Thị Em,MASS,J. Khách hàng doanh nghiệp,Phát hành thư bảo lãnh ngân hàng,VPBank Financial,"988,153 VND",APP,2026-02-28 08:00:00
CUST_0112,Phạm Thị Em,MASS,G. Tín dụng,Tư vấn và nộp hồ sơ vay tiêu dùng tín chấp,VPBank Financial,"50,533,782 VND",APP,2026-02-03 07:14:00
CUST_0112,Phạm Thị Em,MASS,G. Tín dụng,Tư vấn và nộp hồ sơ vay tiêu dùng tín chấp,VPBank Financial,"165,789,611 VND",APP,2026-02-09 09:32:00
CUST_0112,Phạm Thị Em,MASS,A. Tài khoản & Thông tin KH,Xin sao kê tài khoản / xác nhận số dư,VPBank Financial,"17,648,741 VND",APP,2026-04-05 08:40:00
CUST_0112,Phạm Thị Em,MASS,D. Thẻ,Phát hành thẻ ghi nợ nội địa (ATM/Napas),VPBank Financial,"2,426,320 VND",COUNTER,2026-07-30 13:51:00
CUST_0112,Phạm Thị Em,MASS,C. Tiết kiệm & Tiền gửi,Xác nhận số dư sổ tiết kiệm (chứng minh tài chính),VPBank Financial,"189,920,169 VND",COUNTER,2026-02-11 10:35:00
CUST_0112,Phạm Thị Em,MASS,J. Khách hàng doanh nghiệp,Đăng ký dịch vụ thu hộ qua mã VietQR / Virtual Account,VPBank Financial,"18,179,873 VND",ATM,2026-06-29 10:49:00
CUST_0112,Phạm Thị Em,MASS,D. Thẻ,Phát hành thẻ ghi nợ quốc tế (Visa/Mastercard Debit),VPBank Financial,"1,811,563 VND",APP,2026-03-06 15:28:00
CUST_0112,Phạm Thị Em,MASS,D. Thẻ,Tra soát / khiếu nại giao dịch thẻ,VPBank Financial,"2,101,844 VND",COUNTER,2026-04-07 08:42:00
CUST_0112,Phạm Thị Em,MASS,A. Tài khoản & Thông tin KH,Đóng tài khoản thanh toán,VPBank Financial,"18,796,109 VND",ATM,2026-02-13 14:12:00
CUST_0112,Phạm Thị Em,MASS,J. Khách hàng doanh nghiệp,"Mở L/C và thanh toán quốc tế (T/T, D/P, D/A)",VPBank Financial,"12,267,339 VND",APP,2026-02-06 12:02:00
CUST_0112,Phạm Thị Em,MASS,I. Ngân hàng số & Hỗ trợ,Đăng ký nâng hạng khách hàng ưu tiên (VPBank Diamond / Prime),VPBank Financial,"18,088,418 VND",APP,2026-05-11 11:08:00
CUST_0112,Phạm Thị Em,MASS,D. Thẻ,Nộp hồ sơ mở thẻ tín dụng,VPBank Financial,"8,005,321 VND",COUNTER,2026-07-09 08:14:00
CUST_0112,Phạm Thị Em,MASS,B. Giao dịch tiền mặt,Đổi mệnh giá tiền / đổi tiền không đủ tiêu chuẩn lưu thông,VPBank Financial,"12,869,949 VND",COUNTER,2026-04-30 11:03:00
CUST_0112,Phạm Thị Em,MASS,J. Khách hàng doanh nghiệp,Chi lương hàng loạt cho nhân viên,VPBank Financial,"10,389,333 VND",APP,2026-04-06 11:41:00
CUST_0009,Huỳnh Ngọc Quân,MASS,D. Thẻ,Tra soát / khiếu nại giao dịch thẻ,VPBank Financial,"17,648,763 VND",COUNTER,2026-06-08 12:11:00
CUST_0009,Huỳnh Ngọc Quân,MASS,H. Bảo hiểm & Đầu tư,Hỗ trợ hồ sơ yêu cầu bồi thường bảo hiểm,VPBank Financial,"14,512,216 VND",COUNTER,2026-06-16 10:53:00
CUST_0009,Huỳnh Ngọc Quân,MASS,C. Tiết kiệm & Tiền gửi,Gửi tiết kiệm tích lũy / gửi góp định kỳ,VPBank Financial,"131,193,170 VND",APP,2026-07-30 13:15:00
CUST_0009,Huỳnh Ngọc Quân,MASS,J. Khách hàng doanh nghiệp,"Mở L/C và thanh toán quốc tế (T/T, D/P, D/A)",VPBank Financial,"13,567,572 VND",APP,2026-07-05 15:17:00
CUST_0009,Huỳnh Ngọc Quân,MASS,E. Chuyển tiền & Thanh toán,Nhận tiền chuyển đến từ nước ngoài / chi trả kiều hối,VPBank Financial,"9,468,710 VND",ATM,2026-05-28 09:35:00
CUST_0009,Huỳnh Ngọc Quân,MASS,C. Tiết kiệm & Tiền gửi,Báo mất / cấp lại sổ tiết kiệm,VPBank Financial,"109,474,488 VND",COUNTER,2026-04-21 07:57:00
CUST_0009,Huỳnh Ngọc Quân,MASS,H. Bảo hiểm & Đầu tư,Hỗ trợ hồ sơ yêu cầu bồi thường bảo hiểm,VPBank Financial,"2,091,769 VND",APP,2026-03-06 07:33:00
CUST_0009,Huỳnh Ngọc Quân,MASS,D. Thẻ,Yêu cầu tăng / giảm hạn mức thẻ tín dụng,VPBank Financial,"18,730,931 VND",COUNTER,2026-05-20 12:53:00
CUST_0009,Huỳnh Ngọc Quân,MASS,C. Tiết kiệm & Tiền gửi,Tái tục sổ tiết kiệm / chuyển kỳ hạn,VPBank Financial,"32,629,242 VND",ATM,2026-04-28 12:18:00
CUST_0009,Huỳnh Ngọc Quân,MASS,I. Ngân hàng số & Hỗ trợ,"Đăng ký / hủy SMS Banking, thông báo biến động số dư",VPBank Financial,"10,071,670 VND",APP,2026-07-22 14:17:00
CUST_0009,Huỳnh Ngọc Quân,MASS,B. Giao dịch tiền mặt,Rút tiền mặt số lượng lớn (đăng ký trước),VPBank Financial,"5,720,897 VND",COUNTER,2026-07-06 09:29:00
CUST_0009,Huỳnh Ngọc Quân,MASS,B. Giao dịch tiền mặt,Rút tiền mặt từ tài khoản,VPBank Financial,"19,762,559 VND",COUNTER,2026-07-22 11:28:00
CUST_0009,Huỳnh Ngọc Quân,MASS,C. Tiết kiệm & Tiền gửi,Gửi tiết kiệm tích lũy / gửi góp định kỳ,VPBank Financial,"45,559,574 VND",COUNTER,2026-07-15 13:40:00
CUST_0009,Huỳnh Ngọc Quân,MASS,A. Tài khoản & Thông tin KH,Mở tài khoản thanh toán VND,VPBank Financial,"1,753,679 VND",APP,2026-04-07 13:26:00
CUST_0009,Huỳnh Ngọc Quân,MASS,B. Giao dịch tiền mặt,Rút tiền mặt từ tài khoản,VPBank Financial,"10,655,071 VND",COUNTER,2026-03-15 15:23:00
CUST_0009,Huỳnh Ngọc Quân,MASS,D. Thẻ,Yêu cầu tăng / giảm hạn mức thẻ tín dụng,VPBank Financial,"18,566,762 VND",APP,2026-02-28 15:25:00
CUST_0009,Huỳnh Ngọc Quân,MASS,A. Tài khoản & Thông tin KH,Đóng tài khoản thanh toán,VPBank Financial,"5,580,646 VND",COUNTER,2026-05-27 08:01:00
CUST_0009,Huỳnh Ngọc Quân,MASS,I. Ngân hàng số & Hỗ trợ,Đăng ký nâng hạng khách hàng ưu tiên (VPBank Diamond / Prime),VPBank Financial,"527,150 VND",COUNTER,2026-04-16 13:37:00
CUST_0009,Huỳnh Ngọc Quân,MASS,C. Tiết kiệm & Tiền gửi,Chuyển nhượng / thừa kế sổ tiết kiệm,VPBank Financial,"267,580,730 VND",COUNTER,2026-03-22 08:16:00
CUST_0009,Huỳnh Ngọc Quân,MASS,F. Ngoại tệ,"Mua ngoại tệ tiền mặt (du lịch, du học, công tác, chữa bệnh)",VPBank Financial,"24,189,529 VND",EBANK,2026-02-14 08:20:00
CUST_0009,Huỳnh Ngọc Quân,MASS,C. Tiết kiệm & Tiền gửi,Tất toán sổ tiết kiệm đúng hạn,VPBank Financial,"45,648,769 VND",COUNTER,2026-04-02 07:33:00
CUST_0087,Nguyễn Thanh Trang,MASS,J. Khách hàng doanh nghiệp,Nộp thuế điện tử doanh nghiệp,VPBank Financial,"1,569,649 VND",COUNTER,2026-06-28 15:35:00
CUST_0087,Nguyễn Thanh Trang,MASS,G. Tín dụng,Tư vấn và nộp hồ sơ vay mua ô tô,VPBank Financial,"77,770,230 VND",APP,2026-05-16 14:46:00
CUST_0087,Nguyễn Thanh Trang,MASS,A. Tài khoản & Thông tin KH,Xác thực sinh trắc học khuôn mặt / vân tay (QĐ 2345),VPBank Financial,"4,577,217 VND",APP,2026-03-03 09:15:00
CUST_0087,Nguyễn Thanh Trang,MASS,F. Ngoại tệ,Cấp giấy xác nhận mang ngoại tệ ra nước ngoài,VPBank Financial,"9,683,468 VND",COUNTER,2026-06-24 13:46:00
CUST_0087,Nguyễn Thanh Trang,MASS,J. Khách hàng doanh nghiệp,Đăng ký eBanking doanh nghiệp và phân quyền người dùng,VPBank Financial,"19,516,275 VND",APP,2026-03-04 07:12:00
CUST_0087,Nguyễn Thanh Trang,MASS,C. Tiết kiệm & Tiền gửi,Gửi tiết kiệm tích lũy / gửi góp định kỳ,VPBank Financial,"207,639,215 VND",COUNTER,2026-04-29 14:20:00
CUST_0087,Nguyễn Thanh Trang,MASS,D. Thẻ,Đăng ký trả góp 0% qua thẻ tín dụng,VPBank Financial,"8,950,889 VND",APP,2026-06-29 12:57:00
CUST_0087,Nguyễn Thanh Trang,MASS,J. Khách hàng doanh nghiệp,Đăng ký dịch vụ thu hộ qua mã VietQR / Virtual Account,VPBank Financial,"5,812,661 VND",ATM,2026-04-03 07:17:00
CUST_0087,Nguyễn Thanh Trang,MASS,J. Khách hàng doanh nghiệp,"Mở L/C và thanh toán quốc tế (T/T, D/P, D/A)",VPBank Financial,"8,377,243 VND",COUNTER,2026-02-07 08:31:00
CUST_0087,Nguyễn Thanh Trang,MASS,B. Giao dịch tiền mặt,Nộp tiền mặt vào tài khoản của chính mình,VPBank Financial,"3,369,498 VND",COUNTER,2026-04-11 14:14:00
CUST_0087,Nguyễn Thanh Trang,MASS,B. Giao dịch tiền mặt,Dịch vụ thu hộ / chi hộ tiền mặt tại quầy,VPBank Financial,"19,610,377 VND",APP,2026-07-07 09:59:00
CUST_0087,Nguyễn Thanh Trang,MASS,B. Giao dịch tiền mặt,Rút tiền mặt số lượng lớn (đăng ký trước),VPBank Financial,"19,000,010 VND",EBANK,2026-04-29 14:48:00
CUST_0087,Nguyễn Thanh Trang,MASS,F. Ngoại tệ,Bán ngoại tệ tiền mặt cho ngân hàng,VPBank Financial,"59,186,679 VND",APP,2026-07-16 14:11:00
CUST_0087,Nguyễn Thanh Trang,MASS,I. Ngân hàng số & Hỗ trợ,Thuê két sắt / dịch vụ giữ hộ tài sản,VPBank Financial,"9,616,433 VND",COUNTER,2026-06-07 12:00:00
CUST_0087,Nguyễn Thanh Trang,MASS,J. Khách hàng doanh nghiệp,Vay vốn lưu động / hạn mức tín dụng doanh nghiệp,VPBank Financial,"16,655,471 VND",EBANK,2026-04-02 13:43:00
CUST_0087,Nguyễn Thanh Trang,MASS,E. Chuyển tiền & Thanh toán,Chuyển tiền trong hệ thống VPBank,VPBank Financial,"77,716,061 VND",APP,2026-04-10 10:50:00
CUST_0087,Nguyễn Thanh Trang,MASS,A. Tài khoản & Thông tin KH,Phong tỏa / giải tỏa tài khoản,VPBank Financial,"18,714,720 VND",APP,2026-07-30 07:09:00
CUST_0087,Nguyễn Thanh Trang,MASS,A. Tài khoản & Thông tin KH,Mở tài khoản thanh toán ngoại tệ (USD/EUR),VPBank Financial,"11,767,529 VND",COUNTER,2026-05-02 10:27:00
CUST_0087,Nguyễn Thanh Trang,MASS,G. Tín dụng,Tư vấn và nộp hồ sơ vay tiêu dùng tín chấp,VPBank Financial,"103,141,985 VND",APP,2026-05-11 12:38:00
CUST_0087,Nguyễn Thanh Trang,MASS,D. Thẻ,Phát hành thẻ ghi nợ nội địa (ATM/Napas),VPBank Financial,"1,699,510 VND",APP,2026-04-12 07:31:00
CUST_0087,Nguyễn Thanh Trang,MASS,H. Bảo hiểm & Đầu tư,"Mua bảo hiểm phi nhân thọ (sức khỏe, ô tô, nhà, du lịch)",VPBank Financial,"13,063,681 VND",APP,2026-06-08 12:44:00
CUST_0087,Nguyễn Thanh Trang,MASS,D. Thẻ,Thanh toán sao kê thẻ tín dụng tại quầy,VPBank Financial,"13,501,100 VND",COUNTER,2026-06-11 08:19:00
CUST_0087,Nguyễn Thanh Trang,MASS,C. Tiết kiệm & Tiền gửi,Gửi tiết kiệm có kỳ hạn VND tại quầy,VPBank Financial,"289,894,240 VND",APP,2026-07-19 15:59:00
CUST_0087,Nguyễn Thanh Trang,MASS,J. Khách hàng doanh nghiệp,Đăng ký eBanking doanh nghiệp và phân quyền người dùng,VPBank Financial,"19,544,882 VND",COUNTER,2026-05-08 11:29:00
CUST_0087,Nguyễn Thanh Trang,MASS,C. Tiết kiệm & Tiền gửi,Báo mất / cấp lại sổ tiết kiệm,VPBank Financial,"192,468,046 VND",APP,2026-02-17 12:23:00
CUST_0061,Huỳnh Minh Tuấn,MASS,E. Chuyển tiền & Thanh toán,"Thanh toán hóa đơn (điện, nước, viễn thông, học phí, bảo hiểm)",VPBank Financial,"52,190,626 VND",ATM,2026-02-10 14:29:00
CUST_0061,Huỳnh Minh Tuấn,MASS,G. Tín dụng,Tư vấn và nộp hồ sơ vay mua/sửa nhà (thế chấp bất động sản),VPBank Financial,"30,946,511 VND",COUNTER,2026-02-02 14:29:00
CUST_0061,Huỳnh Minh Tuấn,MASS,B. Giao dịch tiền mặt,Rút tiền mặt số lượng lớn (đăng ký trước),VPBank Financial,"3,360,729 VND",ATM,2026-03-04 13:23:00
CUST_0061,Huỳnh Minh Tuấn,MASS,G. Tín dụng,Tất toán khoản vay trước hạn / giải chấp tài sản,VPBank Financial,"104,603,947 VND",APP,2026-03-08 13:04:00
CUST_0061,Huỳnh Minh Tuấn,MASS,E. Chuyển tiền & Thanh toán,"Chuyển tiền quốc tế đi (du học, chữa bệnh, trợ cấp thân nhân, công tác)",VPBank Financial,"52,805,939 VND",APP,2026-03-06 14:36:00
CUST_0061,Huỳnh Minh Tuấn,MASS,A. Tài khoản & Thông tin KH,Mở tài khoản số đẹp / số theo yêu cầu,VPBank Financial,"9,417,012 VND",COUNTER,2026-06-21 11:10:00
CUST_0061,Huỳnh Minh Tuấn,MASS,E. Chuyển tiền & Thanh toán,Nộp thuế / phí lệ phí nhà nước,VPBank Financial,"69,447,349 VND",APP,2026-07-28 07:36:00
CUST_0061,Huỳnh Minh Tuấn,MASS,E. Chuyển tiền & Thanh toán,Đăng ký ủy nhiệm chi / chuyển tiền định kỳ tự động,VPBank Financial,"46,510,712 VND",APP,2026-07-19 11:51:00
CUST_0061,Huỳnh Minh Tuấn,MASS,A. Tài khoản & Thông tin KH,Đóng tài khoản thanh toán,VPBank Financial,"6,839,697 VND",APP,2026-05-21 08:50:00
CUST_0061,Huỳnh Minh Tuấn,MASS,D. Thẻ,Thanh toán sao kê thẻ tín dụng tại quầy,VPBank Financial,"6,977,684 VND",APP,2026-02-28 09:41:00
CUST_0061,Huỳnh Minh Tuấn,MASS,J. Khách hàng doanh nghiệp,Đăng ký dịch vụ thu hộ qua mã VietQR / Virtual Account,VPBank Financial,"2,251,652 VND",ATM,2026-04-28 13:37:00
CUST_0061,Huỳnh Minh Tuấn,MASS,A. Tài khoản & Thông tin KH,Mở tài khoản thanh toán ngoại tệ (USD/EUR),VPBank Financial,"5,678,065 VND",APP,2026-02-21 08:20:00
CUST_0061,Huỳnh Minh Tuấn,MASS,C. Tiết kiệm & Tiền gửi,Gửi tiết kiệm ngoại tệ (USD/EUR),VPBank Financial,"61,296,053 VND",COUNTER,2026-05-22 08:37:00
CUST_0061,Huỳnh Minh Tuấn,MASS,A. Tài khoản & Thông tin KH,Đóng tài khoản thanh toán,VPBank Financial,"1,065,769 VND",APP,2026-06-01 08:53:00
CUST_0061,Huỳnh Minh Tuấn,MASS,E. Chuyển tiền & Thanh toán,"Thanh toán hóa đơn (điện, nước, viễn thông, học phí, bảo hiểm)",VPBank Financial,"47,183,673 VND",APP,2026-02-18 14:39:00
CUST_0061,Huỳnh Minh Tuấn,MASS,A. Tài khoản & Thông tin KH,Mở tài khoản số đẹp / số theo yêu cầu,VPBank Financial,"19,396,626 VND",EBANK,2026-05-02 09:28:00
CUST_0061,Huỳnh Minh Tuấn,MASS,C. Tiết kiệm & Tiền gửi,Báo mất / cấp lại sổ tiết kiệm,VPBank Financial,"147,478,306 VND",APP,2026-03-06 14:40:00
CUST_0061,Huỳnh Minh Tuấn,MASS,B. Giao dịch tiền mặt,Rút tiền mặt số lượng lớn (đăng ký trước),VPBank Financial,"728,525 VND",APP,2026-05-02 11:54:00
CUST_0061,Huỳnh Minh Tuấn,MASS,J. Khách hàng doanh nghiệp,Vay vốn lưu động / hạn mức tín dụng doanh nghiệp,VPBank Financial,"6,529,975 VND",APP,2026-02-22 10:54:00
CUST_0061,Huỳnh Minh Tuấn,MASS,H. Bảo hiểm & Đầu tư,Hỗ trợ hồ sơ yêu cầu bồi thường bảo hiểm,VPBank Financial,"11,781,248 VND",COUNTER,2026-05-23 11:49:00
CUST_0061,Huỳnh Minh Tuấn,MASS,H. Bảo hiểm & Đầu tư,Tư vấn và mua bảo hiểm nhân thọ (Bancassurance),VPBank Financial,"6,637,919 VND",APP,2026-07-18 12:44:00
CUST_0061,Huỳnh Minh Tuấn,MASS,C. Tiết kiệm & Tiền gửi,Gửi tiết kiệm có kỳ hạn VND tại quầy,VPBank Financial,"280,047,037 VND",APP,2026-06-28 12:45:00
CUST_0061,Huỳnh Minh Tuấn,MASS,G. Tín dụng,Tư vấn và nộp hồ sơ vay mua/sửa nhà (thế chấp bất động sản),VPBank Financial,"92,536,091 VND",COUNTER,2026-02-13 10:41:00
CUST_0061,Huỳnh Minh Tuấn,MASS,E. Chuyển tiền & Thanh toán,Tra soát lệnh chuyển tiền / yêu cầu hoàn tiền,VPBank Financial,"36,762,184 VND",COUNTER,2026-03-11 10:46:00
CUST_0064,Phan Kim Nam,MASS,J. Khách hàng doanh nghiệp,Nộp thuế điện tử doanh nghiệp,VPBank Financial,"5,316,174 VND",ATM,2026-04-02 14:51:00
CUST_0064,Phan Kim Nam,MASS,A. Tài khoản & Thông tin KH,Xin sao kê tài khoản / xác nhận số dư,VPBank Financial,"13,263,320 VND",COUNTER,2026-07-19 13:07:00
CUST_0064,Phan Kim Nam,MASS,J. Khách hàng doanh nghiệp,Đăng ký dịch vụ thu hộ qua mã VietQR / Virtual Account,VPBank Financial,"5,896,825 VND",APP,2026-03-07 10:09:00
CUST_0064,Phan Kim Nam,MASS,C. Tiết kiệm & Tiền gửi,Gửi tiết kiệm có kỳ hạn VND tại quầy,VPBank Financial,"137,457,256 VND",COUNTER,2026-03-28 07:26:00
CUST_0064,Phan Kim Nam,MASS,D. Thẻ,Nộp hồ sơ mở thẻ tín dụng,VPBank Financial,"7,342,805 VND",APP,2026-03-23 07:50:00
CUST_0064,Phan Kim Nam,MASS,H. Bảo hiểm & Đầu tư,Mở tài khoản chứng khoán / đăng ký dịch vụ đầu tư,VPBank Financial,"15,682,662 VND",COUNTER,2026-04-30 10:28:00
CUST_0064,Phan Kim Nam,MASS,J. Khách hàng doanh nghiệp,Mở tài khoản thanh toán doanh nghiệp,VPBank Financial,"4,084,376 VND",APP,2026-02-14 15:08:00
CUST_0064,Phan Kim Nam,MASS,A. Tài khoản & Thông tin KH,Đóng tài khoản thanh toán,VPBank Financial,"15,857,307 VND",COUNTER,2026-05-06 11:40:00
CUST_0064,Phan Kim Nam,MASS,J. Khách hàng doanh nghiệp,Ủy nhiệm chi / chuyển tiền doanh nghiệp,VPBank Financial,"2,641,455 VND",APP,2026-02-13 09:25:00
CUST_0064,Phan Kim Nam,MASS,D. Thẻ,Nộp hồ sơ mở thẻ tín dụng,VPBank Financial,"2,861,735 VND",ATM,2026-07-27 15:07:00
CUST_0064,Phan Kim Nam,MASS,D. Thẻ,Thanh toán sao kê thẻ tín dụng tại quầy,VPBank Financial,"2,841,305 VND",APP,2026-03-17 15:08:00
CUST_0064,Phan Kim Nam,MASS,D. Thẻ,Nhận thẻ và kích hoạt thẻ tại quầy,VPBank Financial,"16,418,778 VND",COUNTER,2026-04-09 09:21:00
CUST_0064,Phan Kim Nam,MASS,H. Bảo hiểm & Đầu tư,Mở tài khoản chứng khoán / đăng ký dịch vụ đầu tư,VPBank Financial,"9,283,612 VND",APP,2026-06-24 15:51:00
CUST_0064,Phan Kim Nam,MASS,C. Tiết kiệm & Tiền gửi,Báo mất / cấp lại sổ tiết kiệm,VPBank Financial,"205,385,943 VND",APP,2026-05-22 09:53:00
CUST_0064,Phan Kim Nam,MASS,I. Ngân hàng số & Hỗ trợ,Đăng ký nâng hạng khách hàng ưu tiên (VPBank Diamond / Prime),VPBank Financial,"17,852,476 VND",COUNTER,2026-03-30 13:07:00
CUST_0064,Phan Kim Nam,MASS,I. Ngân hàng số & Hỗ trợ,Lấy số thứ tự và check-in tại quầy,VPBank Financial,"4,387,719 VND",COUNTER,2026-03-21 14:35:00
CUST_0064,Phan Kim Nam,MASS,A. Tài khoản & Thông tin KH,Phong tỏa / giải tỏa tài khoản,VPBank Financial,"7,524,614 VND",ATM,2026-07-23 14:47:00
CUST_0064,Phan Kim Nam,MASS,J. Khách hàng doanh nghiệp,Nộp thuế điện tử doanh nghiệp,VPBank Financial,"12,973,713 VND",COUNTER,2026-02-20 07:48:00
CUST_0064,Phan Kim Nam,MASS,A. Tài khoản & Thông tin KH,Xin sao kê tài khoản / xác nhận số dư,VPBank Financial,"8,249,459 VND",ATM,2026-07-01 12:51:00
CUST_0064,Phan Kim Nam,MASS,D. Thẻ,Nhận thẻ và kích hoạt thẻ tại quầy,VPBank Financial,"10,803,253 VND",EBANK,2026-07-23 07:29:00
CUST_0064,Phan Kim Nam,MASS,J. Khách hàng doanh nghiệp,Ủy nhiệm chi / chuyển tiền doanh nghiệp,VPBank Financial,"8,020,216 VND",APP,2026-07-14 12:12:00
CUST_0064,Phan Kim Nam,MASS,D. Thẻ,Nhận thẻ và kích hoạt thẻ tại quầy,VPBank Financial,"5,887,863 VND",COUNTER,2026-02-25 09:51:00
CUST_0064,Phan Kim Nam,MASS,C. Tiết kiệm & Tiền gửi,Cầm cố sổ tiết kiệm để vay vốn,VPBank Financial,"45,259,159 VND",COUNTER,2026-04-21 12:34:00
CUST_0064,Phan Kim Nam,MASS,E. Chuyển tiền & Thanh toán,"Chuyển tiền quốc tế đi (du học, chữa bệnh, trợ cấp thân nhân, công tác)",VPBank Financial,"34,142,753 VND",APP,2026-04-04 10:30:00
CUST_0064,Phan Kim Nam,MASS,I. Ngân hàng số & Hỗ trợ,Thuê két sắt / dịch vụ giữ hộ tài sản,VPBank Financial,"9,612,868 VND",APP,2026-03-29 07:25:00
CUST_0064,Phan Kim Nam,MASS,J. Khách hàng doanh nghiệp,Vay vốn lưu động / hạn mức tín dụng doanh nghiệp,VPBank Financial,"8,787,179 VND",APP,2026-07-29 13:46:00
CUST_0064,Phan Kim Nam,MASS,I. Ngân hàng số & Hỗ trợ,Lấy số thứ tự và check-in tại quầy,VPBank Financial,"9,429,614 VND",APP,2026-05-31 14:44:00
CUST_0064,Phan Kim Nam,MASS,G. Tín dụng,Tư vấn và nộp hồ sơ vay tiêu dùng tín chấp,VPBank Financial,"198,491,480 VND",ATM,2026-07-16 14:11:00
CUST_0064,Phan Kim Nam,MASS,B. Giao dịch tiền mặt,Đổi mệnh giá tiền / đổi tiền không đủ tiêu chuẩn lưu thông,VPBank Financial,"4,029,906 VND",APP,2026-07-09 09:19:00
CUST_0105,Huỳnh Thanh Cường,PRIME,E. Chuyển tiền & Thanh toán,Nộp thuế / phí lệ phí nhà nước,VPBank Financial,"53,493,712 VND",COUNTER,2026-05-26 07:16:00
CUST_0105,Huỳnh Thanh Cường,PRIME,J. Khách hàng doanh nghiệp,Vay vốn lưu động / hạn mức tín dụng doanh nghiệp,VPBank Financial,"9,421,366 VND",COUNTER,2026-04-04 12:36:00
CUST_0105,Huỳnh Thanh Cường,PRIME,D. Thẻ,Nộp hồ sơ mở thẻ tín dụng,VPBank Financial,"19,222,152 VND",COUNTER,2026-06-02 14:00:00
CUST_0105,Huỳnh Thanh Cường,PRIME,I. Ngân hàng số & Hỗ trợ,Tiếp nhận khiếu nại / góp ý dịch vụ chung,VPBank Financial,"943,811 VND",APP,2026-03-15 07:12:00
CUST_0105,Huỳnh Thanh Cường,PRIME,I. Ngân hàng số & Hỗ trợ,Tiếp nhận khiếu nại / góp ý dịch vụ chung,VPBank Financial,"12,505,845 VND",COUNTER,2026-07-22 15:22:00
CUST_0105,Huỳnh Thanh Cường,PRIME,J. Khách hàng doanh nghiệp,Nộp thuế điện tử doanh nghiệp,VPBank Financial,"9,082,925 VND",APP,2026-03-14 14:31:00
CUST_0105,Huỳnh Thanh Cường,PRIME,D. Thẻ,Phát hành thẻ ghi nợ nội địa (ATM/Napas),VPBank Financial,"9,914,149 VND",ATM,2026-02-19 12:16:00
CUST_0105,Huỳnh Thanh Cường,PRIME,A. Tài khoản & Thông tin KH,Mở tài khoản thanh toán ngoại tệ (USD/EUR),VPBank Financial,"6,721,710 VND",APP,2026-05-16 12:59:00
CUST_0105,Huỳnh Thanh Cường,PRIME,C. Tiết kiệm & Tiền gửi,Tất toán sổ tiết kiệm đúng hạn,VPBank Financial,"144,429,911 VND",ATM,2026-07-09 07:07:00
CUST_0105,Huỳnh Thanh Cường,PRIME,J. Khách hàng doanh nghiệp,Phát hành thư bảo lãnh ngân hàng,VPBank Financial,"10,639,074 VND",COUNTER,2026-05-15 15:38:00
CUST_0105,Huỳnh Thanh Cường,PRIME,C. Tiết kiệm & Tiền gửi,Gửi tiết kiệm ngoại tệ (USD/EUR),VPBank Financial,"40,320,793 VND",APP,2026-04-04 11:01:00
CUST_0105,Huỳnh Thanh Cường,PRIME,J. Khách hàng doanh nghiệp,Ủy nhiệm chi / chuyển tiền doanh nghiệp,VPBank Financial,"12,389,363 VND",COUNTER,2026-07-06 08:15:00
CUST_0105,Huỳnh Thanh Cường,PRIME,C. Tiết kiệm & Tiền gửi,Tái tục sổ tiết kiệm / chuyển kỳ hạn,VPBank Financial,"116,671,345 VND",APP,2026-07-16 12:18:00
CUST_0105,Huỳnh Thanh Cường,PRIME,I. Ngân hàng số & Hỗ trợ,Đăng ký dịch vụ trả lương qua tài khoản,VPBank Financial,"19,833,566 VND",COUNTER,2026-06-30 13:46:00
CUST_0105,Huỳnh Thanh Cường,PRIME,E. Chuyển tiền & Thanh toán,Tra soát lệnh chuyển tiền / yêu cầu hoàn tiền,VPBank Financial,"17,393,285 VND",EBANK,2026-07-11 13:13:00
CUST_0105,Huỳnh Thanh Cường,PRIME,J. Khách hàng doanh nghiệp,Đăng ký eBanking doanh nghiệp và phân quyền người dùng,VPBank Financial,"2,410,421 VND",APP,2026-07-02 13:28:00
CUST_0105,Huỳnh Thanh Cường,PRIME,J. Khách hàng doanh nghiệp,Mở tài khoản thanh toán doanh nghiệp,VPBank Financial,"14,782,585 VND",EBANK,2026-02-16 12:44:00
CUST_0105,Huỳnh Thanh Cường,PRIME,B. Giao dịch tiền mặt,Dịch vụ thu hộ / chi hộ tiền mặt tại quầy,VPBank Financial,"5,328,169 VND",APP,2026-07-01 10:03:00
CUST_0105,Huỳnh Thanh Cường,PRIME,E. Chuyển tiền & Thanh toán,Nhận tiền chuyển đến từ nước ngoài / chi trả kiều hối,VPBank Financial,"93,457,462 VND",COUNTER,2026-07-09 09:59:00
CUST_0105,Huỳnh Thanh Cường,PRIME,B. Giao dịch tiền mặt,Dịch vụ thu hộ / chi hộ tiền mặt tại quầy,VPBank Financial,"17,382,291 VND",COUNTER,2026-03-11 11:16:00
CUST_0105,Huỳnh Thanh Cường,PRIME,A. Tài khoản & Thông tin KH,Đăng ký / thay đổi chữ ký mẫu,VPBank Financial,"9,121,823 VND",COUNTER,2026-03-30 12:30:00
CUST_0105,Huỳnh Thanh Cường,PRIME,E. Chuyển tiền & Thanh toán,Chuyển tiền liên ngân hàng (Napas 24/7 / Citad),VPBank Financial,"20,371,851 VND",APP,2026-07-23 07:59:00
CUST_0105,Huỳnh Thanh Cường,PRIME,J. Khách hàng doanh nghiệp,Đăng ký dịch vụ thu hộ qua mã VietQR / Virtual Account,VPBank Financial,"13,383,743 VND",COUNTER,2026-05-04 08:54:00
CUST_0105,Huỳnh Thanh Cường,PRIME,I. Ngân hàng số & Hỗ trợ,Tiếp nhận khiếu nại / góp ý dịch vụ chung,VPBank Financial,"18,780,053 VND",COUNTER,2026-04-05 09:22:00
CUST_0105,Huỳnh Thanh Cường,PRIME,E. Chuyển tiền & Thanh toán,"Thanh toán hóa đơn (điện, nước, viễn thông, học phí, bảo hiểm)",VPBank Financial,"99,374,554 VND",APP,2026-02-26 11:42:00
CUST_0105,Huỳnh Thanh Cường,PRIME,I. Ngân hàng số & Hỗ trợ,Đăng ký nâng hạng khách hàng ưu tiên (VPBank Diamond / Prime),VPBank Financial,"4,439,502 VND",APP,2026-05-13 09:43:00
CUST_0105,Huỳnh Thanh Cường,PRIME,C. Tiết kiệm & Tiền gửi,Xác nhận số dư sổ tiết kiệm (chứng minh tài chính),VPBank Financial,"42,472,161 VND",COUNTER,2026-07-26 14:30:00
CUST_0105,Huỳnh Thanh Cường,PRIME,D. Thẻ,Thanh toán sao kê thẻ tín dụng tại quầy,VPBank Financial,"13,941,595 VND",APP,2026-06-24 09:37:00
CUST_0105,Huỳnh Thanh Cường,PRIME,D. Thẻ,Đăng ký trả góp 0% qua thẻ tín dụng,VPBank Financial,"11,772,455 VND",EBANK,2026-07-04 07:45:00
CUST_0105,Huỳnh Thanh Cường,PRIME,J. Khách hàng doanh nghiệp,Mở tài khoản thanh toán doanh nghiệp,VPBank Financial,"15,248,710 VND",COUNTER,2026-05-22 10:02:00
CUST_0105,Huỳnh Thanh Cường,PRIME,J. Khách hàng doanh nghiệp,Phát hành thư bảo lãnh ngân hàng,VPBank Financial,"7,083,998 VND",APP,2026-04-25 14:56:00
CUST_0083,Bùi Thị Phong,MASS,I. Ngân hàng số & Hỗ trợ,Thuê két sắt / dịch vụ giữ hộ tài sản,VPBank Financial,"9,156,862 VND",APP,2026-05-24 13:39:00
CUST_0083,Bùi Thị Phong,MASS,B. Giao dịch tiền mặt,Dịch vụ thu hộ / chi hộ tiền mặt tại quầy,VPBank Financial,"3,722,104 VND",COUNTER,2026-07-09 09:35:00
CUST_0083,Bùi Thị Phong,MASS,B. Giao dịch tiền mặt,Nộp tiền mặt vào tài khoản người khác,VPBank Financial,"17,698,488 VND",EBANK,2026-05-24 08:58:00
CUST_0083,Bùi Thị Phong,MASS,H. Bảo hiểm & Đầu tư,"Mua bảo hiểm phi nhân thọ (sức khỏe, ô tô, nhà, du lịch)",VPBank Financial,"12,254,200 VND",COUNTER,2026-04-28 15:52:00
CUST_0083,Bùi Thị Phong,MASS,C. Tiết kiệm & Tiền gửi,Gửi tiết kiệm tích lũy / gửi góp định kỳ,VPBank Financial,"24,510,393 VND",COUNTER,2026-06-24 11:37:00
CUST_0083,Bùi Thị Phong,MASS,I. Ngân hàng số & Hỗ trợ,Thuê két sắt / dịch vụ giữ hộ tài sản,VPBank Financial,"13,076,082 VND",COUNTER,2026-02-21 14:05:00
CUST_0083,Bùi Thị Phong,MASS,F. Ngoại tệ,Cấp giấy xác nhận mang ngoại tệ ra nước ngoài,VPBank Financial,"14,606,893 VND",COUNTER,2026-06-26 14:12:00
CUST_0083,Bùi Thị Phong,MASS,F. Ngoại tệ,"Mua ngoại tệ tiền mặt (du lịch, du học, công tác, chữa bệnh)",VPBank Financial,"6,888,591 VND",APP,2026-02-25 12:16:00
CUST_0083,Bùi Thị Phong,MASS,I. Ngân hàng số & Hỗ trợ,Thuê két sắt / dịch vụ giữ hộ tài sản,VPBank Financial,"11,688,335 VND",ATM,2026-05-02 10:16:00
CUST_0083,Bùi Thị Phong,MASS,J. Khách hàng doanh nghiệp,Đăng ký dịch vụ thu hộ qua mã VietQR / Virtual Account,VPBank Financial,"15,893,226 VND",APP,2026-03-01 14:37:00
CUST_0083,Bùi Thị Phong,MASS,C. Tiết kiệm & Tiền gửi,Rút trước hạn sổ tiết kiệm (một phần / toàn bộ),VPBank Financial,"145,991,316 VND",APP,2026-04-09 07:56:00
CUST_0083,Bùi Thị Phong,MASS,B. Giao dịch tiền mặt,Rút tiền mặt số lượng lớn (đăng ký trước),VPBank Financial,"5,068,880 VND",COUNTER,2026-06-29 15:09:00
CUST_0083,Bùi Thị Phong,MASS,I. Ngân hàng số & Hỗ trợ,Đăng ký / kích hoạt VPBank NEO (Internet & Mobile Banking),VPBank Financial,"16,448,834 VND",APP,2026-07-06 13:04:00
CUST_0083,Bùi Thị Phong,MASS,H. Bảo hiểm & Đầu tư,Tư vấn và mua bảo hiểm nhân thọ (Bancassurance),VPBank Financial,"4,218,794 VND",ATM,2026-03-23 13:56:00
CUST_0083,Bùi Thị Phong,MASS,D. Thẻ,Phát hành thẻ ghi nợ quốc tế (Visa/Mastercard Debit),VPBank Financial,"5,624,593 VND",COUNTER,2026-07-22 14:39:00
CUST_0083,Bùi Thị Phong,MASS,E. Chuyển tiền & Thanh toán,Chuyển tiền liên ngân hàng (Napas 24/7 / Citad),VPBank Financial,"75,652,085 VND",COUNTER,2026-07-11 08:35:00
CUST_0083,Bùi Thị Phong,MASS,H. Bảo hiểm & Đầu tư,Mở tài khoản chứng khoán / đăng ký dịch vụ đầu tư,VPBank Financial,"19,302,007 VND",COUNTER,2026-07-03 08:53:00
CUST_0083,Bùi Thị Phong,MASS,A. Tài khoản & Thông tin KH,Xác thực sinh trắc học khuôn mặt / vân tay (QĐ 2345),VPBank Financial,"18,755,056 VND",COUNTER,2026-06-07 11:41:00
CUST_0083,Bùi Thị Phong,MASS,F. Ngoại tệ,Cấp giấy xác nhận mang ngoại tệ ra nước ngoài,VPBank Financial,"96,999,025 VND",COUNTER,2026-06-10 07:50:00
CUST_0083,Bùi Thị Phong,MASS,A. Tài khoản & Thông tin KH,"Cập nhật thông tin CIF (CCCD, địa chỉ, SĐT, email, nghề nghiệp)",VPBank Financial,"17,504,351 VND",COUNTER,2026-03-12 15:13:00
CUST_0043,Vũ Minh Phong,DIAMOND,I. Ngân hàng số & Hỗ trợ,Reset mật khẩu / cấp lại eToken / đổi thiết bị đăng nhập,VPBank Financial,"9,475,532 VND",APP,2026-07-08 12:22:00
CUST_0043,Vũ Minh Phong,DIAMOND,J. Khách hàng doanh nghiệp,Vay vốn lưu động / hạn mức tín dụng doanh nghiệp,VPBank Financial,"3,959,083 VND",COUNTER,2026-03-18 15:44:00
CUST_0043,Vũ Minh Phong,DIAMOND,G. Tín dụng,Trả nợ gốc / lãi khoản vay tại quầy,VPBank Financial,"243,268,580 VND",COUNTER,2026-04-22 08:49:00
CUST_0043,Vũ Minh Phong,DIAMOND,G. Tín dụng,Đăng ký hạn mức thấu chi tài khoản,VPBank Financial,"96,414,140 VND",COUNTER,2026-04-13 14:16:00
CUST_0043,Vũ Minh Phong,DIAMOND,E. Chuyển tiền & Thanh toán,Chuyển tiền trong hệ thống VPBank,VPBank Financial,"86,033,477 VND",EBANK,2026-02-15 10:02:00
CUST_0043,Vũ Minh Phong,DIAMOND,G. Tín dụng,Tất toán khoản vay trước hạn / giải chấp tài sản,VPBank Financial,"77,916,383 VND",APP,2026-05-08 13:38:00
CUST_0043,Vũ Minh Phong,DIAMOND,A. Tài khoản & Thông tin KH,Đóng tài khoản thanh toán,VPBank Financial,"17,811,046 VND",EBANK,2026-07-27 12:25:00
CUST_0043,Vũ Minh Phong,DIAMOND,B. Giao dịch tiền mặt,Rút tiền mặt từ tài khoản,VPBank Financial,"17,296,174 VND",COUNTER,2026-07-29 14:05:00
CUST_0043,Vũ Minh Phong,DIAMOND,I. Ngân hàng số & Hỗ trợ,Đăng ký / kích hoạt VPBank NEO (Internet & Mobile Banking),VPBank Financial,"6,562,776 VND",EBANK,2026-02-16 13:19:00
CUST_0043,Vũ Minh Phong,DIAMOND,C. Tiết kiệm & Tiền gửi,Tất toán sổ tiết kiệm đúng hạn,VPBank Financial,"150,953,072 VND",APP,2026-07-18 11:01:00
CUST_0043,Vũ Minh Phong,DIAMOND,G. Tín dụng,Tất toán khoản vay trước hạn / giải chấp tài sản,VPBank Financial,"278,694,214 VND",COUNTER,2026-03-11 08:20:00
CUST_0043,Vũ Minh Phong,DIAMOND,G. Tín dụng,Tư vấn và nộp hồ sơ vay mua ô tô,VPBank Financial,"142,524,304 VND",COUNTER,2026-07-29 08:34:00
CUST_0043,Vũ Minh Phong,DIAMOND,D. Thẻ,"Khóa / mở khóa thẻ, báo mất và phát hành lại",VPBank Financial,"5,521,190 VND",APP,2026-07-04 08:32:00
CUST_0043,Vũ Minh Phong,DIAMOND,D. Thẻ,Yêu cầu tăng / giảm hạn mức thẻ tín dụng,VPBank Financial,"13,145,332 VND",COUNTER,2026-07-09 11:48:00
CUST_0043,Vũ Minh Phong,DIAMOND,J. Khách hàng doanh nghiệp,"Mở L/C và thanh toán quốc tế (T/T, D/P, D/A)",VPBank Financial,"16,182,294 VND",COUNTER,2026-03-21 09:57:00
CUST_0043,Vũ Minh Phong,DIAMOND,J. Khách hàng doanh nghiệp,"Mở L/C và thanh toán quốc tế (T/T, D/P, D/A)",VPBank Financial,"14,665,090 VND",EBANK,2026-03-19 09:03:00
CUST_0043,Vũ Minh Phong,DIAMOND,F. Ngoại tệ,Chuyển đổi ngoại tệ giữa các tài khoản (không dùng tiền mặt),VPBank Financial,"66,833,931 VND",COUNTER,2026-07-31 10:08:00
CUST_0043,Vũ Minh Phong,DIAMOND,G. Tín dụng,Xin xác nhận dư nợ / lịch sử trả nợ / xóa nợ xấu,VPBank Financial,"74,998,332 VND",COUNTER,2026-04-23 10:32:00
CUST_0043,Vũ Minh Phong,DIAMOND,C. Tiết kiệm & Tiền gửi,Tất toán sổ tiết kiệm đúng hạn,VPBank Financial,"247,495,029 VND",COUNTER,2026-03-30 07:54:00
CUST_0043,Vũ Minh Phong,DIAMOND,J. Khách hàng doanh nghiệp,Đăng ký eBanking doanh nghiệp và phân quyền người dùng,VPBank Financial,"691,721 VND",COUNTER,2026-03-14 14:57:00
CUST_0043,Vũ Minh Phong,DIAMOND,J. Khách hàng doanh nghiệp,Đăng ký dịch vụ thu hộ qua mã VietQR / Virtual Account,VPBank Financial,"11,394,987 VND",APP,2026-02-22 13:34:00
CUST_0043,Vũ Minh Phong,DIAMOND,C. Tiết kiệm & Tiền gửi,Tái tục sổ tiết kiệm / chuyển kỳ hạn,VPBank Financial,"152,967,804 VND",COUNTER,2026-05-09 15:22:00
CUST_0043,Vũ Minh Phong,DIAMOND,I. Ngân hàng số & Hỗ trợ,"Đăng ký / hủy SMS Banking, thông báo biến động số dư",VPBank Financial,"16,741,474 VND",APP,2026-02-11 13:03:00
CUST_0043,Vũ Minh Phong,DIAMOND,G. Tín dụng,Tư vấn và nộp hồ sơ vay mua ô tô,VPBank Financial,"289,282,476 VND",COUNTER,2026-03-17 12:38:00
CUST_0043,Vũ Minh Phong,DIAMOND,H. Bảo hiểm & Đầu tư,Tư vấn và mua bảo hiểm nhân thọ (Bancassurance),VPBank Financial,"12,370,003 VND",APP,2026-06-17 09:12:00
CUST_0120,Bùi Tuấn Thảo,DIAMOND,J. Khách hàng doanh nghiệp,Đăng ký dịch vụ thu hộ qua mã VietQR / Virtual Account,VPBank Financial,"3,406,950 VND",APP,2026-03-23 15:08:00
CUST_0120,Bùi Tuấn Thảo,DIAMOND,D. Thẻ,"Khóa / mở khóa thẻ, báo mất và phát hành lại",VPBank Financial,"1,222,911 VND",COUNTER,2026-02-20 10:04:00
CUST_0120,Bùi Tuấn Thảo,DIAMOND,D. Thẻ,Nộp hồ sơ mở thẻ tín dụng,VPBank Financial,"17,086,125 VND",COUNTER,2026-02-25 09:34:00
CUST_0120,Bùi Tuấn Thảo,DIAMOND,D. Thẻ,Nhận thẻ và kích hoạt thẻ tại quầy,VPBank Financial,"4,222,448 VND",EBANK,2026-06-16 11:50:00
CUST_0120,Bùi Tuấn Thảo,DIAMOND,A. Tài khoản & Thông tin KH,Mở tài khoản số đẹp / số theo yêu cầu,VPBank Financial,"16,449,373 VND",APP,2026-07-28 12:57:00
CUST_0120,Bùi Tuấn Thảo,DIAMOND,A. Tài khoản & Thông tin KH,Đăng ký / thay đổi chữ ký mẫu,VPBank Financial,"11,930,420 VND",APP,2026-07-01 11:21:00
CUST_0120,Bùi Tuấn Thảo,DIAMOND,C. Tiết kiệm & Tiền gửi,Chuyển nhượng / thừa kế sổ tiết kiệm,VPBank Financial,"194,179,156 VND",EBANK,2026-07-05 15:50:00
CUST_0120,Bùi Tuấn Thảo,DIAMOND,B. Giao dịch tiền mặt,Dịch vụ thu hộ / chi hộ tiền mặt tại quầy,VPBank Financial,"10,559,207 VND",COUNTER,2026-04-19 13:09:00
CUST_0120,Bùi Tuấn Thảo,DIAMOND,J. Khách hàng doanh nghiệp,Nộp / rút tiền mặt tài khoản doanh nghiệp,VPBank Financial,"1,725,239 VND",APP,2026-05-20 09:15:00
CUST_0120,Bùi Tuấn Thảo,DIAMOND,C. Tiết kiệm & Tiền gửi,Chuyển nhượng / thừa kế sổ tiết kiệm,VPBank Financial,"224,734,749 VND",APP,2026-04-04 14:40:00
CUST_0120,Bùi Tuấn Thảo,DIAMOND,H. Bảo hiểm & Đầu tư,Đóng phí bảo hiểm định kỳ tại quầy,VPBank Financial,"6,618,257 VND",APP,2026-05-17 09:41:00
CUST_0120,Bùi Tuấn Thảo,DIAMOND,G. Tín dụng,Xin xác nhận dư nợ / lịch sử trả nợ / xóa nợ xấu,VPBank Financial,"57,310,564 VND",COUNTER,2026-04-28 15:18:00
CUST_0120,Bùi Tuấn Thảo,DIAMOND,I. Ngân hàng số & Hỗ trợ,"Đăng ký / hủy SMS Banking, thông báo biến động số dư",VPBank Financial,"3,279,228 VND",COUNTER,2026-04-18 07:15:00
CUST_0120,Bùi Tuấn Thảo,DIAMOND,H. Bảo hiểm & Đầu tư,Tư vấn và mua bảo hiểm nhân thọ (Bancassurance),VPBank Financial,"9,575,240 VND",APP,2026-07-29 13:43:00
CUST_0120,Bùi Tuấn Thảo,DIAMOND,C. Tiết kiệm & Tiền gửi,Gửi tiết kiệm tích lũy / gửi góp định kỳ,VPBank Financial,"183,433,289 VND",COUNTER,2026-04-10 13:01:00
CUST_0120,Bùi Tuấn Thảo,DIAMOND,J. Khách hàng doanh nghiệp,Vay vốn lưu động / hạn mức tín dụng doanh nghiệp,VPBank Financial,"19,631,477 VND",ATM,2026-04-25 13:47:00
CUST_0120,Bùi Tuấn Thảo,DIAMOND,F. Ngoại tệ,Chuyển đổi ngoại tệ giữa các tài khoản (không dùng tiền mặt),VPBank Financial,"43,469,849 VND",COUNTER,2026-05-20 10:54:00
CUST_0120,Bùi Tuấn Thảo,DIAMOND,G. Tín dụng,Xin xác nhận dư nợ / lịch sử trả nợ / xóa nợ xấu,VPBank Financial,"42,848,034 VND",APP,2026-07-30 10:24:00
CUST_0082,Lê Hữu Khánh,MASS,I. Ngân hàng số & Hỗ trợ,Thuê két sắt / dịch vụ giữ hộ tài sản,VPBank Financial,"433,242 VND",EBANK,2026-05-10 10:53:00
CUST_0082,Lê Hữu Khánh,MASS,J. Khách hàng doanh nghiệp,"Mở L/C và thanh toán quốc tế (T/T, D/P, D/A)",VPBank Financial,"5,059,998 VND",APP,2026-04-07 11:58:00
CUST_0082,Lê Hữu Khánh,MASS,J. Khách hàng doanh nghiệp,Đăng ký dịch vụ thu hộ qua mã VietQR / Virtual Account,VPBank Financial,"17,797,299 VND",APP,2026-07-08 08:19:00
CUST_0082,Lê Hữu Khánh,MASS,C. Tiết kiệm & Tiền gửi,Cầm cố sổ tiết kiệm để vay vốn,VPBank Financial,"127,020,798 VND",COUNTER,2026-06-29 09:21:00
CUST_0082,Lê Hữu Khánh,MASS,I. Ngân hàng số & Hỗ trợ,Reset mật khẩu / cấp lại eToken / đổi thiết bị đăng nhập,VPBank Financial,"4,936,380 VND",APP,2026-07-01 12:19:00
CUST_0082,Lê Hữu Khánh,MASS,H. Bảo hiểm & Đầu tư,Mua chứng chỉ quỹ / trái phiếu do ngân hàng phân phối,VPBank Financial,"862,072 VND",APP,2026-03-21 09:06:00
CUST_0082,Lê Hữu Khánh,MASS,C. Tiết kiệm & Tiền gửi,Gửi tiết kiệm ngoại tệ (USD/EUR),VPBank Financial,"146,937,373 VND",APP,2026-02-09 08:45:00
CUST_0082,Lê Hữu Khánh,MASS,J. Khách hàng doanh nghiệp,Phát hành thư bảo lãnh ngân hàng,VPBank Financial,"15,344,746 VND",COUNTER,2026-07-05 11:38:00
CUST_0082,Lê Hữu Khánh,MASS,A. Tài khoản & Thông tin KH,Mở tài khoản số đẹp / số theo yêu cầu,VPBank Financial,"15,150,350 VND",COUNTER,2026-04-05 15:45:00
CUST_0082,Lê Hữu Khánh,MASS,F. Ngoại tệ,"Mua ngoại tệ tiền mặt (du lịch, du học, công tác, chữa bệnh)",VPBank Financial,"62,876,153 VND",COUNTER,2026-05-11 09:01:00
CUST_0082,Lê Hữu Khánh,MASS,H. Bảo hiểm & Đầu tư,Mua chứng chỉ quỹ / trái phiếu do ngân hàng phân phối,VPBank Financial,"5,954,731 VND",COUNTER,2026-02-11 07:04:00
CUST_0082,Lê Hữu Khánh,MASS,A. Tài khoản & Thông tin KH,Mở tài khoản số đẹp / số theo yêu cầu,VPBank Financial,"809,505 VND",APP,2026-07-20 11:31:00
CUST_0082,Lê Hữu Khánh,MASS,H. Bảo hiểm & Đầu tư,Hỗ trợ hồ sơ yêu cầu bồi thường bảo hiểm,VPBank Financial,"8,098,968 VND",COUNTER,2026-02-05 11:13:00
CUST_0082,Lê Hữu Khánh,MASS,C. Tiết kiệm & Tiền gửi,Báo mất / cấp lại sổ tiết kiệm,VPBank Financial,"245,510,316 VND",COUNTER,2026-07-26 10:03:00
CUST_0082,Lê Hữu Khánh,MASS,C. Tiết kiệm & Tiền gửi,Báo mất / cấp lại sổ tiết kiệm,VPBank Financial,"81,758,650 VND",EBANK,2026-06-09 08:52:00
CUST_0082,Lê Hữu Khánh,MASS,J. Khách hàng doanh nghiệp,"Mở L/C và thanh toán quốc tế (T/T, D/P, D/A)",VPBank Financial,"2,874,393 VND",COUNTER,2026-04-05 07:31:00
CUST_0082,Lê Hữu Khánh,MASS,B. Giao dịch tiền mặt,Rút tiền mặt số lượng lớn (đăng ký trước),VPBank Financial,"3,014,498 VND",APP,2026-07-02 08:34:00
CUST_0082,Lê Hữu Khánh,MASS,I. Ngân hàng số & Hỗ trợ,"Đăng ký / hủy SMS Banking, thông báo biến động số dư",VPBank Financial,"5,018,379 VND",COUNTER,2026-05-21 14:52:00
CUST_0082,Lê Hữu Khánh,MASS,D. Thẻ,Nhận thẻ và kích hoạt thẻ tại quầy,VPBank Financial,"19,425,484 VND",APP,2026-02-24 07:37:00
CUST_0082,Lê Hữu Khánh,MASS,F. Ngoại tệ,Chuyển đổi ngoại tệ giữa các tài khoản (không dùng tiền mặt),VPBank Financial,"29,784,769 VND",APP,2026-06-26 09:47:00
CUST_0082,Lê Hữu Khánh,MASS,B. Giao dịch tiền mặt,Nộp tiền mặt vào tài khoản người khác,VPBank Financial,"2,146,567 VND",COUNTER,2026-05-30 12:43:00
CUST_0082,Lê Hữu Khánh,MASS,C. Tiết kiệm & Tiền gửi,Xác nhận số dư sổ tiết kiệm (chứng minh tài chính),VPBank Financial,"294,689,356 VND",EBANK,2026-04-24 08:34:00
CUST_0082,Lê Hữu Khánh,MASS,H. Bảo hiểm & Đầu tư,Mở tài khoản chứng khoán / đăng ký dịch vụ đầu tư,VPBank Financial,"3,912,503 VND",COUNTER,2026-04-04 13:13:00
CUST_0082,Lê Hữu Khánh,MASS,E. Chuyển tiền & Thanh toán,Nộp thuế / phí lệ phí nhà nước,VPBank Financial,"86,677,484 VND",APP,2026-03-27 12:36:00
CUST_0082,Lê Hữu Khánh,MASS,E. Chuyển tiền & Thanh toán,Chuyển tiền trong hệ thống VPBank,VPBank Financial,"43,985,946 VND",APP,2026-05-05 09:40:00
CUST_0048,Võ Quang Cường,MASS,D. Thẻ,Đăng ký trả góp 0% qua thẻ tín dụng,VPBank Financial,"11,489,707 VND",ATM,2026-06-04 13:52:00
CUST_0048,Võ Quang Cường,MASS,H. Bảo hiểm & Đầu tư,Tư vấn và mua bảo hiểm nhân thọ (Bancassurance),VPBank Financial,"9,361,219 VND",ATM,2026-05-18 15:06:00
CUST_0048,Võ Quang Cường,MASS,E. Chuyển tiền & Thanh toán,"Thanh toán hóa đơn (điện, nước, viễn thông, học phí, bảo hiểm)",VPBank Financial,"13,685,496 VND",APP,2026-06-14 07:09:00
CUST_0048,Võ Quang Cường,MASS,I. Ngân hàng số & Hỗ trợ,"Đăng ký / hủy SMS Banking, thông báo biến động số dư",VPBank Financial,"10,762,908 VND",APP,2026-07-20 15:21:00
CUST_0048,Võ Quang Cường,MASS,E. Chuyển tiền & Thanh toán,Nộp thuế / phí lệ phí nhà nước,VPBank Financial,"63,107,289 VND",APP,2026-07-26 10:20:00
CUST_0048,Võ Quang Cường,MASS,J. Khách hàng doanh nghiệp,Đăng ký eBanking doanh nghiệp và phân quyền người dùng,VPBank Financial,"10,002,108 VND",ATM,2026-02-21 12:28:00
CUST_0048,Võ Quang Cường,MASS,J. Khách hàng doanh nghiệp,Nộp / rút tiền mặt tài khoản doanh nghiệp,VPBank Financial,"19,817,867 VND",APP,2026-05-09 15:17:00
CUST_0048,Võ Quang Cường,MASS,A. Tài khoản & Thông tin KH,Mở tài khoản số đẹp / số theo yêu cầu,VPBank Financial,"3,787,650 VND",APP,2026-05-20 07:07:00
CUST_0048,Võ Quang Cường,MASS,I. Ngân hàng số & Hỗ trợ,Tiếp nhận khiếu nại / góp ý dịch vụ chung,VPBank Financial,"18,923,468 VND",APP,2026-02-08 15:51:00
CUST_0048,Võ Quang Cường,MASS,D. Thẻ,Nhận thẻ và kích hoạt thẻ tại quầy,VPBank Financial,"5,625,014 VND",APP,2026-07-17 10:17:00
CUST_0048,Võ Quang Cường,MASS,J. Khách hàng doanh nghiệp,Nộp thuế điện tử doanh nghiệp,VPBank Financial,"19,971,493 VND",APP,2026-04-07 13:33:00
CUST_0048,Võ Quang Cường,MASS,B. Giao dịch tiền mặt,Rút tiền mặt số lượng lớn (đăng ký trước),VPBank Financial,"7,600,318 VND",ATM,2026-05-22 10:14:00
CUST_0048,Võ Quang Cường,MASS,J. Khách hàng doanh nghiệp,Chi lương hàng loạt cho nhân viên,VPBank Financial,"510,760 VND",COUNTER,2026-03-23 12:55:00
CUST_0048,Võ Quang Cường,MASS,I. Ngân hàng số & Hỗ trợ,"Đăng ký / hủy SMS Banking, thông báo biến động số dư",VPBank Financial,"12,183,767 VND",COUNTER,2026-06-23 11:55:00
CUST_0048,Võ Quang Cường,MASS,H. Bảo hiểm & Đầu tư,Hỗ trợ hồ sơ yêu cầu bồi thường bảo hiểm,VPBank Financial,"17,256,610 VND",ATM,2026-04-22 07:38:00
CUST_0048,Võ Quang Cường,MASS,D. Thẻ,Tra soát / khiếu nại giao dịch thẻ,VPBank Financial,"13,727,525 VND",APP,2026-07-24 10:07:00
CUST_0048,Võ Quang Cường,MASS,C. Tiết kiệm & Tiền gửi,Tất toán sổ tiết kiệm đúng hạn,VPBank Financial,"164,228,195 VND",ATM,2026-05-01 13:44:00
CUST_0048,Võ Quang Cường,MASS,D. Thẻ,Phát hành thẻ ghi nợ nội địa (ATM/Napas),VPBank Financial,"4,858,896 VND",COUNTER,2026-03-26 08:28:00
CUST_0048,Võ Quang Cường,MASS,E. Chuyển tiền & Thanh toán,Chuyển tiền liên ngân hàng (Napas 24/7 / Citad),VPBank Financial,"83,751,107 VND",COUNTER,2026-02-18 08:54:00
CUST_0048,Võ Quang Cường,MASS,D. Thẻ,Nhận thẻ và kích hoạt thẻ tại quầy,VPBank Financial,"3,192,453 VND",APP,2026-07-30 09:34:00
CUST_0048,Võ Quang Cường,MASS,H. Bảo hiểm & Đầu tư,"Mua bảo hiểm phi nhân thọ (sức khỏe, ô tô, nhà, du lịch)",VPBank Financial,"12,241,078 VND",COUNTER,2026-06-20 08:15:00
CUST_0048,Võ Quang Cường,MASS,J. Khách hàng doanh nghiệp,Nộp / rút tiền mặt tài khoản doanh nghiệp,VPBank Financial,"9,188,013 VND",COUNTER,2026-07-25 11:56:00
CUST_0048,Võ Quang Cường,MASS,J. Khách hàng doanh nghiệp,Vay vốn lưu động / hạn mức tín dụng doanh nghiệp,VPBank Financial,"6,388,980 VND",APP,2026-07-30 13:10:00
CUST_0048,Võ Quang Cường,MASS,A. Tài khoản & Thông tin KH,Mở tài khoản thanh toán VND,VPBank Financial,"4,997,653 VND",ATM,2026-07-24 11:27:00
CUST_0048,Võ Quang Cường,MASS,D. Thẻ,Phát hành thẻ ghi nợ nội địa (ATM/Napas),VPBank Financial,"6,845,434 VND",COUNTER,2026-07-12 10:10:00
CUST_0086,Đỗ Anh Tuấn,MASS,E. Chuyển tiền & Thanh toán,Chuyển tiền liên ngân hàng (Napas 24/7 / Citad),VPBank Financial,"51,061,580 VND",COUNTER,2026-02-07 14:09:00
CUST_0086,Đỗ Anh Tuấn,MASS,H. Bảo hiểm & Đầu tư,Hỗ trợ hồ sơ yêu cầu bồi thường bảo hiểm,VPBank Financial,"7,357,014 VND",APP,2026-04-25 07:38:00
CUST_0086,Đỗ Anh Tuấn,MASS,I. Ngân hàng số & Hỗ trợ,Đăng ký / kích hoạt VPBank NEO (Internet & Mobile Banking),VPBank Financial,"1,751,097 VND",COUNTER,2026-03-03 14:29:00
CUST_0086,Đỗ Anh Tuấn,MASS,C. Tiết kiệm & Tiền gửi,Tái tục sổ tiết kiệm / chuyển kỳ hạn,VPBank Financial,"43,873,191 VND",COUNTER,2026-07-21 14:11:00
CUST_0086,Đỗ Anh Tuấn,MASS,E. Chuyển tiền & Thanh toán,Nhận tiền chuyển đến từ nước ngoài / chi trả kiều hối,VPBank Financial,"46,179,051 VND",COUNTER,2026-07-09 12:09:00
CUST_0086,Đỗ Anh Tuấn,MASS,A. Tài khoản & Thông tin KH,Mở tài khoản đồng sở hữu / ủy quyền sử dụng tài khoản,VPBank Financial,"3,106,672 VND",APP,2026-03-09 10:21:00
CUST_0086,Đỗ Anh Tuấn,MASS,I. Ngân hàng số & Hỗ trợ,Đăng ký dịch vụ trả lương qua tài khoản,VPBank Financial,"15,726,906 VND",APP,2026-03-02 09:27:00
CUST_0086,Đỗ Anh Tuấn,MASS,J. Khách hàng doanh nghiệp,Mở tài khoản thanh toán doanh nghiệp,VPBank Financial,"13,533,151 VND",ATM,2026-02-06 08:10:00
CUST_0086,Đỗ Anh Tuấn,MASS,H. Bảo hiểm & Đầu tư,"Mua bảo hiểm phi nhân thọ (sức khỏe, ô tô, nhà, du lịch)",VPBank Financial,"16,966,304 VND",APP,2026-04-16 08:59:00
CUST_0086,Đỗ Anh Tuấn,MASS,E. Chuyển tiền & Thanh toán,Nhận tiền chuyển đến từ nước ngoài / chi trả kiều hối,VPBank Financial,"7,325,625 VND",APP,2026-06-28 15:17:00
CUST_0086,Đỗ Anh Tuấn,MASS,A. Tài khoản & Thông tin KH,Đăng ký / thay đổi chữ ký mẫu,VPBank Financial,"3,586,015 VND",APP,2026-05-26 11:52:00
CUST_0086,Đỗ Anh Tuấn,MASS,F. Ngoại tệ,Bán ngoại tệ tiền mặt cho ngân hàng,VPBank Financial,"93,552,722 VND",APP,2026-05-16 07:37:00
CUST_0086,Đỗ Anh Tuấn,MASS,E. Chuyển tiền & Thanh toán,Chuyển tiền liên ngân hàng (Napas 24/7 / Citad),VPBank Financial,"72,947,501 VND",COUNTER,2026-05-09 10:07:00
CUST_0086,Đỗ Anh Tuấn,MASS,A. Tài khoản & Thông tin KH,"Cập nhật thông tin CIF (CCCD, địa chỉ, SĐT, email, nghề nghiệp)",VPBank Financial,"12,734,758 VND",APP,2026-06-28 09:58:00
CUST_0086,Đỗ Anh Tuấn,MASS,I. Ngân hàng số & Hỗ trợ,Tiếp nhận khiếu nại / góp ý dịch vụ chung,VPBank Financial,"15,188,835 VND",APP,2026-04-09 15:37:00
CUST_0086,Đỗ Anh Tuấn,MASS,G. Tín dụng,Tư vấn và nộp hồ sơ vay tiêu dùng tín chấp,VPBank Financial,"251,345,477 VND",ATM,2026-04-30 13:08:00
CUST_0086,Đỗ Anh Tuấn,MASS,A. Tài khoản & Thông tin KH,Xin sao kê tài khoản / xác nhận số dư,VPBank Financial,"11,035,301 VND",COUNTER,2026-04-09 15:54:00
CUST_0086,Đỗ Anh Tuấn,MASS,J. Khách hàng doanh nghiệp,Mở tài khoản thanh toán doanh nghiệp,VPBank Financial,"13,006,752 VND",EBANK,2026-02-19 14:26:00
CUST_0086,Đỗ Anh Tuấn,MASS,H. Bảo hiểm & Đầu tư,"Mua bảo hiểm phi nhân thọ (sức khỏe, ô tô, nhà, du lịch)",VPBank Financial,"1,485,488 VND",APP,2026-06-03 11:07:00
CUST_0086,Đỗ Anh Tuấn,MASS,D. Thẻ,Tra soát / khiếu nại giao dịch thẻ,VPBank Financial,"13,319,149 VND",APP,2026-04-20 15:00:00
CUST_0086,Đỗ Anh Tuấn,MASS,I. Ngân hàng số & Hỗ trợ,Đăng ký nâng hạng khách hàng ưu tiên (VPBank Diamond / Prime),VPBank Financial,"19,199,158 VND",APP,2026-04-23 09:04:00
CUST_0086,Đỗ Anh Tuấn,MASS,I. Ngân hàng số & Hỗ trợ,Tiếp nhận khiếu nại / góp ý dịch vụ chung,VPBank Financial,"19,202,036 VND",COUNTER,2026-02-17 14:49:00
CUST_0086,Đỗ Anh Tuấn,MASS,H. Bảo hiểm & Đầu tư,Hỗ trợ hồ sơ yêu cầu bồi thường bảo hiểm,VPBank Financial,"10,370,761 VND",APP,2026-07-10 10:20:00
CUST_0086,Đỗ Anh Tuấn,MASS,E. Chuyển tiền & Thanh toán,Tra soát lệnh chuyển tiền / yêu cầu hoàn tiền,VPBank Financial,"91,054,828 VND",EBANK,2026-05-19 14:28:00
CUST_0086,Đỗ Anh Tuấn,MASS,E. Chuyển tiền & Thanh toán,Tra soát lệnh chuyển tiền / yêu cầu hoàn tiền,VPBank Financial,"72,313,349 VND",APP,2026-06-14 14:59:00
CUST_0086,Đỗ Anh Tuấn,MASS,C. Tiết kiệm & Tiền gửi,Tái tục sổ tiết kiệm / chuyển kỳ hạn,VPBank Financial,"254,094,672 VND",COUNTER,2026-05-30 12:28:00
CUST_0086,Đỗ Anh Tuấn,MASS,E. Chuyển tiền & Thanh toán,Nhận tiền chuyển đến từ nước ngoài / chi trả kiều hối,VPBank Financial,"34,943,938 VND",APP,2026-03-21 07:13:00
CUST_0086,Đỗ Anh Tuấn,MASS,I. Ngân hàng số & Hỗ trợ,Đăng ký / kích hoạt VPBank NEO (Internet & Mobile Banking),VPBank Financial,"1,024,288 VND",APP,2026-03-26 12:33:00
CUST_0086,Đỗ Anh Tuấn,MASS,B. Giao dịch tiền mặt,Đổi mệnh giá tiền / đổi tiền không đủ tiêu chuẩn lưu thông,VPBank Financial,"1,688,892 VND",APP,2026-02-17 15:47:00
CUST_0060,Vũ Kim Nga,MASS,J. Khách hàng doanh nghiệp,Nộp / rút tiền mặt tài khoản doanh nghiệp,VPBank Financial,"10,971,793 VND",APP,2026-06-25 14:20:00
CUST_0060,Vũ Kim Nga,MASS,H. Bảo hiểm & Đầu tư,"Mua bảo hiểm phi nhân thọ (sức khỏe, ô tô, nhà, du lịch)",VPBank Financial,"3,048,586 VND",COUNTER,2026-06-27 10:25:00
CUST_0060,Vũ Kim Nga,MASS,D. Thẻ,"Khóa / mở khóa thẻ, báo mất và phát hành lại",VPBank Financial,"477,487 VND",APP,2026-07-21 09:04:00
CUST_0060,Vũ Kim Nga,MASS,B. Giao dịch tiền mặt,Nộp tiền mặt vào tài khoản của chính mình,VPBank Financial,"5,190,984 VND",APP,2026-07-19 08:51:00
CUST_0060,Vũ Kim Nga,MASS,C. Tiết kiệm & Tiền gửi,Cầm cố sổ tiết kiệm để vay vốn,VPBank Financial,"235,215,984 VND",APP,2026-02-08 12:51:00
CUST_0060,Vũ Kim Nga,MASS,A. Tài khoản & Thông tin KH,Mở tài khoản thanh toán ngoại tệ (USD/EUR),VPBank Financial,"16,227,570 VND",EBANK,2026-05-02 09:08:00
CUST_0060,Vũ Kim Nga,MASS,G. Tín dụng,Trả nợ gốc / lãi khoản vay tại quầy,VPBank Financial,"119,699,429 VND",APP,2026-07-24 07:58:00
CUST_0060,Vũ Kim Nga,MASS,G. Tín dụng,Tư vấn và nộp hồ sơ vay tiêu dùng tín chấp,VPBank Financial,"255,502,739 VND",COUNTER,2026-04-06 13:19:00
CUST_0060,Vũ Kim Nga,MASS,D. Thẻ,Phát hành thẻ ghi nợ nội địa (ATM/Napas),VPBank Financial,"15,861,881 VND",APP,2026-05-25 10:37:00
CUST_0060,Vũ Kim Nga,MASS,C. Tiết kiệm & Tiền gửi,Chuyển nhượng / thừa kế sổ tiết kiệm,VPBank Financial,"14,903,846 VND",APP,2026-07-17 10:47:00
CUST_0060,Vũ Kim Nga,MASS,H. Bảo hiểm & Đầu tư,Đóng phí bảo hiểm định kỳ tại quầy,VPBank Financial,"6,208,374 VND",ATM,2026-02-08 10:38:00
CUST_0060,Vũ Kim Nga,MASS,H. Bảo hiểm & Đầu tư,Mở tài khoản chứng khoán / đăng ký dịch vụ đầu tư,VPBank Financial,"14,753,459 VND",COUNTER,2026-04-15 10:53:00
CUST_0060,Vũ Kim Nga,MASS,H. Bảo hiểm & Đầu tư,Hỗ trợ hồ sơ yêu cầu bồi thường bảo hiểm,VPBank Financial,"13,976,886 VND",EBANK,2026-02-13 10:10:00
CUST_0060,Vũ Kim Nga,MASS,D. Thẻ,"Khóa / mở khóa thẻ, báo mất và phát hành lại",VPBank Financial,"936,179 VND",COUNTER,2026-04-20 08:31:00
CUST_0060,Vũ Kim Nga,MASS,D. Thẻ,Yêu cầu tăng / giảm hạn mức thẻ tín dụng,VPBank Financial,"8,645,747 VND",COUNTER,2026-06-26 15:10:00
CUST_0060,Vũ Kim Nga,MASS,C. Tiết kiệm & Tiền gửi,Báo mất / cấp lại sổ tiết kiệm,VPBank Financial,"68,494,322 VND",COUNTER,2026-07-23 12:05:00
CUST_0060,Vũ Kim Nga,MASS,J. Khách hàng doanh nghiệp,Đăng ký eBanking doanh nghiệp và phân quyền người dùng,VPBank Financial,"19,379,526 VND",APP,2026-06-22 13:59:00
CUST_0060,Vũ Kim Nga,MASS,J. Khách hàng doanh nghiệp,Vay vốn lưu động / hạn mức tín dụng doanh nghiệp,VPBank Financial,"3,627,075 VND",COUNTER,2026-04-13 11:22:00
CUST_0060,Vũ Kim Nga,MASS,J. Khách hàng doanh nghiệp,Đăng ký eBanking doanh nghiệp và phân quyền người dùng,VPBank Financial,"1,689,911 VND",APP,2026-05-30 12:09:00
CUST_0060,Vũ Kim Nga,MASS,D. Thẻ,Phát hành thẻ ghi nợ quốc tế (Visa/Mastercard Debit),VPBank Financial,"11,125,841 VND",EBANK,2026-04-26 13:10:00
CUST_0060,Vũ Kim Nga,MASS,C. Tiết kiệm & Tiền gửi,Rút trước hạn sổ tiết kiệm (một phần / toàn bộ),VPBank Financial,"152,786,641 VND",APP,2026-07-10 09:57:00
CUST_0060,Vũ Kim Nga,MASS,G. Tín dụng,Tư vấn và nộp hồ sơ vay mua/sửa nhà (thế chấp bất động sản),VPBank Financial,"255,406,214 VND",ATM,2026-07-11 13:38:00
CUST_0060,Vũ Kim Nga,MASS,I. Ngân hàng số & Hỗ trợ,Tiếp nhận khiếu nại / góp ý dịch vụ chung,VPBank Financial,"12,660,835 VND",APP,2026-02-05 08:14:00
CUST_0060,Vũ Kim Nga,MASS,A. Tài khoản & Thông tin KH,Đóng tài khoản thanh toán,VPBank Financial,"15,784,427 VND",APP,2026-05-08 09:54:00
CUST_0060,Vũ Kim Nga,MASS,D. Thẻ,Nhận thẻ và kích hoạt thẻ tại quầy,VPBank Financial,"15,047,554 VND",EBANK,2026-07-20 15:30:00
CUST_0060,Vũ Kim Nga,MASS,A. Tài khoản & Thông tin KH,Đăng ký / thay đổi chữ ký mẫu,VPBank Financial,"16,435,600 VND",COUNTER,2026-06-10 13:29:00
CUST_0060,Vũ Kim Nga,MASS,J. Khách hàng doanh nghiệp,"Mở L/C và thanh toán quốc tế (T/T, D/P, D/A)",VPBank Financial,"15,662,122 VND",EBANK,2026-07-29 09:52:00
CUST_0060,Vũ Kim Nga,MASS,A. Tài khoản & Thông tin KH,"Cập nhật thông tin CIF (CCCD, địa chỉ, SĐT, email, nghề nghiệp)",VPBank Financial,"6,739,683 VND",APP,2026-03-19 09:08:00
CUST_0060,Vũ Kim Nga,MASS,I. Ngân hàng số & Hỗ trợ,Đăng ký / kích hoạt VPBank NEO (Internet & Mobile Banking),VPBank Financial,"1,587,696 VND",COUNTER,2026-07-21 14:29:00
CUST_0060,Vũ Kim Nga,MASS,J. Khách hàng doanh nghiệp,Nộp / rút tiền mặt tài khoản doanh nghiệp,VPBank Financial,"2,659,225 VND",EBANK,2026-07-15 10:01:00
CUST_0060,Vũ Kim Nga,MASS,C. Tiết kiệm & Tiền gửi,Gửi tiết kiệm ngoại tệ (USD/EUR),VPBank Financial,"185,016,596 VND",APP,2026-05-26 15:28:00
CUST_0060,Vũ Kim Nga,MASS,I. Ngân hàng số & Hỗ trợ,Đăng ký dịch vụ trả lương qua tài khoản,VPBank Financial,"14,373,756 VND",COUNTER,2026-05-22 10:30:00
CUST_0080,Phan Thị Nam,DIAMOND,D. Thẻ,Phát hành thẻ ghi nợ quốc tế (Visa/Mastercard Debit),VPBank Financial,"16,426,015 VND",COUNTER,2026-02-06 10:30:00
CUST_0080,Phan Thị Nam,DIAMOND,A. Tài khoản & Thông tin KH,Xác thực sinh trắc học khuôn mặt / vân tay (QĐ 2345),VPBank Financial,"5,511,357 VND",EBANK,2026-07-10 08:28:00
CUST_0080,Phan Thị Nam,DIAMOND,E. Chuyển tiền & Thanh toán,Chuyển tiền trong hệ thống VPBank,VPBank Financial,"10,415,227 VND",APP,2026-05-09 10:24:00
CUST_0080,Phan Thị Nam,DIAMOND,G. Tín dụng,Tư vấn và nộp hồ sơ vay tiêu dùng tín chấp,VPBank Financial,"222,457,683 VND",APP,2026-07-08 13:39:00
CUST_0080,Phan Thị Nam,DIAMOND,C. Tiết kiệm & Tiền gửi,Báo mất / cấp lại sổ tiết kiệm,VPBank Financial,"295,629,441 VND",EBANK,2026-04-02 12:42:00
CUST_0080,Phan Thị Nam,DIAMOND,I. Ngân hàng số & Hỗ trợ,Đăng ký nâng hạng khách hàng ưu tiên (VPBank Diamond / Prime),VPBank Financial,"15,344,601 VND",COUNTER,2026-07-22 11:46:00
CUST_0080,Phan Thị Nam,DIAMOND,B. Giao dịch tiền mặt,Dịch vụ thu hộ / chi hộ tiền mặt tại quầy,VPBank Financial,"12,738,725 VND",COUNTER,2026-03-31 14:19:00
CUST_0080,Phan Thị Nam,DIAMOND,B. Giao dịch tiền mặt,Rút tiền mặt số lượng lớn (đăng ký trước),VPBank Financial,"7,952,435 VND",APP,2026-02-06 08:48:00
CUST_0080,Phan Thị Nam,DIAMOND,E. Chuyển tiền & Thanh toán,"Thanh toán hóa đơn (điện, nước, viễn thông, học phí, bảo hiểm)",VPBank Financial,"17,046,171 VND",ATM,2026-05-19 08:43:00
CUST_0080,Phan Thị Nam,DIAMOND,J. Khách hàng doanh nghiệp,Nộp thuế điện tử doanh nghiệp,VPBank Financial,"17,397,346 VND",COUNTER,2026-07-18 13:10:00
CUST_0080,Phan Thị Nam,DIAMOND,I. Ngân hàng số & Hỗ trợ,Thuê két sắt / dịch vụ giữ hộ tài sản,VPBank Financial,"5,070,795 VND",APP,2026-05-05 08:52:00
CUST_0080,Phan Thị Nam,DIAMOND,A. Tài khoản & Thông tin KH,Đăng ký / thay đổi chữ ký mẫu,VPBank Financial,"5,782,350 VND",APP,2026-06-07 15:17:00
CUST_0080,Phan Thị Nam,DIAMOND,J. Khách hàng doanh nghiệp,Ủy nhiệm chi / chuyển tiền doanh nghiệp,VPBank Financial,"14,244,423 VND",APP,2026-02-27 15:28:00
CUST_0080,Phan Thị Nam,DIAMOND,A. Tài khoản & Thông tin KH,Đăng ký / thay đổi chữ ký mẫu,VPBank Financial,"2,852,036 VND",EBANK,2026-05-26 07:18:00
CUST_0080,Phan Thị Nam,DIAMOND,I. Ngân hàng số & Hỗ trợ,"Đăng ký / hủy SMS Banking, thông báo biến động số dư",VPBank Financial,"3,509,222 VND",APP,2026-06-07 07:35:00
CUST_0080,Phan Thị Nam,DIAMOND,F. Ngoại tệ,Cấp giấy xác nhận mang ngoại tệ ra nước ngoài,VPBank Financial,"17,943,941 VND",ATM,2026-05-02 07:23:00
CUST_0080,Phan Thị Nam,DIAMOND,C. Tiết kiệm & Tiền gửi,Gửi tiết kiệm ngoại tệ (USD/EUR),VPBank Financial,"157,681,123 VND",APP,2026-06-08 10:59:00
CUST_0080,Phan Thị Nam,DIAMOND,A. Tài khoản & Thông tin KH,Mở tài khoản thanh toán VND,VPBank Financial,"15,283,899 VND",COUNTER,2026-04-19 16:00:00
CUST_0080,Phan Thị Nam,DIAMOND,J. Khách hàng doanh nghiệp,Chi lương hàng loạt cho nhân viên,VPBank Financial,"11,442,863 VND",EBANK,2026-07-03 10:41:00
CUST_0080,Phan Thị Nam,DIAMOND,C. Tiết kiệm & Tiền gửi,Báo mất / cấp lại sổ tiết kiệm,VPBank Financial,"272,860,388 VND",EBANK,2026-02-11 13:05:00
CUST_0080,Phan Thị Nam,DIAMOND,E. Chuyển tiền & Thanh toán,Đăng ký ủy nhiệm chi / chuyển tiền định kỳ tự động,VPBank Financial,"21,397,307 VND",APP,2026-06-07 07:26:00
CUST_0080,Phan Thị Nam,DIAMOND,A. Tài khoản & Thông tin KH,Phong tỏa / giải tỏa tài khoản,VPBank Financial,"7,963,791 VND",COUNTER,2026-04-26 14:42:00
CUST_0080,Phan Thị Nam,DIAMOND,J. Khách hàng doanh nghiệp,Đăng ký eBanking doanh nghiệp và phân quyền người dùng,VPBank Financial,"14,638,310 VND",COUNTER,2026-05-08 08:33:00
CUST_0080,Phan Thị Nam,DIAMOND,A. Tài khoản & Thông tin KH,Đăng ký / thay đổi chữ ký mẫu,VPBank Financial,"17,538,120 VND",COUNTER,2026-05-10 14:43:00
CUST_0080,Phan Thị Nam,DIAMOND,C. Tiết kiệm & Tiền gửi,Gửi tiết kiệm ngoại tệ (USD/EUR),VPBank Financial,"115,654,135 VND",ATM,2026-06-19 07:51:00
CUST_0080,Phan Thị Nam,DIAMOND,I. Ngân hàng số & Hỗ trợ,Đăng ký nâng hạng khách hàng ưu tiên (VPBank Diamond / Prime),VPBank Financial,"11,360,442 VND",APP,2026-06-02 14:25:00
CUST_0070,Nguyễn Quang Hùng,PRIME,H. Bảo hiểm & Đầu tư,Tư vấn và mua bảo hiểm nhân thọ (Bancassurance),VPBank Financial,"18,358,120 VND",APP,2026-07-31 11:55:00
CUST_0070,Nguyễn Quang Hùng,PRIME,J. Khách hàng doanh nghiệp,Đăng ký eBanking doanh nghiệp và phân quyền người dùng,VPBank Financial,"3,985,968 VND",COUNTER,2026-06-09 09:51:00
CUST_0070,Nguyễn Quang Hùng,PRIME,D. Thẻ,"Khóa / mở khóa thẻ, báo mất và phát hành lại",VPBank Financial,"8,085,355 VND",APP,2026-05-13 07:13:00
CUST_0070,Nguyễn Quang Hùng,PRIME,C. Tiết kiệm & Tiền gửi,Gửi tiết kiệm có kỳ hạn VND tại quầy,VPBank Financial,"283,126,785 VND",APP,2026-03-30 07:23:00
CUST_0070,Nguyễn Quang Hùng,PRIME,I. Ngân hàng số & Hỗ trợ,"Đăng ký / hủy SMS Banking, thông báo biến động số dư",VPBank Financial,"6,554,522 VND",COUNTER,2026-03-31 08:02:00
CUST_0070,Nguyễn Quang Hùng,PRIME,E. Chuyển tiền & Thanh toán,Tra soát lệnh chuyển tiền / yêu cầu hoàn tiền,VPBank Financial,"17,032,308 VND",APP,2026-04-13 11:42:00
CUST_0070,Nguyễn Quang Hùng,PRIME,J. Khách hàng doanh nghiệp,Đăng ký dịch vụ thu hộ qua mã VietQR / Virtual Account,VPBank Financial,"13,858,509 VND",APP,2026-05-03 09:44:00
CUST_0070,Nguyễn Quang Hùng,PRIME,J. Khách hàng doanh nghiệp,Phát hành thư bảo lãnh ngân hàng,VPBank Financial,"9,886,482 VND",COUNTER,2026-07-07 08:54:00
CUST_0070,Nguyễn Quang Hùng,PRIME,I. Ngân hàng số & Hỗ trợ,Đăng ký nâng hạng khách hàng ưu tiên (VPBank Diamond / Prime),VPBank Financial,"5,471,423 VND",APP,2026-03-13 07:27:00
CUST_0070,Nguyễn Quang Hùng,PRIME,J. Khách hàng doanh nghiệp,Mở tài khoản thanh toán doanh nghiệp,VPBank Financial,"10,649,890 VND",APP,2026-04-02 09:11:00
CUST_0070,Nguyễn Quang Hùng,PRIME,E. Chuyển tiền & Thanh toán,"Chuyển tiền quốc tế đi (du học, chữa bệnh, trợ cấp thân nhân, công tác)",VPBank Financial,"85,400,211 VND",APP,2026-04-22 07:13:00
CUST_0070,Nguyễn Quang Hùng,PRIME,C. Tiết kiệm & Tiền gửi,Gửi tiết kiệm ngoại tệ (USD/EUR),VPBank Financial,"288,403,445 VND",ATM,2026-07-13 08:44:00
CUST_0070,Nguyễn Quang Hùng,PRIME,I. Ngân hàng số & Hỗ trợ,Reset mật khẩu / cấp lại eToken / đổi thiết bị đăng nhập,VPBank Financial,"12,592,556 VND",ATM,2026-06-30 08:05:00
CUST_0070,Nguyễn Quang Hùng,PRIME,D. Thẻ,Phát hành thẻ ghi nợ nội địa (ATM/Napas),VPBank Financial,"4,061,599 VND",COUNTER,2026-03-03 11:09:00
CUST_0070,Nguyễn Quang Hùng,PRIME,I. Ngân hàng số & Hỗ trợ,Đăng ký dịch vụ trả lương qua tài khoản,VPBank Financial,"15,587,628 VND",APP,2026-04-22 09:07:00
CUST_0070,Nguyễn Quang Hùng,PRIME,D. Thẻ,Tra soát / khiếu nại giao dịch thẻ,VPBank Financial,"9,924,833 VND",APP,2026-05-31 07:41:00
CUST_0070,Nguyễn Quang Hùng,PRIME,G. Tín dụng,Xin xác nhận dư nợ / lịch sử trả nợ / xóa nợ xấu,VPBank Financial,"52,250,996 VND",APP,2026-05-22 11:23:00
CUST_0070,Nguyễn Quang Hùng,PRIME,F. Ngoại tệ,Cấp giấy xác nhận mang ngoại tệ ra nước ngoài,VPBank Financial,"17,016,641 VND",COUNTER,2026-06-09 12:19:00
CUST_0070,Nguyễn Quang Hùng,PRIME,F. Ngoại tệ,"Mua ngoại tệ tiền mặt (du lịch, du học, công tác, chữa bệnh)",VPBank Financial,"14,967,651 VND",COUNTER,2026-05-09 07:49:00
CUST_0070,Nguyễn Quang Hùng,PRIME,J. Khách hàng doanh nghiệp,Ủy nhiệm chi / chuyển tiền doanh nghiệp,VPBank Financial,"379,449 VND",APP,2026-03-23 15:40:00
CUST_0070,Nguyễn Quang Hùng,PRIME,J. Khách hàng doanh nghiệp,Mở tài khoản thanh toán doanh nghiệp,VPBank Financial,"3,898,657 VND",APP,2026-02-03 07:21:00
CUST_0070,Nguyễn Quang Hùng,PRIME,E. Chuyển tiền & Thanh toán,"Chuyển tiền quốc tế đi (du học, chữa bệnh, trợ cấp thân nhân, công tác)",VPBank Financial,"42,845,879 VND",COUNTER,2026-04-26 09:38:00
CUST_0070,Nguyễn Quang Hùng,PRIME,A. Tài khoản & Thông tin KH,Phong tỏa / giải tỏa tài khoản,VPBank Financial,"17,070,983 VND",APP,2026-03-11 09:58:00
CUST_0070,Nguyễn Quang Hùng,PRIME,C. Tiết kiệm & Tiền gửi,Rút trước hạn sổ tiết kiệm (một phần / toàn bộ),VPBank Financial,"75,500,033 VND",APP,2026-07-12 14:20:00
CUST_0011,Trần Thị Việt,MASS,I. Ngân hàng số & Hỗ trợ,Thuê két sắt / dịch vụ giữ hộ tài sản,VPBank Financial,"6,033,146 VND",COUNTER,2026-05-16 11:41:00
CUST_0011,Trần Thị Việt,MASS,H. Bảo hiểm & Đầu tư,"Mua bảo hiểm phi nhân thọ (sức khỏe, ô tô, nhà, du lịch)",VPBank Financial,"19,327,911 VND",APP,2026-06-24 11:40:00
CUST_0011,Trần Thị Việt,MASS,J. Khách hàng doanh nghiệp,Nộp / rút tiền mặt tài khoản doanh nghiệp,VPBank Financial,"9,623,656 VND",COUNTER,2026-03-14 07:36:00
CUST_0011,Trần Thị Việt,MASS,D. Thẻ,Nộp hồ sơ mở thẻ tín dụng,VPBank Financial,"14,722,513 VND",COUNTER,2026-02-20 10:47:00
CUST_0011,Trần Thị Việt,MASS,C. Tiết kiệm & Tiền gửi,Chuyển nhượng / thừa kế sổ tiết kiệm,VPBank Financial,"28,274,866 VND",APP,2026-05-05 09:11:00
CUST_0011,Trần Thị Việt,MASS,E. Chuyển tiền & Thanh toán,"Thanh toán hóa đơn (điện, nước, viễn thông, học phí, bảo hiểm)",VPBank Financial,"86,597,912 VND",COUNTER,2026-04-09 12:59:00
CUST_0011,Trần Thị Việt,MASS,E. Chuyển tiền & Thanh toán,Đăng ký ủy nhiệm chi / chuyển tiền định kỳ tự động,VPBank Financial,"63,556,102 VND",COUNTER,2026-03-03 07:33:00
CUST_0011,Trần Thị Việt,MASS,I. Ngân hàng số & Hỗ trợ,Reset mật khẩu / cấp lại eToken / đổi thiết bị đăng nhập,VPBank Financial,"14,336,053 VND",COUNTER,2026-05-09 13:25:00
CUST_0011,Trần Thị Việt,MASS,B. Giao dịch tiền mặt,Nộp tiền mặt vào tài khoản của chính mình,VPBank Financial,"19,652,458 VND",COUNTER,2026-05-08 12:40:00
CUST_0011,Trần Thị Việt,MASS,B. Giao dịch tiền mặt,Đổi mệnh giá tiền / đổi tiền không đủ tiêu chuẩn lưu thông,VPBank Financial,"5,442,519 VND",APP,2026-06-02 12:01:00
CUST_0011,Trần Thị Việt,MASS,J. Khách hàng doanh nghiệp,Đăng ký dịch vụ thu hộ qua mã VietQR / Virtual Account,VPBank Financial,"15,872,346 VND",ATM,2026-04-14 08:14:00
CUST_0011,Trần Thị Việt,MASS,E. Chuyển tiền & Thanh toán,Chuyển tiền trong hệ thống VPBank,VPBank Financial,"10,812,089 VND",COUNTER,2026-03-06 11:37:00
CUST_0011,Trần Thị Việt,MASS,J. Khách hàng doanh nghiệp,Nộp thuế điện tử doanh nghiệp,VPBank Financial,"12,512,750 VND",APP,2026-04-25 12:56:00
CUST_0011,Trần Thị Việt,MASS,I. Ngân hàng số & Hỗ trợ,Đăng ký dịch vụ trả lương qua tài khoản,VPBank Financial,"2,396,449 VND",APP,2026-06-23 14:10:00
CUST_0011,Trần Thị Việt,MASS,A. Tài khoản & Thông tin KH,Mở tài khoản số đẹp / số theo yêu cầu,VPBank Financial,"13,549,361 VND",APP,2026-04-28 08:56:00
CUST_0011,Trần Thị Việt,MASS,G. Tín dụng,Tư vấn và nộp hồ sơ vay tiêu dùng tín chấp,VPBank Financial,"255,859,996 VND",APP,2026-03-16 09:14:00
CUST_0011,Trần Thị Việt,MASS,G. Tín dụng,Xin xác nhận dư nợ / lịch sử trả nợ / xóa nợ xấu,VPBank Financial,"188,945,368 VND",APP,2026-03-16 10:10:00
CUST_0011,Trần Thị Việt,MASS,E. Chuyển tiền & Thanh toán,Nộp thuế / phí lệ phí nhà nước,VPBank Financial,"58,034,665 VND",APP,2026-04-05 07:14:00
CUST_0011,Trần Thị Việt,MASS,H. Bảo hiểm & Đầu tư,"Mua bảo hiểm phi nhân thọ (sức khỏe, ô tô, nhà, du lịch)",VPBank Financial,"6,980,634 VND",APP,2026-03-08 07:45:00
CUST_0011,Trần Thị Việt,MASS,C. Tiết kiệm & Tiền gửi,Báo mất / cấp lại sổ tiết kiệm,VPBank Financial,"227,782,245 VND",APP,2026-02-06 13:42:00
