reviewerID,reviewerName,segment,category,title,brand,price,channel,transaction_time
CUST_0082,Lê Hữu Khánh,MASS,J. Khách hàng doanh nghiệp,"Mở L/C và thanh toán quốc tế (T/T, D/P, D/A)",VPBank Financial,"5,059,998 VND",APP,2026-04-07 11:58:00
CUST_0082,Lê Hữu Khánh,MASS,C. Tiết kiệm & Tiền gửi,Cầm cố sổ tiết kiệm để vay vốn,VPBank Financial,"127,020,798 VND",COUNTER,2026-06-29 09:21:00
CUST_0082,Lê Hữu Khánh,MASS,J. Khách hàng doanh nghiệp,Đăng ký dịch vụ thu hộ qua mã VietQR / Virtual Account,VPBank Financial,"17,797,299 VND",APP,2026-07-08 08:19:00
CUST_0082,Lê Hữu Khánh,MASS,I. Ngân hàng số & Hỗ trợ,Reset mật khẩu / cấp lại eToken / đổi thiết bị đăng nhập,VPBank Financial,"4,936,380 VND",APP,2026-07-01 12:19:00
CUST_0082,Lê Hữu Khánh,MASS,I. Ngân hàng số & Hỗ trợ,Thuê két sắt / dịch vụ giữ hộ tài sản,VPBank Financial,"433,242 VND",EBANK,2026-05-10 10:53:00
CUST_0082,Lê Hữu Khánh,MASS,A. Tài khoản & Thông tin KH,Mở tài khoản số đẹp / số theo yêu cầu,VPBank Financial,"15,150,350 VND",COUNTER,2026-04-05 15:45:00
CUST_0082,Lê Hữu Khánh,MASS,H. Bảo hiểm & Đầu tư,Mua chứng chỉ quỹ / trái phiếu do ngân hàng phân phối,VPBank Financial,"5,954,731 VND",COUNTER,2026-02-11 07:04:00
CUST_0082,Lê Hữu Khánh,MASS,H. Bảo hiểm & Đầu tư,Mua chứng chỉ quỹ / trái phiếu do ngân hàng phân phối,VPBank Financial,"862,072 VND",APP,2026-03-21 09:06:00
CUST_0082,Lê Hữu Khánh,MASS,J. Khách hàng doanh nghiệp,Phát hành thư bảo lãnh ngân hàng,VPBank Financial,"15,344,746 VND",COUNTER,2026-07-05 11:38:00
CUST_0082,Lê Hữu Khánh,MASS,A. Tài khoản & Thông tin KH,Mở tài khoản số đẹp / số theo yêu cầu,VPBank Financial,"809,505 VND",APP,2026-07-20 11:31:00
CUST_0082,Lê Hữu Khánh,MASS,C. Tiết kiệm & Tiền gửi,Gửi tiết kiệm ngoại tệ (USD/EUR),VPBank Financial,"146,937,373 VND",APP,2026-02-09 08:45:00
CUST_0082,Lê Hữu Khánh,MASS,F. Ngoại tệ,"Mua ngoại tệ tiền mặt (du lịch, du học, công tác, chữa bệnh)",VPBank Financial,"62,876,153 VND",COUNTER,2026-05-11 09:01:00
CUST_0082,Lê Hữu Khánh,MASS,H. Bảo hiểm & Đầu tư,Hỗ trợ hồ sơ yêu cầu bồi thường bảo hiểm,VPBank Financial,"8,098,968 VND",COUNTER,2026-02-05 11:13:00
CUST_0082,Lê Hữu Khánh,MASS,I. Ngân hàng số & Hỗ trợ,"Đăng ký / hủy SMS Banking, thông báo biến động số dư",VPBank Financial,"5,018,379 VND",COUNTER,2026-05-21 14:52:00
CUST_0082,Lê Hữu Khánh,MASS,D. Thẻ,Nhận thẻ và kích hoạt thẻ tại quầy,VPBank Financial,"19,425,484 VND",APP,2026-02-24 07:37:00
CUST_0082,Lê Hữu Khánh,MASS,F. Ngoại tệ,Chuyển đổi ngoại tệ giữa các tài khoản (không dùng tiền mặt),VPBank Financial,"29,784,769 VND",APP,2026-06-26 09:47:00
CUST_0082,Lê Hữu Khánh,MASS,C. Tiết kiệm & Tiền gửi,Xác nhận số dư sổ tiết kiệm (chứng minh tài chính),VPBank Financial,"294,689,356 VND",EBANK,2026-04-24 08:34:00
CUST_0082,Lê Hữu Khánh,MASS,B. Giao dịch tiền mặt,Nộp tiền mặt vào tài khoản người khác,VPBank Financial,"2,146,567 VND",COUNTER,2026-05-30 12:43:00
CUST_0082,Lê Hữu Khánh,MASS,C. Tiết kiệm & Tiền gửi,Báo mất / cấp lại sổ tiết kiệm,VPBank Financial,"245,510,316 VND",COUNTER,2026-07-26 10:03:00
CUST_0082,Lê Hữu Khánh,MASS,J. Khách hàng doanh nghiệp,"Mở L/C và thanh toán quốc tế (T/T, D/P, D/A)",VPBank Financial,"2,874,393 VND",COUNTER,2026-04-05 07:31:00
CUST_0082,Lê Hữu Khánh,MASS,E. Chuyển tiền & Thanh toán,Nộp thuế / phí lệ phí nhà nước,VPBank Financial,"86,677,484 VND",APP,2026-03-27 12:36:00
CUST_0082,Lê Hữu Khánh,MASS,H. Bảo hiểm & Đầu tư,Mở tài khoản chứng khoán / đăng ký dịch vụ đầu tư,VPBank Financial,"3,912,503 VND",COUNTER,2026-04-04 13:13:00
CUST_0082,Lê Hữu Khánh,MASS,E. Chuyển tiền & Thanh toán,Chuyển tiền trong hệ thống VPBank,VPBank Financial,"43,985,946 VND",APP,2026-05-05 09:40:00
CUST_0082,Lê Hữu Khánh,MASS,C. Tiết kiệm & Tiền gửi,Báo mất / cấp lại sổ tiết kiệm,VPBank Financial,"81,758,650 VND",EBANK,2026-06-09 08:52:00
CUST_0082,Lê Hữu Khánh,MASS,B. Giao dịch tiền mặt,Rút tiền mặt số lượng lớn (đăng ký trước),VPBank Financial,"3,014,498 VND",APP,2026-07-02 08:34:00
CUST_0015,Bùi Kim Em,MASS,A. Tài khoản & Thông tin KH,"Cập nhật thông tin CIF (CCCD, địa chỉ, SĐT, email, nghề nghiệp)",VPBank Financial,"4,229,062 VND",EBANK,2026-05-10 10:10:00
CUST_0015,Bùi Kim Em,MASS,A. Tài khoản & Thông tin KH,Xin sao kê tài khoản / xác nhận số dư,VPBank Financial,"15,168,884 VND",APP,2026-06-21 07:09:00
CUST_0015,Bùi Kim Em,MASS,A. Tài khoản & Thông tin KH,Mở tài khoản thanh toán ngoại tệ (USD/EUR),VPBank Financial,"10,732,273 VND",COUNTER,2026-07-08 09:25:00
CUST_0015,Bùi Kim Em,MASS,D. Thẻ,Đăng ký trả góp 0% qua thẻ tín dụng,VPBank Financial,"1,514,826 VND",EBANK,2026-05-13 09:41:00
CUST_0015,Bùi Kim Em,MASS,H. Bảo hiểm & Đầu tư,"Mua bảo hiểm phi nhân thọ (sức khỏe, ô tô, nhà, du lịch)",VPBank Financial,"8,479,006 VND",EBANK,2026-05-19 12:20:00
CUST_0015,Bùi Kim Em,MASS,B. Giao dịch tiền mặt,Nộp tiền mặt vào tài khoản của chính mình,VPBank Financial,"8,478,988 VND",APP,2026-04-12 08:48:00
CUST_0015,Bùi Kim Em,MASS,A. Tài khoản & Thông tin KH,Mở tài khoản thanh toán VND,VPBank Financial,"4,287,616 VND",APP,2026-07-21 09:59:00
CUST_0015,Bùi Kim Em,MASS,G. Tín dụng,Tư vấn và nộp hồ sơ vay tiêu dùng tín chấp,VPBank Financial,"185,432,836 VND",APP,2026-02-22 11:12:00
CUST_0015,Bùi Kim Em,MASS,B. Giao dịch tiền mặt,Rút tiền mặt số lượng lớn (đăng ký trước),VPBank Financial,"8,961,688 VND",APP,2026-07-16 12:48:00
CUST_0015,Bùi Kim Em,MASS,F. Ngoại tệ,"Mua ngoại tệ tiền mặt (du lịch, du học, công tác, chữa bệnh)",VPBank Financial,"55,725,872 VND",COUNTER,2026-04-27 08:23:00
CUST_0015,Bùi Kim Em,MASS,J. Khách hàng doanh nghiệp,Nộp thuế điện tử doanh nghiệp,VPBank Financial,"13,576,877 VND",COUNTER,2026-06-06 12:26:00
CUST_0015,Bùi Kim Em,MASS,C. Tiết kiệm & Tiền gửi,Gửi tiết kiệm có kỳ hạn VND tại quầy,VPBank Financial,"286,765,739 VND",COUNTER,2026-07-14 13:42:00
CUST_0015,Bùi Kim Em,MASS,I. Ngân hàng số & Hỗ trợ,"Đăng ký / hủy SMS Banking, thông báo biến động số dư",VPBank Financial,"7,526,070 VND",COUNTER,2026-07-11 11:26:00
CUST_0015,Bùi Kim Em,MASS,G. Tín dụng,Xin xác nhận dư nợ / lịch sử trả nợ / xóa nợ xấu,VPBank Financial,"257,402,303 VND",COUNTER,2026-03-11 14:22:00
CUST_0015,Bùi Kim Em,MASS,J. Khách hàng doanh nghiệp,Đăng ký eBanking doanh nghiệp và phân quyền người dùng,VPBank Financial,"18,094,166 VND",EBANK,2026-07-07 07:56:00
CUST_0015,Bùi Kim Em,MASS,D. Thẻ,Thanh toán sao kê thẻ tín dụng tại quầy,VPBank Financial,"3,784,797 VND",EBANK,2026-05-26 12:31:00
CUST_0015,Bùi Kim Em,MASS,J. Khách hàng doanh nghiệp,Đăng ký dịch vụ thu hộ qua mã VietQR / Virtual Account,VPBank Financial,"19,383,415 VND",APP,2026-02-06 13:11:00
CUST_0015,Bùi Kim Em,MASS,I. Ngân hàng số & Hỗ trợ,Tiếp nhận khiếu nại / góp ý dịch vụ chung,VPBank Financial,"1,308,410 VND",COUNTER,2026-04-18 08:02:00
CUST_0015,Bùi Kim Em,MASS,G. Tín dụng,Đăng ký hạn mức thấu chi tài khoản,VPBank Financial,"17,825,660 VND",ATM,2026-07-26 11:56:00
CUST_0015,Bùi Kim Em,MASS,H. Bảo hiểm & Đầu tư,Mua chứng chỉ quỹ / trái phiếu do ngân hàng phân phối,VPBank Financial,"11,323,597 VND",COUNTER,2026-04-27 11:44:00
CUST_0015,Bùi Kim Em,MASS,I. Ngân hàng số & Hỗ trợ,Đăng ký dịch vụ trả lương qua tài khoản,VPBank Financial,"3,292,066 VND",EBANK,2026-04-23 11:46:00
CUST_0015,Bùi Kim Em,MASS,G. Tín dụng,Tất toán khoản vay trước hạn / giải chấp tài sản,VPBank Financial,"287,970,396 VND",COUNTER,2026-05-31 15:38:00
CUST_0015,Bùi Kim Em,MASS,D. Thẻ,Nộp hồ sơ mở thẻ tín dụng,VPBank Financial,"11,988,084 VND",COUNTER,2026-06-22 07:39:00
CUST_0015,Bùi Kim Em,MASS,J. Khách hàng doanh nghiệp,Đăng ký eBanking doanh nghiệp và phân quyền người dùng,VPBank Financial,"12,330,693 VND",ATM,2026-06-09 11:32:00
CUST_0015,Bùi Kim Em,MASS,H. Bảo hiểm & Đầu tư,"Mua bảo hiểm phi nhân thọ (sức khỏe, ô tô, nhà, du lịch)",VPBank Financial,"19,945,254 VND",COUNTER,2026-07-05 14:51:00
CUST_0015,Bùi Kim Em,MASS,E. Chuyển tiền & Thanh toán,Nộp thuế / phí lệ phí nhà nước,VPBank Financial,"9,442,824 VND",COUNTER,2026-03-17 11:07:00
CUST_0015,Bùi Kim Em,MASS,G. Tín dụng,Xin xác nhận dư nợ / lịch sử trả nợ / xóa nợ xấu,VPBank Financial,"189,887,896 VND",APP,2026-02-22 13:15:00
CUST_0015,Bùi Kim Em,MASS,A. Tài khoản & Thông tin KH,Đăng ký / thay đổi chữ ký mẫu,VPBank Financial,"5,976,554 VND",APP,2026-07-31 12:20:00
CUST_0015,Bùi Kim Em,MASS,A. Tài khoản & Thông tin KH,"Cập nhật thông tin CIF (CCCD, địa chỉ, SĐT, email, nghề nghiệp)",VPBank Financial,"13,338,837 VND",COUNTER,2026-02-14 14:08:00
CUST_0015,Bùi Kim Em,MASS,J. Khách hàng doanh nghiệp,"Mở L/C và thanh toán quốc tế (T/T, D/P, D/A)",VPBank Financial,"15,320,243 VND",APP,2026-03-14 12:33:00
CUST_0004,Đặng Tuấn Nam,PRIME,B. Giao dịch tiền mặt,Đổi mệnh giá tiền / đổi tiền không đủ tiêu chuẩn lưu thông,VPBank Financial,"14,217,367 VND",APP,2026-02-21 10:13:00
CUST_0004,Đặng Tuấn Nam,PRIME,E. Chuyển tiền & Thanh toán,"Chuyển tiền quốc tế đi (du học, chữa bệnh, trợ cấp thân nhân, công tác)",VPBank Financial,"47,639,011 VND",COUNTER,2026-02-13 15:47:00
CUST_0004,Đặng Tuấn Nam,PRIME,C. Tiết kiệm & Tiền gửi,Tái tục sổ tiết kiệm / chuyển kỳ hạn,VPBank Financial,"290,905,213 VND",COUNTER,2026-02-23 11:21:00
CUST_0004,Đặng Tuấn Nam,PRIME,F. Ngoại tệ,"Mua ngoại tệ tiền mặt (du lịch, du học, công tác, chữa bệnh)",VPBank Financial,"53,642,222 VND",APP,2026-06-06 12:11:00
CUST_0004,Đặng Tuấn Nam,PRIME,J. Khách hàng doanh nghiệp,Chi lương hàng loạt cho nhân viên,VPBank Financial,"19,890,112 VND",EBANK,2026-03-28 10:45:00
CUST_0004,Đặng Tuấn Nam,PRIME,C. Tiết kiệm & Tiền gửi,Báo mất / cấp lại sổ tiết kiệm,VPBank Financial,"257,975,713 VND",APP,2026-04-08 14:44:00
CUST_0004,Đặng Tuấn Nam,PRIME,D. Thẻ,Nộp hồ sơ mở thẻ tín dụng,VPBank Financial,"1,829,412 VND",APP,2026-03-27 08:55:00
CUST_0004,Đặng Tuấn Nam,PRIME,G. Tín dụng,Xin xác nhận dư nợ / lịch sử trả nợ / xóa nợ xấu,VPBank Financial,"127,165,830 VND",COUNTER,2026-06-01 13:02:00
CUST_0004,Đặng Tuấn Nam,PRIME,H. Bảo hiểm & Đầu tư,Tư vấn và mua bảo hiểm nhân thọ (Bancassurance),VPBank Financial,"7,032,007 VND",COUNTER,2026-07-17 15:13:00
CUST_0004,Đặng Tuấn Nam,PRIME,I. Ngân hàng số & Hỗ trợ,Thuê két sắt / dịch vụ giữ hộ tài sản,VPBank Financial,"18,027,445 VND",COUNTER,2026-02-03 12:25:00
CUST_0004,Đặng Tuấn Nam,PRIME,D. Thẻ,Đăng ký trả góp 0% qua thẻ tín dụng,VPBank Financial,"6,403,826 VND",APP,2026-06-19 07:27:00
CUST_0004,Đặng Tuấn Nam,PRIME,B. Giao dịch tiền mặt,Rút tiền mặt số lượng lớn (đăng ký trước),VPBank Financial,"4,623,861 VND",COUNTER,2026-04-20 13:16:00
CUST_0004,Đặng Tuấn Nam,PRIME,E. Chuyển tiền & Thanh toán,"Thanh toán hóa đơn (điện, nước, viễn thông, học phí, bảo hiểm)",VPBank Financial,"91,095,250 VND",EBANK,2026-06-02 15:44:00
CUST_0004,Đặng Tuấn Nam,PRIME,C. Tiết kiệm & Tiền gửi,Cầm cố sổ tiết kiệm để vay vốn,VPBank Financial,"286,463,427 VND",COUNTER,2026-03-01 07:35:00
CUST_0004,Đặng Tuấn Nam,PRIME,E. Chuyển tiền & Thanh toán,Chuyển tiền liên ngân hàng (Napas 24/7 / Citad),VPBank Financial,"26,326,995 VND",EBANK,2026-02-12 11:17:00
CUST_0004,Đặng Tuấn Nam,PRIME,A. Tài khoản & Thông tin KH,Phong tỏa / giải tỏa tài khoản,VPBank Financial,"924,872 VND",APP,2026-07-18 12:37:00
CUST_0004,Đặng Tuấn Nam,PRIME,F. Ngoại tệ,Cấp giấy xác nhận mang ngoại tệ ra nước ngoài,VPBank Financial,"26,737,100 VND",EBANK,2026-06-10 13:48:00
CUST_0004,Đặng Tuấn Nam,PRIME,J. Khách hàng doanh nghiệp,"Mở L/C và thanh toán quốc tế (T/T, D/P, D/A)",VPBank Financial,"3,952,460 VND",COUNTER,2026-03-27 13:15:00
CUST_0004,Đặng Tuấn Nam,PRIME,F. Ngoại tệ,Chuyển đổi ngoại tệ giữa các tài khoản (không dùng tiền mặt),VPBank Financial,"66,007,675 VND",APP,2026-03-29 14:03:00
CUST_0004,Đặng Tuấn Nam,PRIME,I. Ngân hàng số & Hỗ trợ,Reset mật khẩu / cấp lại eToken / đổi thiết bị đăng nhập,VPBank Financial,"11,612,479 VND",ATM,2026-06-14 09:36:00
CUST_0004,Đặng Tuấn Nam,PRIME,A. Tài khoản & Thông tin KH,Mở tài khoản đồng sở hữu / ủy quyền sử dụng tài khoản,VPBank Financial,"7,433,327 VND",COUNTER,2026-03-24 13:02:00
CUST_0004,Đặng Tuấn Nam,PRIME,C. Tiết kiệm & Tiền gửi,Gửi tiết kiệm có kỳ hạn VND tại quầy,VPBank Financial,"100,518,055 VND",EBANK,2026-03-15 15:21:00
CUST_0004,Đặng Tuấn Nam,PRIME,C. Tiết kiệm & Tiền gửi,Cầm cố sổ tiết kiệm để vay vốn,VPBank Financial,"147,146,834 VND",APP,2026-02-27 09:18:00
CUST_0004,Đặng Tuấn Nam,PRIME,A. Tài khoản & Thông tin KH,Mở tài khoản đồng sở hữu / ủy quyền sử dụng tài khoản,VPBank Financial,"14,648,763 VND",ATM,2026-05-24 08:38:00
CUST_0004,Đặng Tuấn Nam,PRIME,G. Tín dụng,Trả nợ gốc / lãi khoản vay tại quầy,VPBank Financial,"52,463,697 VND",APP,2026-03-08 07:08:00
CUST_0004,Đặng Tuấn Nam,PRIME,H. Bảo hiểm & Đầu tư,Tư vấn và mua bảo hiểm nhân thọ (Bancassurance),VPBank Financial,"13,132,101 VND",APP,2026-07-20 13:46:00
CUST_0095,Bùi Minh Phong,MASS,J. Khách hàng doanh nghiệp,Đăng ký dịch vụ thu hộ qua mã VietQR / Virtual Account,VPBank Financial,"13,897,197 VND",APP,2026-06-13 11:59:00
CUST_0095,Bùi Minh Phong,MASS,H. Bảo hiểm & Đầu tư,Tư vấn và mua bảo hiểm nhân thọ (Bancassurance),VPBank Financial,"11,194,857 VND",APP,2026-07-08 08:07:00
CUST_0095,Bùi Minh Phong,MASS,G. Tín dụng,Đăng ký hạn mức thấu chi tài khoản,VPBank Financial,"138,979,210 VND",COUNTER,2026-06-30 14:20:00
CUST_0095,Bùi Minh Phong,MASS,A. Tài khoản & Thông tin KH,Đóng tài khoản thanh toán,VPBank Financial,"9,222,084 VND",APP,2026-02-16 11:14:00
CUST_0095,Bùi Minh Phong,MASS,E. Chuyển tiền & Thanh toán,Nộp thuế / phí lệ phí nhà nước,VPBank Financial,"14,603,416 VND",COUNTER,2026-07-18 11:31:00
CUST_0095,Bùi Minh Phong,MASS,G. Tín dụng,Tất toán khoản vay trước hạn / giải chấp tài sản,VPBank Financial,"26,758,577 VND",COUNTER,2026-04-27 11:45:00
CUST_0095,Bùi Minh Phong,MASS,H. Bảo hiểm & Đầu tư,Hỗ trợ hồ sơ yêu cầu bồi thường bảo hiểm,VPBank Financial,"1,122,283 VND",APP,2026-02-23 10:39:00
CUST_0095,Bùi Minh Phong,MASS,J. Khách hàng doanh nghiệp,Đăng ký dịch vụ thu hộ qua mã VietQR / Virtual Account,VPBank Financial,"17,838,968 VND",COUNTER,2026-06-08 09:32:00
CUST_0095,Bùi Minh Phong,MASS,A. Tài khoản & Thông tin KH,Mở tài khoản số đẹp / số theo yêu cầu,VPBank Financial,"15,343,988 VND",EBANK,2026-07-15 14:03:00
CUST_0095,Bùi Minh Phong,MASS,J. Khách hàng doanh nghiệp,Mở tài khoản thanh toán doanh nghiệp,VPBank Financial,"5,035,756 VND",COUNTER,2026-02-19 14:14:00
CUST_0095,Bùi Minh Phong,MASS,C. Tiết kiệm & Tiền gửi,Tái tục sổ tiết kiệm / chuyển kỳ hạn,VPBank Financial,"42,732,131 VND",APP,2026-07-14 15:00:00
CUST_0095,Bùi Minh Phong,MASS,I. Ngân hàng số & Hỗ trợ,Reset mật khẩu / cấp lại eToken / đổi thiết bị đăng nhập,VPBank Financial,"10,640,523 VND",EBANK,2026-04-07 13:55:00
CUST_0095,Bùi Minh Phong,MASS,J. Khách hàng doanh nghiệp,Ủy nhiệm chi / chuyển tiền doanh nghiệp,VPBank Financial,"7,441,174 VND",APP,2026-03-09 13:13:00
CUST_0095,Bùi Minh Phong,MASS,C. Tiết kiệm & Tiền gửi,Gửi tiết kiệm có kỳ hạn VND tại quầy,VPBank Financial,"289,623,858 VND",APP,2026-06-03 09:55:00
CUST_0095,Bùi Minh Phong,MASS,D. Thẻ,Nhận thẻ và kích hoạt thẻ tại quầy,VPBank Financial,"6,636,020 VND",COUNTER,2026-04-03 07:34:00
CUST_0095,Bùi Minh Phong,MASS,E. Chuyển tiền & Thanh toán,Tra soát lệnh chuyển tiền / yêu cầu hoàn tiền,VPBank Financial,"94,747,360 VND",COUNTER,2026-03-16 09:51:00
CUST_0095,Bùi Minh Phong,MASS,B. Giao dịch tiền mặt,Nộp tiền mặt vào tài khoản của chính mình,VPBank Financial,"208,378 VND",COUNTER,2026-07-07 10:09:00
CUST_0095,Bùi Minh Phong,MASS,F. Ngoại tệ,Chuyển đổi ngoại tệ giữa các tài khoản (không dùng tiền mặt),VPBank Financial,"83,730,705 VND",COUNTER,2026-07-05 11:24:00
CUST_0095,Bùi Minh Phong,MASS,I. Ngân hàng số & Hỗ trợ,Lấy số thứ tự và check-in tại quầy,VPBank Financial,"8,861,982 VND",COUNTER,2026-05-05 15:21:00
CUST_0095,Bùi Minh Phong,MASS,I. Ngân hàng số & Hỗ trợ,"Đăng ký / hủy SMS Banking, thông báo biến động số dư",VPBank Financial,"12,405,392 VND",APP,2026-02-23 15:50:00
CUST_0095,Bùi Minh Phong,MASS,I. Ngân hàng số & Hỗ trợ,Reset mật khẩu / cấp lại eToken / đổi thiết bị đăng nhập,VPBank Financial,"7,861,528 VND",APP,2026-03-25 12:42:00
CUST_0095,Bùi Minh Phong,MASS,B. Giao dịch tiền mặt,Nộp tiền mặt vào tài khoản người khác,VPBank Financial,"1,381,542 VND",APP,2026-06-20 11:38:00
CUST_0095,Bùi Minh Phong,MASS,H. Bảo hiểm & Đầu tư,Đóng phí bảo hiểm định kỳ tại quầy,VPBank Financial,"4,154,068 VND",APP,2026-03-10 10:47:00
CUST_0036,Lê Thanh Em,MASS,E. Chuyển tiền & Thanh toán,Nhận tiền chuyển đến từ nước ngoài / chi trả kiều hối,VPBank Financial,"20,982,475 VND",COUNTER,2026-06-09 09:05:00
CUST_0036,Lê Thanh Em,MASS,A. Tài khoản & Thông tin KH,Phong tỏa / giải tỏa tài khoản,VPBank Financial,"10,324,514 VND",ATM,2026-02-28 12:13:00
CUST_0036,Lê Thanh Em,MASS,J. Khách hàng doanh nghiệp,"Mở L/C và thanh toán quốc tế (T/T, D/P, D/A)",VPBank Financial,"8,432,331 VND",ATM,2026-06-26 13:28:00
CUST_0036,Lê Thanh Em,MASS,C. Tiết kiệm & Tiền gửi,Chuyển nhượng / thừa kế sổ tiết kiệm,VPBank Financial,"103,055,606 VND",APP,2026-02-14 11:16:00
CUST_0036,Lê Thanh Em,MASS,B. Giao dịch tiền mặt,Nộp tiền mặt vào tài khoản người khác,VPBank Financial,"9,042,666 VND",COUNTER,2026-07-16 10:56:00
CUST_0036,Lê Thanh Em,MASS,E. Chuyển tiền & Thanh toán,Nhận tiền chuyển đến từ nước ngoài / chi trả kiều hối,VPBank Financial,"37,203,393 VND",COUNTER,2026-07-28 10:04:00
CUST_0036,Lê Thanh Em,MASS,C. Tiết kiệm & Tiền gửi,Tất toán sổ tiết kiệm đúng hạn,VPBank Financial,"291,611,013 VND",EBANK,2026-06-20 11:42:00
CUST_0036,Lê Thanh Em,MASS,G. Tín dụng,Tư vấn và nộp hồ sơ vay mua/sửa nhà (thế chấp bất động sản),VPBank Financial,"58,219,567 VND",ATM,2026-06-14 13:38:00
CUST_0036,Lê Thanh Em,MASS,I. Ngân hàng số & Hỗ trợ,Reset mật khẩu / cấp lại eToken / đổi thiết bị đăng nhập,VPBank Financial,"13,910,319 VND",APP,2026-05-09 08:05:00
CUST_0036,Lê Thanh Em,MASS,C. Tiết kiệm & Tiền gửi,Gửi tiết kiệm ngoại tệ (USD/EUR),VPBank Financial,"58,902,181 VND",EBANK,2026-03-20 09:23:00
CUST_0036,Lê Thanh Em,MASS,G. Tín dụng,Tư vấn và nộp hồ sơ vay mua ô tô,VPBank Financial,"297,019,638 VND",COUNTER,2026-04-16 07:20:00
CUST_0036,Lê Thanh Em,MASS,B. Giao dịch tiền mặt,Nộp tiền mặt vào tài khoản của chính mình,VPBank Financial,"7,104,601 VND",ATM,2026-06-11 09:07:00
CUST_0036,Lê Thanh Em,MASS,H. Bảo hiểm & Đầu tư,"Mua bảo hiểm phi nhân thọ (sức khỏe, ô tô, nhà, du lịch)",VPBank Financial,"17,701,256 VND",EBANK,2026-06-26 07:41:00
CUST_0036,Lê Thanh Em,MASS,D. Thẻ,Thanh toán sao kê thẻ tín dụng tại quầy,VPBank Financial,"5,052,919 VND",APP,2026-02-13 10:36:00
CUST_0036,Lê Thanh Em,MASS,D. Thẻ,Phát hành thẻ ghi nợ nội địa (ATM/Napas),VPBank Financial,"19,045,791 VND",EBANK,2026-05-12 11:18:00
CUST_0036,Lê Thanh Em,MASS,F. Ngoại tệ,"Mua ngoại tệ tiền mặt (du lịch, du học, công tác, chữa bệnh)",VPBank Financial,"39,319,864 VND",COUNTER,2026-06-05 14:44:00
CUST_0036,Lê Thanh Em,MASS,C. Tiết kiệm & Tiền gửi,Gửi tiết kiệm ngoại tệ (USD/EUR),VPBank Financial,"292,978,908 VND",COUNTER,2026-05-19 14:49:00
CUST_0036,Lê Thanh Em,MASS,G. Tín dụng,Trả nợ gốc / lãi khoản vay tại quầy,VPBank Financial,"212,066,859 VND",COUNTER,2026-03-20 15:33:00
CUST_0036,Lê Thanh Em,MASS,J. Khách hàng doanh nghiệp,Đăng ký eBanking doanh nghiệp và phân quyền người dùng,VPBank Financial,"4,630,892 VND",ATM,2026-02-04 08:58:00
CUST_0036,Lê Thanh Em,MASS,D. Thẻ,Phát hành thẻ ghi nợ quốc tế (Visa/Mastercard Debit),VPBank Financial,"2,452,482 VND",APP,2026-04-25 13:01:00
CUST_0036,Lê Thanh Em,MASS,I. Ngân hàng số & Hỗ trợ,Đăng ký nâng hạng khách hàng ưu tiên (VPBank Diamond / Prime),VPBank Financial,"3,926,546 VND",APP,2026-03-16 10:53:00
CUST_0036,Lê Thanh Em,MASS,C. Tiết kiệm & Tiền gửi,Rút trước hạn sổ tiết kiệm (một phần / toàn bộ),VPBank Financial,"227,994,728 VND",APP,2026-05-12 10:25:00
CUST_0036,Lê Thanh Em,MASS,C. Tiết kiệm & Tiền gửi,Gửi tiết kiệm ngoại tệ (USD/EUR),VPBank Financial,"32,103,334 VND",APP,2026-05-15 09:06:00
CUST_0036,Lê Thanh Em,MASS,A. Tài khoản & Thông tin KH,Xác thực sinh trắc học khuôn mặt / vân tay (QĐ 2345),VPBank Financial,"9,425,973 VND",APP,2026-07-09 14:08:00
CUST_0036,Lê Thanh Em,MASS,D. Thẻ,Yêu cầu tăng / giảm hạn mức thẻ tín dụng,VPBank Financial,"1,604,084 VND",COUNTER,2026-07-11 10:50:00
CUST_0036,Lê Thanh Em,MASS,B. Giao dịch tiền mặt,Rút tiền mặt số lượng lớn (đăng ký trước),VPBank Financial,"19,957,767 VND",COUNTER,2026-02-25 08:21:00
CUST_0036,Lê Thanh Em,MASS,H. Bảo hiểm & Đầu tư,Đóng phí bảo hiểm định kỳ tại quầy,VPBank Financial,"14,850,192 VND",APP,2026-02-21 15:20:00
CUST_0036,Lê Thanh Em,MASS,F. Ngoại tệ,Chuyển đổi ngoại tệ giữa các tài khoản (không dùng tiền mặt),VPBank Financial,"92,762,071 VND",ATM,2026-04-24 15:24:00
CUST_0036,Lê Thanh Em,MASS,A. Tài khoản & Thông tin KH,Mở tài khoản thanh toán ngoại tệ (USD/EUR),VPBank Financial,"18,704,398 VND",COUNTER,2026-02-05 13:08:00
CUST_0036,Lê Thanh Em,MASS,E. Chuyển tiền & Thanh toán,Chuyển tiền liên ngân hàng (Napas 24/7 / Citad),VPBank Financial,"23,113,515 VND",ATM,2026-04-17 11:41:00
CUST_0032,Đặng Hữu Khánh,MASS,A. Tài khoản & Thông tin KH,Mở tài khoản đồng sở hữu / ủy quyền sử dụng tài khoản,VPBank Financial,"15,921,486 VND",APP,2026-07-17 08:01:00
CUST_0032,Đặng Hữu Khánh,MASS,A. Tài khoản & Thông tin KH,Đóng tài khoản thanh toán,VPBank Financial,"18,925,159 VND",APP,2026-07-12 14:08:00
CUST_0032,Đặng Hữu Khánh,MASS,C. Tiết kiệm & Tiền gửi,Tái tục sổ tiết kiệm / chuyển kỳ hạn,VPBank Financial,"146,385,905 VND",COUNTER,2026-07-22 11:12:00
CUST_0032,Đặng Hữu Khánh,MASS,F. Ngoại tệ,Bán ngoại tệ tiền mặt cho ngân hàng,VPBank Financial,"87,550,382 VND",EBANK,2026-07-23 12:23:00
CUST_0032,Đặng Hữu Khánh,MASS,H. Bảo hiểm & Đầu tư,"Mua bảo hiểm phi nhân thọ (sức khỏe, ô tô, nhà, du lịch)",VPBank Financial,"5,929,178 VND",COUNTER,2026-07-08 12:48:00
CUST_0032,Đặng Hữu Khánh,MASS,F. Ngoại tệ,Cấp giấy xác nhận mang ngoại tệ ra nước ngoài,VPBank Financial,"60,426,385 VND",EBANK,2026-06-15 09:04:00
CUST_0032,Đặng Hữu Khánh,MASS,E. Chuyển tiền & Thanh toán,Nhận tiền chuyển đến từ nước ngoài / chi trả kiều hối,VPBank Financial,"98,666,229 VND",COUNTER,2026-03-17 11:09:00
CUST_0032,Đặng Hữu Khánh,MASS,A. Tài khoản & Thông tin KH,Phong tỏa / giải tỏa tài khoản,VPBank Financial,"17,733,372 VND",ATM,2026-04-05 08:05:00
CUST_0032,Đặng Hữu Khánh,MASS,B. Giao dịch tiền mặt,Nộp tiền mặt vào tài khoản người khác,VPBank Financial,"12,119,358 VND",APP,2026-02-21 08:37:00
CUST_0032,Đặng Hữu Khánh,MASS,E. Chuyển tiền & Thanh toán,Nhận tiền chuyển đến từ nước ngoài / chi trả kiều hối,VPBank Financial,"14,075,940 VND",COUNTER,2026-04-27 13:15:00
CUST_0032,Đặng Hữu Khánh,MASS,D. Thẻ,Nộp hồ sơ mở thẻ tín dụng,VPBank Financial,"2,096,204 VND",COUNTER,2026-06-21 08:42:00
CUST_0032,Đặng Hữu Khánh,MASS,H. Bảo hiểm & Đầu tư,Đóng phí bảo hiểm định kỳ tại quầy,VPBank Financial,"9,210,024 VND",COUNTER,2026-04-04 08:08:00
CUST_0032,Đặng Hữu Khánh,MASS,C. Tiết kiệm & Tiền gửi,Cầm cố sổ tiết kiệm để vay vốn,VPBank Financial,"138,683,255 VND",APP,2026-04-12 08:24:00
CUST_0032,Đặng Hữu Khánh,MASS,B. Giao dịch tiền mặt,Nộp tiền mặt vào tài khoản của chính mình,VPBank Financial,"8,000,433 VND",APP,2026-04-15 15:42:00
CUST_0032,Đặng Hữu Khánh,MASS,H. Bảo hiểm & Đầu tư,Tư vấn và mua bảo hiểm nhân thọ (Bancassurance),VPBank Financial,"19,729,327 VND",COUNTER,2026-05-17 13:45:00
CUST_0032,Đặng Hữu Khánh,MASS,A. Tài khoản & Thông tin KH,Phong tỏa / giải tỏa tài khoản,VPBank Financial,"14,584,018 VND",EBANK,2026-05-06 10:31:00
CUST_0032,Đặng Hữu Khánh,MASS,A. Tài khoản & Thông tin KH,Đăng ký / thay đổi chữ ký mẫu,VPBank Financial,"720,630 VND",COUNTER,2026-05-19 12:58:00
CUST_0032,Đặng Hữu Khánh,MASS,J. Khách hàng doanh nghiệp,Ủy nhiệm chi / chuyển tiền doanh nghiệp,VPBank Financial,"12,335,389 VND",APP,2026-05-19 14:51:00
CUST_0032,Đặng Hữu Khánh,MASS,C. Tiết kiệm & Tiền gửi,Báo mất / cấp lại sổ tiết kiệm,VPBank Financial,"289,115,005 VND",COUNTER,2026-03-11 15:30:00
CUST_0032,Đặng Hữu Khánh,MASS,B. Giao dịch tiền mặt,Đổi mệnh giá tiền / đổi tiền không đủ tiêu chuẩn lưu thông,VPBank Financial,"15,012,768 VND",APP,2026-02-27 11:01:00
CUST_0032,Đặng Hữu Khánh,MASS,F. Ngoại tệ,Cấp giấy xác nhận mang ngoại tệ ra nước ngoài,VPBank Financial,"47,868,280 VND",APP,2026-07-30 11:33:00
CUST_0032,Đặng Hữu Khánh,MASS,J. Khách hàng doanh nghiệp,Nộp thuế điện tử doanh nghiệp,VPBank Financial,"10,444,801 VND",APP,2026-07-12 14:45:00
CUST_0032,Đặng Hữu Khánh,MASS,B. Giao dịch tiền mặt,Rút tiền mặt từ tài khoản,VPBank Financial,"18,313,454 VND",APP,2026-02-02 11:13:00
CUST_0032,Đặng Hữu Khánh,MASS,I. Ngân hàng số & Hỗ trợ,Đăng ký nâng hạng khách hàng ưu tiên (VPBank Diamond / Prime),VPBank Financial,"9,084,124 VND",COUNTER,2026-04-23 07:18:00
CUST_0029,Bùi Hữu Phong,PRIME,G. Tín dụng,Xin xác nhận dư nợ / lịch sử trả nợ / xóa nợ xấu,VPBank Financial,"268,382,427 VND",APP,2026-05-03 11:44:00
CUST_0029,Bùi Hữu Phong,PRIME,D. Thẻ,Tra soát / khiếu nại giao dịch thẻ,VPBank Financial,"7,449,040 VND",COUNTER,2026-03-11 07:18:00
CUST_0029,Bùi Hữu Phong,PRIME,A. Tài khoản & Thông tin KH,Phong tỏa / giải tỏa tài khoản,VPBank Financial,"13,309,814 VND",EBANK,2026-05-05 13:36:00
CUST_0029,Bùi Hữu Phong,PRIME,A. Tài khoản & Thông tin KH,"Cập nhật thông tin CIF (CCCD, địa chỉ, SĐT, email, nghề nghiệp)",VPBank Financial,"18,604,213 VND",COUNTER,2026-05-16 15:38:00
CUST_0029,Bùi Hữu Phong,PRIME,C. Tiết kiệm & Tiền gửi,Báo mất / cấp lại sổ tiết kiệm,VPBank Financial,"197,872,741 VND",APP,2026-05-06 12:23:00
CUST_0029,Bùi Hữu Phong,PRIME,G. Tín dụng,Tư vấn và nộp hồ sơ vay tiêu dùng tín chấp,VPBank Financial,"92,536,977 VND",COUNTER,2026-04-07 09:34:00
CUST_0029,Bùi Hữu Phong,PRIME,J. Khách hàng doanh nghiệp,Chi lương hàng loạt cho nhân viên,VPBank Financial,"2,937,855 VND",EBANK,2026-06-12 11:53:00
CUST_0029,Bùi Hữu Phong,PRIME,J. Khách hàng doanh nghiệp,Nộp / rút tiền mặt tài khoản doanh nghiệp,VPBank Financial,"3,118,773 VND",APP,2026-03-30 15:44:00
CUST_0029,Bùi Hữu Phong,PRIME,I. Ngân hàng số & Hỗ trợ,Reset mật khẩu / cấp lại eToken / đổi thiết bị đăng nhập,VPBank Financial,"19,592,513 VND",APP,2026-06-02 12:20:00
CUST_0029,Bùi Hữu Phong,PRIME,A. Tài khoản & Thông tin KH,Mở tài khoản đồng sở hữu / ủy quyền sử dụng tài khoản,VPBank Financial,"16,044,637 VND",APP,2026-06-23 09:15:00
CUST_0029,Bùi Hữu Phong,PRIME,C. Tiết kiệm & Tiền gửi,Gửi tiết kiệm ngoại tệ (USD/EUR),VPBank Financial,"284,390,374 VND",COUNTER,2026-03-20 11:43:00
CUST_0029,Bùi Hữu Phong,PRIME,B. Giao dịch tiền mặt,Rút tiền mặt số lượng lớn (đăng ký trước),VPBank Financial,"6,613,141 VND",EBANK,2026-06-14 14:25:00
CUST_0029,Bùi Hữu Phong,PRIME,J. Khách hàng doanh nghiệp,Phát hành thư bảo lãnh ngân hàng,VPBank Financial,"13,708,082 VND",EBANK,2026-03-15 14:11:00
CUST_0029,Bùi Hữu Phong,PRIME,E. Chuyển tiền & Thanh toán,"Thanh toán hóa đơn (điện, nước, viễn thông, học phí, bảo hiểm)",VPBank Financial,"35,317,563 VND",COUNTER,2026-06-06 08:45:00
CUST_0029,Bùi Hữu Phong,PRIME,B. Giao dịch tiền mặt,Nộp tiền mặt vào tài khoản người khác,VPBank Financial,"2,765,658 VND",COUNTER,2026-06-11 10:42:00
CUST_0029,Bùi Hữu Phong,PRIME,H. Bảo hiểm & Đầu tư,Mở tài khoản chứng khoán / đăng ký dịch vụ đầu tư,VPBank Financial,"3,601,960 VND",COUNTER,2026-03-11 10:29:00
CUST_0029,Bùi Hữu Phong,PRIME,I. Ngân hàng số & Hỗ trợ,Đăng ký / kích hoạt VPBank NEO (Internet & Mobile Banking),VPBank Financial,"4,451,431 VND",APP,2026-04-20 12:52:00
CUST_0029,Bùi Hữu Phong,PRIME,D. Thẻ,Nhận thẻ và kích hoạt thẻ tại quầy,VPBank Financial,"13,120,192 VND",COUNTER,2026-07-29 09:25:00
CUST_0029,Bùi Hữu Phong,PRIME,A. Tài khoản & Thông tin KH,Mở tài khoản thanh toán ngoại tệ (USD/EUR),VPBank Financial,"6,246,745 VND",APP,2026-07-26 10:37:00
CUST_0029,Bùi Hữu Phong,PRIME,C. Tiết kiệm & Tiền gửi,Gửi tiết kiệm tích lũy / gửi góp định kỳ,VPBank Financial,"122,963,006 VND",APP,2026-02-23 14:59:00
CUST_0029,Bùi Hữu Phong,PRIME,C. Tiết kiệm & Tiền gửi,Xác nhận số dư sổ tiết kiệm (chứng minh tài chính),VPBank Financial,"231,967,287 VND",COUNTER,2026-05-20 08:19:00
CUST_0029,Bùi Hữu Phong,PRIME,A. Tài khoản & Thông tin KH,Đóng tài khoản thanh toán,VPBank Financial,"7,991,586 VND",APP,2026-05-22 12:27:00
CUST_0029,Bùi Hữu Phong,PRIME,C. Tiết kiệm & Tiền gửi,Gửi tiết kiệm có kỳ hạn VND tại quầy,VPBank Financial,"189,898,271 VND",APP,2026-03-06 14:55:00
CUST_0029,Bùi Hữu Phong,PRIME,E. Chuyển tiền & Thanh toán,Nộp thuế / phí lệ phí nhà nước,VPBank Financial,"80,581,742 VND",EBANK,2026-04-19 09:16:00
CUST_0029,Bùi Hữu Phong,PRIME,J. Khách hàng doanh nghiệp,Mở tài khoản thanh toán doanh nghiệp,VPBank Financial,"14,833,000 VND",APP,2026-06-15 09:08:00
CUST_0018,Lê Kim An,MASS,E. Chuyển tiền & Thanh toán,Chuyển tiền trong hệ thống VPBank,VPBank Financial,"27,706,381 VND",APP,2026-07-07 09:49:00
CUST_0018,Lê Kim An,MASS,E. Chuyển tiền & Thanh toán,Nhận tiền chuyển đến từ nước ngoài / chi trả kiều hối,VPBank Financial,"47,760,437 VND",EBANK,2026-02-05 14:17:00
CUST_0018,Lê Kim An,MASS,C. Tiết kiệm & Tiền gửi,Xác nhận số dư sổ tiết kiệm (chứng minh tài chính),VPBank Financial,"207,974,634 VND",APP,2026-05-27 11:25:00
CUST_0018,Lê Kim An,MASS,H. Bảo hiểm & Đầu tư,Tư vấn và mua bảo hiểm nhân thọ (Bancassurance),VPBank Financial,"12,576,813 VND",EBANK,2026-06-12 10:51:00
CUST_0018,Lê Kim An,MASS,A. Tài khoản & Thông tin KH,Mở tài khoản thanh toán VND,VPBank Financial,"4,365,367 VND",COUNTER,2026-06-27 11:03:00
CUST_0018,Lê Kim An,MASS,I. Ngân hàng số & Hỗ trợ,Lấy số thứ tự và check-in tại quầy,VPBank Financial,"12,074,147 VND",APP,2026-03-27 07:54:00
CUST_0018,Lê Kim An,MASS,E. Chuyển tiền & Thanh toán,Chuyển tiền trong hệ thống VPBank,VPBank Financial,"98,197,801 VND",APP,2026-02-21 08:44:00
CUST_0018,Lê Kim An,MASS,C. Tiết kiệm & Tiền gửi,Tái tục sổ tiết kiệm / chuyển kỳ hạn,VPBank Financial,"158,833,793 VND",ATM,2026-06-08 08:21:00
CUST_0018,Lê Kim An,MASS,D. Thẻ,"Khóa / mở khóa thẻ, báo mất và phát hành lại",VPBank Financial,"10,780,834 VND",ATM,2026-03-29 11:40:00
CUST_0018,Lê Kim An,MASS,H. Bảo hiểm & Đầu tư,Hỗ trợ hồ sơ yêu cầu bồi thường bảo hiểm,VPBank Financial,"7,414,849 VND",COUNTER,2026-02-10 07:45:00
CUST_0018,Lê Kim An,MASS,B. Giao dịch tiền mặt,Rút tiền mặt từ tài khoản,VPBank Financial,"17,634,857 VND",COUNTER,2026-05-06 13:16:00
CUST_0018,Lê Kim An,MASS,H. Bảo hiểm & Đầu tư,Mở tài khoản chứng khoán / đăng ký dịch vụ đầu tư,VPBank Financial,"14,740,796 VND",APP,2026-06-14 09:27:00
CUST_0018,Lê Kim An,MASS,H. Bảo hiểm & Đầu tư,Đóng phí bảo hiểm định kỳ tại quầy,VPBank Financial,"15,550,901 VND",ATM,2026-07-25 10:13:00
CUST_0018,Lê Kim An,MASS,C. Tiết kiệm & Tiền gửi,Rút trước hạn sổ tiết kiệm (một phần / toàn bộ),VPBank Financial,"21,605,696 VND",COUNTER,2026-03-15 10:02:00
CUST_0018,Lê Kim An,MASS,G. Tín dụng,Tư vấn và nộp hồ sơ vay tiêu dùng tín chấp,VPBank Financial,"175,709,304 VND",APP,2026-06-20 07:50:00
CUST_0018,Lê Kim An,MASS,G. Tín dụng,Tư vấn và nộp hồ sơ vay mua/sửa nhà (thế chấp bất động sản),VPBank Financial,"62,000,704 VND",ATM,2026-07-24 07:44:00
CUST_0018,Lê Kim An,MASS,B. Giao dịch tiền mặt,Rút tiền mặt từ tài khoản,VPBank Financial,"6,147,192 VND",APP,2026-03-10 12:36:00
CUST_0018,Lê Kim An,MASS,F. Ngoại tệ,Cấp giấy xác nhận mang ngoại tệ ra nước ngoài,VPBank Financial,"65,653,363 VND",EBANK,2026-02-22 12:52:00
CUST_0018,Lê Kim An,MASS,I. Ngân hàng số & Hỗ trợ,Đăng ký nâng hạng khách hàng ưu tiên (VPBank Diamond / Prime),VPBank Financial,"468,915 VND",COUNTER,2026-02-03 15:18:00
CUST_0018,Lê Kim An,MASS,J. Khách hàng doanh nghiệp,Ủy nhiệm chi / chuyển tiền doanh nghiệp,VPBank Financial,"7,167,720 VND",COUNTER,2026-02-07 10:29:00
CUST_0018,Lê Kim An,MASS,G. Tín dụng,Tư vấn và nộp hồ sơ vay mua/sửa nhà (thế chấp bất động sản),VPBank Financial,"133,955,011 VND",COUNTER,2026-04-18 11:51:00
CUST_0018,Lê Kim An,MASS,C. Tiết kiệm & Tiền gửi,Gửi tiết kiệm ngoại tệ (USD/EUR),VPBank Financial,"32,137,336 VND",APP,2026-06-06 09:26:00
CUST_0018,Lê Kim An,MASS,C. Tiết kiệm & Tiền gửi,Báo mất / cấp lại sổ tiết kiệm,VPBank Financial,"256,733,728 VND",EBANK,2026-06-25 10:20:00
CUST_0018,Lê Kim An,MASS,A. Tài khoản & Thông tin KH,Mở tài khoản số đẹp / số theo yêu cầu,VPBank Financial,"1,077,050 VND",APP,2026-03-02 15:55:00
CUST_0018,Lê Kim An,MASS,C. Tiết kiệm & Tiền gửi,Xác nhận số dư sổ tiết kiệm (chứng minh tài chính),VPBank Financial,"103,482,977 VND",APP,2026-03-09 10:36:00
CUST_0018,Lê Kim An,MASS,C. Tiết kiệm & Tiền gửi,Rút trước hạn sổ tiết kiệm (một phần / toàn bộ),VPBank Financial,"100,865,071 VND",APP,2026-03-21 14:01:00
CUST_0018,Lê Kim An,MASS,G. Tín dụng,Đăng ký hạn mức thấu chi tài khoản,VPBank Financial,"44,766,903 VND",COUNTER,2026-07-24 09:49:00
CUST_0018,Lê Kim An,MASS,A. Tài khoản & Thông tin KH,Mở tài khoản thanh toán VND,VPBank Financial,"5,332,718 VND",COUNTER,2026-03-05 10:42:00
CUST_0018,Lê Kim An,MASS,C. Tiết kiệm & Tiền gửi,Gửi tiết kiệm ngoại tệ (USD/EUR),VPBank Financial,"293,619,940 VND",APP,2026-03-29 14:49:00
CUST_0018,Lê Kim An,MASS,D. Thẻ,Phát hành thẻ ghi nợ quốc tế (Visa/Mastercard Debit),VPBank Financial,"7,607,282 VND",APP,2026-03-14 09:59:00
CUST_0018,Lê Kim An,MASS,H. Bảo hiểm & Đầu tư,Tư vấn và mua bảo hiểm nhân thọ (Bancassurance),VPBank Financial,"18,782,204 VND",APP,2026-02-21 12:19:00
CUST_0018,Lê Kim An,MASS,C. Tiết kiệm & Tiền gửi,Cầm cố sổ tiết kiệm để vay vốn,VPBank Financial,"27,917,460 VND",APP,2026-04-27 09:25:00
CUST_0018,Lê Kim An,MASS,F. Ngoại tệ,Chuyển đổi ngoại tệ giữa các tài khoản (không dùng tiền mặt),VPBank Financial,"53,024,411 VND",APP,2026-04-18 07:10:00
CUST_0018,Lê Kim An,MASS,B. Giao dịch tiền mặt,Rút tiền mặt số lượng lớn (đăng ký trước),VPBank Financial,"8,676,435 VND",ATM,2026-06-18 15:25:00
CUST_0018,Lê Kim An,MASS,B. Giao dịch tiền mặt,Nộp tiền mặt vào tài khoản người khác,VPBank Financial,"14,325,697 VND",COUNTER,2026-07-15 09:36:00
CUST_0018,Lê Kim An,MASS,I. Ngân hàng số & Hỗ trợ,"Đăng ký / hủy SMS Banking, thông báo biến động số dư",VPBank Financial,"5,091,920 VND",ATM,2026-05-15 08:25:00
CUST_0018,Lê Kim An,MASS,A. Tài khoản & Thông tin KH,Xác thực sinh trắc học khuôn mặt / vân tay (QĐ 2345),VPBank Financial,"15,702,252 VND",APP,2026-05-06 15:02:00
CUST_0018,Lê Kim An,MASS,H. Bảo hiểm & Đầu tư,Hỗ trợ hồ sơ yêu cầu bồi thường bảo hiểm,VPBank Financial,"9,305,174 VND",COUNTER,2026-07-06 08:17:00
CUST_0018,Lê Kim An,MASS,E. Chuyển tiền & Thanh toán,"Chuyển tiền quốc tế đi (du học, chữa bệnh, trợ cấp thân nhân, công tác)",VPBank Financial,"33,151,374 VND",COUNTER,2026-04-22 14:04:00
CUST_0117,Phạm Thanh Em,MASS,E. Chuyển tiền & Thanh toán,Tra soát lệnh chuyển tiền / yêu cầu hoàn tiền,VPBank Financial,"61,178,412 VND",APP,2026-07-12 12:40:00
CUST_0117,Phạm Thanh Em,MASS,C. Tiết kiệm & Tiền gửi,Tất toán sổ tiết kiệm đúng hạn,VPBank Financial,"115,383,819 VND",COUNTER,2026-07-18 11:46:00
CUST_0117,Phạm Thanh Em,MASS,C. Tiết kiệm & Tiền gửi,Báo mất / cấp lại sổ tiết kiệm,VPBank Financial,"80,137,355 VND",APP,2026-03-18 14:45:00
CUST_0117,Phạm Thanh Em,MASS,J. Khách hàng doanh nghiệp,Nộp thuế điện tử doanh nghiệp,VPBank Financial,"15,032,488 VND",APP,2026-03-20 13:47:00
CUST_0117,Phạm Thanh Em,MASS,J. Khách hàng doanh nghiệp,Vay vốn lưu động / hạn mức tín dụng doanh nghiệp,VPBank Financial,"15,845,283 VND",ATM,2026-04-02 12:56:00
CUST_0117,Phạm Thanh Em,MASS,H. Bảo hiểm & Đầu tư,Tư vấn và mua bảo hiểm nhân thọ (Bancassurance),VPBank Financial,"5,033,909 VND",COUNTER,2026-07-13 08:21:00
CUST_0117,Phạm Thanh Em,MASS,A. Tài khoản & Thông tin KH,Xin sao kê tài khoản / xác nhận số dư,VPBank Financial,"1,576,254 VND",APP,2026-04-01 10:17:00
CUST_0117,Phạm Thanh Em,MASS,E. Chuyển tiền & Thanh toán,Chuyển tiền liên ngân hàng (Napas 24/7 / Citad),VPBank Financial,"62,829,396 VND",ATM,2026-04-11 12:48:00
CUST_0117,Phạm Thanh Em,MASS,B. Giao dịch tiền mặt,Nộp tiền mặt vào tài khoản người khác,VPBank Financial,"6,108,140 VND",COUNTER,2026-06-18 08:06:00
CUST_0117,Phạm Thanh Em,MASS,I. Ngân hàng số & Hỗ trợ,"Đăng ký / hủy SMS Banking, thông báo biến động số dư",VPBank Financial,"7,723,131 VND",COUNTER,2026-05-27 10:51:00
CUST_0117,Phạm Thanh Em,MASS,F. Ngoại tệ,Bán ngoại tệ tiền mặt cho ngân hàng,VPBank Financial,"19,613,525 VND",COUNTER,2026-06-19 09:46:00
CUST_0117,Phạm Thanh Em,MASS,G. Tín dụng,Trả nợ gốc / lãi khoản vay tại quầy,VPBank Financial,"250,502,073 VND",APP,2026-07-21 11:59:00
CUST_0117,Phạm Thanh Em,MASS,A. Tài khoản & Thông tin KH,Mở tài khoản thanh toán ngoại tệ (USD/EUR),VPBank Financial,"8,789,399 VND",COUNTER,2026-05-06 09:25:00
CUST_0117,Phạm Thanh Em,MASS,I. Ngân hàng số & Hỗ trợ,Đăng ký / kích hoạt VPBank NEO (Internet & Mobile Banking),VPBank Financial,"18,460,544 VND",COUNTER,2026-05-28 09:30:00
CUST_0117,Phạm Thanh Em,MASS,C. Tiết kiệm & Tiền gửi,Gửi tiết kiệm ngoại tệ (USD/EUR),VPBank Financial,"168,895,189 VND",EBANK,2026-03-14 14:17:00
CUST_0117,Phạm Thanh Em,MASS,A. Tài khoản & Thông tin KH,Phong tỏa / giải tỏa tài khoản,VPBank Financial,"4,888,995 VND",APP,2026-05-20 15:20:00
CUST_0117,Phạm Thanh Em,MASS,I. Ngân hàng số & Hỗ trợ,Đăng ký nâng hạng khách hàng ưu tiên (VPBank Diamond / Prime),VPBank Financial,"6,615,085 VND",ATM,2026-02-08 12:11:00
CUST_0117,Phạm Thanh Em,MASS,A. Tài khoản & Thông tin KH,Mở tài khoản thanh toán ngoại tệ (USD/EUR),VPBank Financial,"14,499,242 VND",COUNTER,2026-02-27 11:38:00
CUST_0117,Phạm Thanh Em,MASS,A. Tài khoản & Thông tin KH,Đăng ký / thay đổi chữ ký mẫu,VPBank Financial,"4,677,070 VND",COUNTER,2026-04-21 07:41:00
CUST_0117,Phạm Thanh Em,MASS,C. Tiết kiệm & Tiền gửi,Chuyển nhượng / thừa kế sổ tiết kiệm,VPBank Financial,"58,938,604 VND",ATM,2026-05-02 11:59:00
CUST_0014,Phan Tuấn Dũng,MASS,E. Chuyển tiền & Thanh toán,Chuyển tiền trong hệ thống VPBank,VPBank Financial,"40,744,636 VND",EBANK,2026-07-08 10:34:00
CUST_0014,Phan Tuấn Dũng,MASS,F. Ngoại tệ,"Mua ngoại tệ tiền mặt (du lịch, du học, công tác, chữa bệnh)",VPBank Financial,"79,863,339 VND",COUNTER,2026-02-24 15:29:00
CUST_0014,Phan Tuấn Dũng,MASS,A. Tài khoản & Thông tin KH,Mở tài khoản thanh toán VND,VPBank Financial,"500,449 VND",COUNTER,2026-05-03 07:45:00
CUST_0014,Phan Tuấn Dũng,MASS,G. Tín dụng,Tư vấn và nộp hồ sơ vay tiêu dùng tín chấp,VPBank Financial,"287,405,549 VND",ATM,2026-05-12 12:16:00
CUST_0014,Phan Tuấn Dũng,MASS,C. Tiết kiệm & Tiền gửi,Rút trước hạn sổ tiết kiệm (một phần / toàn bộ),VPBank Financial,"144,083,124 VND",APP,2026-03-30 13:35:00
CUST_0014,Phan Tuấn Dũng,MASS,F. Ngoại tệ,Chuyển đổi ngoại tệ giữa các tài khoản (không dùng tiền mặt),VPBank Financial,"38,481,109 VND",APP,2026-05-17 15:15:00
CUST_0014,Phan Tuấn Dũng,MASS,J. Khách hàng doanh nghiệp,"Mở L/C và thanh toán quốc tế (T/T, D/P, D/A)",VPBank Financial,"3,401,913 VND",COUNTER,2026-05-21 09:21:00
CUST_0014,Phan Tuấn Dũng,MASS,J. Khách hàng doanh nghiệp,Đăng ký dịch vụ thu hộ qua mã VietQR / Virtual Account,VPBank Financial,"420,861 VND",COUNTER,2026-07-07 12:57:00
CUST_0014,Phan Tuấn Dũng,MASS,B. Giao dịch tiền mặt,Rút tiền mặt số lượng lớn (đăng ký trước),VPBank Financial,"11,046,669 VND",APP,2026-03-06 14:25:00
CUST_0014,Phan Tuấn Dũng,MASS,F. Ngoại tệ,Chuyển đổi ngoại tệ giữa các tài khoản (không dùng tiền mặt),VPBank Financial,"34,879,169 VND",APP,2026-03-11 13:46:00
CUST_0014,Phan Tuấn Dũng,MASS,G. Tín dụng,Tư vấn và nộp hồ sơ vay mua/sửa nhà (thế chấp bất động sản),VPBank Financial,"125,069,936 VND",APP,2026-07-31 07:44:00
CUST_0014,Phan Tuấn Dũng,MASS,D. Thẻ,Yêu cầu tăng / giảm hạn mức thẻ tín dụng,VPBank Financial,"12,825,003 VND",COUNTER,2026-06-14 15:26:00
CUST_0014,Phan Tuấn Dũng,MASS,J. Khách hàng doanh nghiệp,Vay vốn lưu động / hạn mức tín dụng doanh nghiệp,VPBank Financial,"4,240,647 VND",APP,2026-07-11 08:11:00
CUST_0014,Phan Tuấn Dũng,MASS,D. Thẻ,Nộp hồ sơ mở thẻ tín dụng,VPBank Financial,"7,394,275 VND",APP,2026-03-18 14:21:00
CUST_0014,Phan Tuấn Dũng,MASS,F. Ngoại tệ,Bán ngoại tệ tiền mặt cho ngân hàng,VPBank Financial,"65,102,641 VND",COUNTER,2026-03-20 11:00:00
CUST_0014,Phan Tuấn Dũng,MASS,A. Tài khoản & Thông tin KH,Mở tài khoản số đẹp / số theo yêu cầu,VPBank Financial,"14,628,472 VND",APP,2026-07-08 15:13:00
CUST_0014,Phan Tuấn Dũng,MASS,J. Khách hàng doanh nghiệp,Ủy nhiệm chi / chuyển tiền doanh nghiệp,VPBank Financial,"18,536,029 VND",APP,2026-03-19 07:58:00
CUST_0014,Phan Tuấn Dũng,MASS,E. Chuyển tiền & Thanh toán,Chuyển tiền trong hệ thống VPBank,VPBank Financial,"12,300,699 VND",COUNTER,2026-06-28 08:43:00
CUST_0014,Phan Tuấn Dũng,MASS,E. Chuyển tiền & Thanh toán,"Thanh toán hóa đơn (điện, nước, viễn thông, học phí, bảo hiểm)",VPBank Financial,"17,066,973 VND",COUNTER,2026-03-24 13:45:00
CUST_0014,Phan Tuấn Dũng,MASS,F. Ngoại tệ,"Mua ngoại tệ tiền mặt (du lịch, du học, công tác, chữa bệnh)",VPBank Financial,"43,466,799 VND",ATM,2026-04-21 13:19:00
CUST_0014,Phan Tuấn Dũng,MASS,D. Thẻ,Đăng ký trả góp 0% qua thẻ tín dụng,VPBank Financial,"9,222,537 VND",COUNTER,2026-06-20 11:00:00
CUST_0014,Phan Tuấn Dũng,MASS,D. Thẻ,Tra soát / khiếu nại giao dịch thẻ,VPBank Financial,"10,332,185 VND",APP,2026-02-04 07:14:00
CUST_0014,Phan Tuấn Dũng,MASS,J. Khách hàng doanh nghiệp,"Mở L/C và thanh toán quốc tế (T/T, D/P, D/A)",VPBank Financial,"2,877,660 VND",COUNTER,2026-03-15 13:21:00
CUST_0014,Phan Tuấn Dũng,MASS,A. Tài khoản & Thông tin KH,Mở tài khoản số đẹp / số theo yêu cầu,VPBank Financial,"16,976,318 VND",EBANK,2026-05-24 08:35:00
CUST_0014,Phan Tuấn Dũng,MASS,I. Ngân hàng số & Hỗ trợ,Tiếp nhận khiếu nại / góp ý dịch vụ chung,VPBank Financial,"11,355,101 VND",APP,2026-02-02 14:29:00
CUST_0087,Nguyễn Thanh Trang,MASS,G. Tín dụng,Tư vấn và nộp hồ sơ vay mua ô tô,VPBank Financial,"77,770,230 VND",APP,2026-05-16 14:46:00
CUST_0087,Nguyễn Thanh Trang,MASS,A. Tài khoản & Thông tin KH,Xác thực sinh trắc học khuôn mặt / vân tay (QĐ 2345),VPBank Financial,"4,577,217 VND",APP,2026-03-03 09:15:00
CUST_0087,Nguyễn Thanh Trang,MASS,F. Ngoại tệ,Cấp giấy xác nhận mang ngoại tệ ra nước ngoài,VPBank Financial,"9,683,468 VND",COUNTER,2026-06-24 13:46:00
CUST_0087,Nguyễn Thanh Trang,MASS,J. Khách hàng doanh nghiệp,Nộp thuế điện tử doanh nghiệp,VPBank Financial,"1,569,649 VND",COUNTER,2026-06-28 15:35:00
CUST_0087,Nguyễn Thanh Trang,MASS,J. Khách hàng doanh nghiệp,Đăng ký eBanking doanh nghiệp và phân quyền người dùng,VPBank Financial,"19,516,275 VND",APP,2026-03-04 07:12:00
CUST_0087,Nguyễn Thanh Trang,MASS,F. Ngoại tệ,Bán ngoại tệ tiền mặt cho ngân hàng,VPBank Financial,"59,186,679 VND",APP,2026-07-16 14:11:00
CUST_0087,Nguyễn Thanh Trang,MASS,B. Giao dịch tiền mặt,Rút tiền mặt số lượng lớn (đăng ký trước),VPBank Financial,"19,000,010 VND",EBANK,2026-04-29 14:48:00
CUST_0087,Nguyễn Thanh Trang,MASS,D. Thẻ,Đăng ký trả góp 0% qua thẻ tín dụng,VPBank Financial,"8,950,889 VND",APP,2026-06-29 12:57:00
CUST_0087,Nguyễn Thanh Trang,MASS,C. Tiết kiệm & Tiền gửi,Gửi tiết kiệm tích lũy / gửi góp định kỳ,VPBank Financial,"207,639,215 VND",COUNTER,2026-04-29 14:20:00
CUST_0087,Nguyễn Thanh Trang,MASS,J. Khách hàng doanh nghiệp,Đăng ký dịch vụ thu hộ qua mã VietQR / Virtual Account,VPBank Financial,"5,812,661 VND",ATM,2026-04-03 07:17:00
CUST_0087,Nguyễn Thanh Trang,MASS,I. Ngân hàng số & Hỗ trợ,Thuê két sắt / dịch vụ giữ hộ tài sản,VPBank Financial,"9,616,433 VND",COUNTER,2026-06-07 12:00:00
CUST_0087,Nguyễn Thanh Trang,MASS,J. Khách hàng doanh nghiệp,"Mở L/C và thanh toán quốc tế (T/T, D/P, D/A)",VPBank Financial,"8,377,243 VND",COUNTER,2026-02-07 08:31:00
CUST_0087,Nguyễn Thanh Trang,MASS,B. Giao dịch tiền mặt,Nộp tiền mặt vào tài khoản của chính mình,VPBank Financial,"3,369,498 VND",COUNTER,2026-04-11 14:14:00
CUST_0087,Nguyễn Thanh Trang,MASS,B. Giao dịch tiền mặt,Dịch vụ thu hộ / chi hộ tiền mặt tại quầy,VPBank Financial,"19,610,377 VND",APP,2026-07-07 09:59:00
CUST_0087,Nguyễn Thanh Trang,MASS,J. Khách hàng doanh nghiệp,Vay vốn lưu động / hạn mức tín dụng doanh nghiệp,VPBank Financial,"16,655,471 VND",EBANK,2026-04-02 13:43:00
CUST_0087,Nguyễn Thanh Trang,MASS,E. Chuyển tiền & Thanh toán,Chuyển tiền trong hệ thống VPBank,VPBank Financial,"77,716,061 VND",APP,2026-04-10 10:50:00
CUST_0087,Nguyễn Thanh Trang,MASS,A. Tài khoản & Thông tin KH,Phong tỏa / giải tỏa tài khoản,VPBank Financial,"18,714,720 VND",APP,2026-07-30 07:09:00
CUST_0087,Nguyễn Thanh Trang,MASS,A. Tài khoản & Thông tin KH,Mở tài khoản thanh toán ngoại tệ (USD/EUR),VPBank Financial,"11,767,529 VND",COUNTER,2026-05-02 10:27:00
CUST_0087,Nguyễn Thanh Trang,MASS,D. Thẻ,Thanh toán sao kê thẻ tín dụng tại quầy,VPBank Financial,"13,501,100 VND",COUNTER,2026-06-11 08:19:00
CUST_0087,Nguyễn Thanh Trang,MASS,G. Tín dụng,Tư vấn và nộp hồ sơ vay tiêu dùng tín chấp,VPBank Financial,"103,141,985 VND",APP,2026-05-11 12:38:00
CUST_0087,Nguyễn Thanh Trang,MASS,C. Tiết kiệm & Tiền gửi,Gửi tiết kiệm có kỳ hạn VND tại quầy,VPBank Financial,"289,894,240 VND",APP,2026-07-19 15:59:00
CUST_0087,Nguyễn Thanh Trang,MASS,C. Tiết kiệm & Tiền gửi,Báo mất / cấp lại sổ tiết kiệm,VPBank Financial,"192,468,046 VND",APP,2026-02-17 12:23:00
CUST_0087,Nguyễn Thanh Trang,MASS,J. Khách hàng doanh nghiệp,Đăng ký eBanking doanh nghiệp và phân quyền người dùng,VPBank Financial,"19,544,882 VND",COUNTER,2026-05-08 11:29:00
CUST_0087,Nguyễn Thanh Trang,MASS,D. Thẻ,Phát hành thẻ ghi nợ nội địa (ATM/Napas),VPBank Financial,"1,699,510 VND",APP,2026-04-12 07:31:00
CUST_0087,Nguyễn Thanh Trang,MASS,H. Bảo hiểm & Đầu tư,"Mua bảo hiểm phi nhân thọ (sức khỏe, ô tô, nhà, du lịch)",VPBank Financial,"13,063,681 VND",APP,2026-06-08 12:44:00
CUST_0112,Phạm Thị Em,MASS,G. Tín dụng,Xin xác nhận dư nợ / lịch sử trả nợ / xóa nợ xấu,VPBank Financial,"81,530,370 VND",APP,2026-03-21 07:10:00
CUST_0112,Phạm Thị Em,MASS,D. Thẻ,Thanh toán sao kê thẻ tín dụng tại quầy,VPBank Financial,"973,758 VND",APP,2026-06-24 10:02:00
CUST_0112,Phạm Thị Em,MASS,I. Ngân hàng số & Hỗ trợ,Thuê két sắt / dịch vụ giữ hộ tài sản,VPBank Financial,"19,722,633 VND",EBANK,2026-02-27 08:17:00
CUST_0112,Phạm Thị Em,MASS,C. Tiết kiệm & Tiền gửi,Chuyển nhượng / thừa kế sổ tiết kiệm,VPBank Financial,"255,500,754 VND",COUNTER,2026-06-27 13:55:00
CUST_0112,Phạm Thị Em,MASS,J. Khách hàng doanh nghiệp,Nộp thuế điện tử doanh nghiệp,VPBank Financial,"6,052,925 VND",APP,2026-04-19 10:00:00
CUST_0112,Phạm Thị Em,MASS,C. Tiết kiệm & Tiền gửi,Gửi tiết kiệm ngoại tệ (USD/EUR),VPBank Financial,"54,455,887 VND",EBANK,2026-05-12 10:16:00
CUST_0112,Phạm Thị Em,MASS,G. Tín dụng,Tư vấn và nộp hồ sơ vay tiêu dùng tín chấp,VPBank Financial,"165,789,611 VND",APP,2026-02-09 09:32:00
CUST_0112,Phạm Thị Em,MASS,J. Khách hàng doanh nghiệp,Phát hành thư bảo lãnh ngân hàng,VPBank Financial,"988,153 VND",APP,2026-02-28 08:00:00
CUST_0112,Phạm Thị Em,MASS,G. Tín dụng,Tư vấn và nộp hồ sơ vay tiêu dùng tín chấp,VPBank Financial,"50,533,782 VND",APP,2026-02-03 07:14:00
CUST_0112,Phạm Thị Em,MASS,C. Tiết kiệm & Tiền gửi,Xác nhận số dư sổ tiết kiệm (chứng minh tài chính),VPBank Financial,"226,317,415 VND",APP,2026-03-15 14:12:00
CUST_0112,Phạm Thị Em,MASS,A. Tài khoản & Thông tin KH,Xin sao kê tài khoản / xác nhận số dư,VPBank Financial,"17,648,741 VND",APP,2026-04-05 08:40:00
CUST_0112,Phạm Thị Em,MASS,D. Thẻ,Phát hành thẻ ghi nợ nội địa (ATM/Napas),VPBank Financial,"2,426,320 VND",COUNTER,2026-07-30 13:51:00
CUST_0112,Phạm Thị Em,MASS,A. Tài khoản & Thông tin KH,Đóng tài khoản thanh toán,VPBank Financial,"18,796,109 VND",ATM,2026-02-13 14:12:00
CUST_0112,Phạm Thị Em,MASS,J. Khách hàng doanh nghiệp,"Mở L/C và thanh toán quốc tế (T/T, D/P, D/A)",VPBank Financial,"12,267,339 VND",APP,2026-02-06 12:02:00
CUST_0112,Phạm Thị Em,MASS,C. Tiết kiệm & Tiền gửi,Xác nhận số dư sổ tiết kiệm (chứng minh tài chính),VPBank Financial,"189,920,169 VND",COUNTER,2026-02-11 10:35:00
CUST_0112,Phạm Thị Em,MASS,J. Khách hàng doanh nghiệp,Đăng ký dịch vụ thu hộ qua mã VietQR / Virtual Account,VPBank Financial,"18,179,873 VND",ATM,2026-06-29 10:49:00
CUST_0112,Phạm Thị Em,MASS,B. Giao dịch tiền mặt,Đổi mệnh giá tiền / đổi tiền không đủ tiêu chuẩn lưu thông,VPBank Financial,"12,869,949 VND",COUNTER,2026-04-30 11:03:00
CUST_0112,Phạm Thị Em,MASS,I. Ngân hàng số & Hỗ trợ,Đăng ký nâng hạng khách hàng ưu tiên (VPBank Diamond / Prime),VPBank Financial,"18,088,418 VND",APP,2026-05-11 11:08:00
CUST_0112,Phạm Thị Em,MASS,D. Thẻ,Nộp hồ sơ mở thẻ tín dụng,VPBank Financial,"8,005,321 VND",COUNTER,2026-07-09 08:14:00
CUST_0112,Phạm Thị Em,MASS,D. Thẻ,Phát hành thẻ ghi nợ quốc tế (Visa/Mastercard Debit),VPBank Financial,"1,811,563 VND",APP,2026-03-06 15:28:00
CUST_0112,Phạm Thị Em,MASS,J. Khách hàng doanh nghiệp,Chi lương hàng loạt cho nhân viên,VPBank Financial,"10,389,333 VND",APP,2026-04-06 11:41:00
CUST_0112,Phạm Thị Em,MASS,D. Thẻ,Tra soát / khiếu nại giao dịch thẻ,VPBank Financial,"2,101,844 VND",COUNTER,2026-04-07 08:42:00
CUST_0070,Nguyễn Quang Hùng,PRIME,H. Bảo hiểm & Đầu tư,Tư vấn và mua bảo hiểm nhân thọ (Bancassurance),VPBank Financial,"18,358,120 VND",APP,2026-07-31 11:55:00
CUST_0070,Nguyễn Quang Hùng,PRIME,J. Khách hàng doanh nghiệp,Đăng ký dịch vụ thu hộ qua mã VietQR / Virtual Account,VPBank Financial,"13,858,509 VND",APP,2026-05-03 09:44:00
CUST_0070,Nguyễn Quang Hùng,PRIME,J. Khách hàng doanh nghiệp,Đăng ký eBanking doanh nghiệp và phân quyền người dùng,VPBank Financial,"3,985,968 VND",COUNTER,2026-06-09 09:51:00
CUST_0070,Nguyễn Quang Hùng,PRIME,D. Thẻ,"Khóa / mở khóa thẻ, báo mất và phát hành lại",VPBank Financial,"8,085,355 VND",APP,2026-05-13 07:13:00
CUST_0070,Nguyễn Quang Hùng,PRIME,C. Tiết kiệm & Tiền gửi,Gửi tiết kiệm có kỳ hạn VND tại quầy,VPBank Financial,"283,126,785 VND",APP,2026-03-30 07:23:00
CUST_0070,Nguyễn Quang Hùng,PRIME,J. Khách hàng doanh nghiệp,Phát hành thư bảo lãnh ngân hàng,VPBank Financial,"9,886,482 VND",COUNTER,2026-07-07 08:54:00
CUST_0070,Nguyễn Quang Hùng,PRIME,I. Ngân hàng số & Hỗ trợ,"Đăng ký / hủy SMS Banking, thông báo biến động số dư",VPBank Financial,"6,554,522 VND",COUNTER,2026-03-31 08:02:00
CUST_0070,Nguyễn Quang Hùng,PRIME,E. Chuyển tiền & Thanh toán,Tra soát lệnh chuyển tiền / yêu cầu hoàn tiền,VPBank Financial,"17,032,308 VND",APP,2026-04-13 11:42:00
CUST_0070,Nguyễn Quang Hùng,PRIME,I. Ngân hàng số & Hỗ trợ,Đăng ký nâng hạng khách hàng ưu tiên (VPBank Diamond / Prime),VPBank Financial,"5,471,423 VND",APP,2026-03-13 07:27:00
CUST_0070,Nguyễn Quang Hùng,PRIME,J. Khách hàng doanh nghiệp,Mở tài khoản thanh toán doanh nghiệp,VPBank Financial,"10,649,890 VND",APP,2026-04-02 09:11:00
CUST_0070,Nguyễn Quang Hùng,PRIME,C. Tiết kiệm & Tiền gửi,Gửi tiết kiệm ngoại tệ (USD/EUR),VPBank Financial,"288,403,445 VND",ATM,2026-07-13 08:44:00
CUST_0070,Nguyễn Quang Hùng,PRIME,E. Chuyển tiền & Thanh toán,"Chuyển tiền quốc tế đi (du học, chữa bệnh, trợ cấp thân nhân, công tác)",VPBank Financial,"85,400,211 VND",APP,2026-04-22 07:13:00
CUST_0070,Nguyễn Quang Hùng,PRIME,I. Ngân hàng số & Hỗ trợ,Reset mật khẩu / cấp lại eToken / đổi thiết bị đăng nhập,VPBank Financial,"12,592,556 VND",ATM,2026-06-30 08:05:00
CUST_0070,Nguyễn Quang Hùng,PRIME,D. Thẻ,Phát hành thẻ ghi nợ nội địa (ATM/Napas),VPBank Financial,"4,061,599 VND",COUNTER,2026-03-03 11:09:00
CUST_0070,Nguyễn Quang Hùng,PRIME,E. Chuyển tiền & Thanh toán,"Chuyển tiền quốc tế đi (du học, chữa bệnh, trợ cấp thân nhân, công tác)",VPBank Financial,"42,845,879 VND",COUNTER,2026-04-26 09:38:00
CUST_0070,Nguyễn Quang Hùng,PRIME,J. Khách hàng doanh nghiệp,Mở tài khoản thanh toán doanh nghiệp,VPBank Financial,"3,898,657 VND",APP,2026-02-03 07:21:00
CUST_0070,Nguyễn Quang Hùng,PRIME,I. Ngân hàng số & Hỗ trợ,Đăng ký dịch vụ trả lương qua tài khoản,VPBank Financial,"15,587,628 VND",APP,2026-04-22 09:07:00
CUST_0070,Nguyễn Quang Hùng,PRIME,D. Thẻ,Tra soát / khiếu nại giao dịch thẻ,VPBank Financial,"9,924,833 VND",APP,2026-05-31 07:41:00
CUST_0070,Nguyễn Quang Hùng,PRIME,G. Tín dụng,Xin xác nhận dư nợ / lịch sử trả nợ / xóa nợ xấu,VPBank Financial,"52,250,996 VND",APP,2026-05-22 11:23:00
CUST_0070,Nguyễn Quang Hùng,PRIME,A. Tài khoản & Thông tin KH,Phong tỏa / giải tỏa tài khoản,VPBank Financial,"17,070,983 VND",APP,2026-03-11 09:58:00
CUST_0070,Nguyễn Quang Hùng,PRIME,C. Tiết kiệm & Tiền gửi,Rút trước hạn sổ tiết kiệm (một phần / toàn bộ),VPBank Financial,"75,500,033 VND",APP,2026-07-12 14:20:00
CUST_0070,Nguyễn Quang Hùng,PRIME,F. Ngoại tệ,Cấp giấy xác nhận mang ngoại tệ ra nước ngoài,VPBank Financial,"17,016,641 VND",COUNTER,2026-06-09 12:19:00
CUST_0070,Nguyễn Quang Hùng,PRIME,F. Ngoại tệ,"Mua ngoại tệ tiền mặt (du lịch, du học, công tác, chữa bệnh)",VPBank Financial,"14,967,651 VND",COUNTER,2026-05-09 07:49:00
CUST_0070,Nguyễn Quang Hùng,PRIME,J. Khách hàng doanh nghiệp,Ủy nhiệm chi / chuyển tiền doanh nghiệp,VPBank Financial,"379,449 VND",APP,2026-03-23 15:40:00
CUST_0012,Đỗ Văn Em,PRIME,C. Tiết kiệm & Tiền gửi,Gửi tiết kiệm có kỳ hạn VND tại quầy,VPBank Financial,"59,434,128 VND",COUNTER,2026-07-02 08:50:00
CUST_0012,Đỗ Văn Em,PRIME,I. Ngân hàng số & Hỗ trợ,Đăng ký nâng hạng khách hàng ưu tiên (VPBank Diamond / Prime),VPBank Financial,"4,360,332 VND",COUNTER,2026-07-30 09:32:00
CUST_0012,Đỗ Văn Em,PRIME,A. Tài khoản & Thông tin KH,Xác thực sinh trắc học khuôn mặt / vân tay (QĐ 2345),VPBank Financial,"18,431,263 VND",EBANK,2026-03-26 09:22:00
CUST_0012,Đỗ Văn Em,PRIME,A. Tài khoản & Thông tin KH,Xin sao kê tài khoản / xác nhận số dư,VPBank Financial,"7,895,760 VND",APP,2026-05-22 10:00:00
CUST_0012,Đỗ Văn Em,PRIME,D. Thẻ,Yêu cầu tăng / giảm hạn mức thẻ tín dụng,VPBank Financial,"19,619,071 VND",COUNTER,2026-05-18 14:22:00
CUST_0012,Đỗ Văn Em,PRIME,B. Giao dịch tiền mặt,Dịch vụ thu hộ / chi hộ tiền mặt tại quầy,VPBank Financial,"14,112,066 VND",EBANK,2026-05-15 11:12:00
CUST_0012,Đỗ Văn Em,PRIME,I. Ngân hàng số & Hỗ trợ,"Đăng ký / hủy SMS Banking, thông báo biến động số dư",VPBank Financial,"6,858,992 VND",COUNTER,2026-05-16 15:10:00
CUST_0012,Đỗ Văn Em,PRIME,C. Tiết kiệm & Tiền gửi,Gửi tiết kiệm có kỳ hạn VND tại quầy,VPBank Financial,"173,220,769 VND",COUNTER,2026-06-14 12:35:00
CUST_0012,Đỗ Văn Em,PRIME,J. Khách hàng doanh nghiệp,Đăng ký dịch vụ thu hộ qua mã VietQR / Virtual Account,VPBank Financial,"11,836,350 VND",COUNTER,2026-02-03 14:08:00
CUST_0012,Đỗ Văn Em,PRIME,C. Tiết kiệm & Tiền gửi,Tái tục sổ tiết kiệm / chuyển kỳ hạn,VPBank Financial,"268,388,659 VND",APP,2026-04-29 15:35:00
CUST_0012,Đỗ Văn Em,PRIME,I. Ngân hàng số & Hỗ trợ,Đăng ký nâng hạng khách hàng ưu tiên (VPBank Diamond / Prime),VPBank Financial,"17,507,255 VND",COUNTER,2026-06-09 13:06:00
CUST_0012,Đỗ Văn Em,PRIME,A. Tài khoản & Thông tin KH,Mở tài khoản đồng sở hữu / ủy quyền sử dụng tài khoản,VPBank Financial,"14,243,586 VND",APP,2026-06-14 15:08:00
CUST_0012,Đỗ Văn Em,PRIME,H. Bảo hiểm & Đầu tư,Hỗ trợ hồ sơ yêu cầu bồi thường bảo hiểm,VPBank Financial,"9,172,504 VND",COUNTER,2026-03-05 12:00:00
CUST_0012,Đỗ Văn Em,PRIME,G. Tín dụng,Đăng ký hạn mức thấu chi tài khoản,VPBank Financial,"87,206,203 VND",APP,2026-05-04 12:27:00
CUST_0012,Đỗ Văn Em,PRIME,C. Tiết kiệm & Tiền gửi,Cầm cố sổ tiết kiệm để vay vốn,VPBank Financial,"17,880,471 VND",COUNTER,2026-07-11 08:31:00
CUST_0012,Đỗ Văn Em,PRIME,E. Chuyển tiền & Thanh toán,"Thanh toán hóa đơn (điện, nước, viễn thông, học phí, bảo hiểm)",VPBank Financial,"63,239,942 VND",APP,2026-07-03 09:40:00
CUST_0012,Đỗ Văn Em,PRIME,G. Tín dụng,Tư vấn và nộp hồ sơ vay mua/sửa nhà (thế chấp bất động sản),VPBank Financial,"120,771,491 VND",EBANK,2026-02-21 10:43:00
CUST_0012,Đỗ Văn Em,PRIME,A. Tài khoản & Thông tin KH,Phong tỏa / giải tỏa tài khoản,VPBank Financial,"7,197,287 VND",APP,2026-05-19 12:35:00
CUST_0012,Đỗ Văn Em,PRIME,A. Tài khoản & Thông tin KH,Đóng tài khoản thanh toán,VPBank Financial,"8,245,284 VND",COUNTER,2026-04-17 13:44:00
CUST_0012,Đỗ Văn Em,PRIME,H. Bảo hiểm & Đầu tư,Mở tài khoản chứng khoán / đăng ký dịch vụ đầu tư,VPBank Financial,"2,347,929 VND",EBANK,2026-06-18 10:47:00
CUST_0012,Đỗ Văn Em,PRIME,C. Tiết kiệm & Tiền gửi,Xác nhận số dư sổ tiết kiệm (chứng minh tài chính),VPBank Financial,"271,181,915 VND",COUNTER,2026-03-17 12:32:00
CUST_0012,Đỗ Văn Em,PRIME,J. Khách hàng doanh nghiệp,Mở tài khoản thanh toán doanh nghiệp,VPBank Financial,"11,444,826 VND",APP,2026-05-20 12:52:00
CUST_0012,Đỗ Văn Em,PRIME,G. Tín dụng,Tất toán khoản vay trước hạn / giải chấp tài sản,VPBank Financial,"86,080,964 VND",COUNTER,2026-06-17 14:48:00
CUST_0012,Đỗ Văn Em,PRIME,A. Tài khoản & Thông tin KH,"Cập nhật thông tin CIF (CCCD, địa chỉ, SĐT, email, nghề nghiệp)",VPBank Financial,"15,553,207 VND",APP,2026-04-17 07:41:00
CUST_0012,Đỗ Văn Em,PRIME,D. Thẻ,Thanh toán sao kê thẻ tín dụng tại quầy,VPBank Financial,"19,639,971 VND",COUNTER,2026-03-02 10:58:00
CUST_0012,Đỗ Văn Em,PRIME,H. Bảo hiểm & Đầu tư,Đóng phí bảo hiểm định kỳ tại quầy,VPBank Financial,"2,966,262 VND",COUNTER,2026-05-15 07:38:00
CUST_0012,Đỗ Văn Em,PRIME,A. Tài khoản & Thông tin KH,Mở tài khoản đồng sở hữu / ủy quyền sử dụng tài khoản,VPBank Financial,"16,652,640 VND",COUNTER,2026-05-01 12:09:00
CUST_0012,Đỗ Văn Em,PRIME,E. Chuyển tiền & Thanh toán,Tra soát lệnh chuyển tiền / yêu cầu hoàn tiền,VPBank Financial,"71,530,587 VND",APP,2026-03-07 12:47:00
CUST_0012,Đỗ Văn Em,PRIME,G. Tín dụng,Tất toán khoản vay trước hạn / giải chấp tài sản,VPBank Financial,"42,206,568 VND",COUNTER,2026-05-29 12:31:00
CUST_0012,Đỗ Văn Em,PRIME,E. Chuyển tiền & Thanh toán,"Thanh toán hóa đơn (điện, nước, viễn thông, học phí, bảo hiểm)",VPBank Financial,"70,552,766 VND",APP,2026-02-25 10:10:00
CUST_0012,Đỗ Văn Em,PRIME,E. Chuyển tiền & Thanh toán,Chuyển tiền trong hệ thống VPBank,VPBank Financial,"98,151,362 VND",APP,2026-07-03 11:55:00
CUST_0076,Đỗ Thị An,MASS,E. Chuyển tiền & Thanh toán,Nộp thuế / phí lệ phí nhà nước,VPBank Financial,"39,179,994 VND",APP,2026-07-13 13:43:00
CUST_0076,Đỗ Thị An,MASS,G. Tín dụng,Đăng ký hạn mức thấu chi tài khoản,VPBank Financial,"14,356,537 VND",COUNTER,2026-04-19 10:19:00
CUST_0076,Đỗ Thị An,MASS,J. Khách hàng doanh nghiệp,Chi lương hàng loạt cho nhân viên,VPBank Financial,"4,835,233 VND",COUNTER,2026-06-28 10:55:00
CUST_0076,Đỗ Thị An,MASS,A. Tài khoản & Thông tin KH,Xin sao kê tài khoản / xác nhận số dư,VPBank Financial,"13,033,306 VND",APP,2026-05-07 10:04:00
CUST_0076,Đỗ Thị An,MASS,F. Ngoại tệ,"Mua ngoại tệ tiền mặt (du lịch, du học, công tác, chữa bệnh)",VPBank Financial,"38,960,895 VND",APP,2026-02-26 14:24:00
CUST_0076,Đỗ Thị An,MASS,C. Tiết kiệm & Tiền gửi,Chuyển nhượng / thừa kế sổ tiết kiệm,VPBank Financial,"23,031,281 VND",COUNTER,2026-07-06 12:52:00
CUST_0076,Đỗ Thị An,MASS,A. Tài khoản & Thông tin KH,Đóng tài khoản thanh toán,VPBank Financial,"2,598,544 VND",COUNTER,2026-07-09 15:30:00
CUST_0076,Đỗ Thị An,MASS,I. Ngân hàng số & Hỗ trợ,"Đăng ký / hủy SMS Banking, thông báo biến động số dư",VPBank Financial,"3,174,255 VND",APP,2026-03-25 07:43:00
CUST_0076,Đỗ Thị An,MASS,C. Tiết kiệm & Tiền gửi,Tất toán sổ tiết kiệm đúng hạn,VPBank Financial,"117,558,191 VND",APP,2026-03-17 15:11:00
CUST_0076,Đỗ Thị An,MASS,A. Tài khoản & Thông tin KH,Phong tỏa / giải tỏa tài khoản,VPBank Financial,"15,933,610 VND",APP,2026-05-10 07:33:00
CUST_0076,Đỗ Thị An,MASS,J. Khách hàng doanh nghiệp,Nộp / rút tiền mặt tài khoản doanh nghiệp,VPBank Financial,"14,209,262 VND",APP,2026-07-21 08:43:00
CUST_0076,Đỗ Thị An,MASS,G. Tín dụng,Xin xác nhận dư nợ / lịch sử trả nợ / xóa nợ xấu,VPBank Financial,"289,758,811 VND",ATM,2026-04-08 13:49:00
CUST_0076,Đỗ Thị An,MASS,D. Thẻ,Tra soát / khiếu nại giao dịch thẻ,VPBank Financial,"10,387,143 VND",APP,2026-05-07 10:00:00
CUST_0076,Đỗ Thị An,MASS,H. Bảo hiểm & Đầu tư,Đóng phí bảo hiểm định kỳ tại quầy,VPBank Financial,"11,681,898 VND",APP,2026-04-26 09:49:00
CUST_0076,Đỗ Thị An,MASS,G. Tín dụng,Tư vấn và nộp hồ sơ vay mua ô tô,VPBank Financial,"75,992,989 VND",COUNTER,2026-04-23 14:31:00
CUST_0076,Đỗ Thị An,MASS,B. Giao dịch tiền mặt,Dịch vụ thu hộ / chi hộ tiền mặt tại quầy,VPBank Financial,"9,820,785 VND",APP,2026-06-10 13:56:00
CUST_0076,Đỗ Thị An,MASS,B. Giao dịch tiền mặt,Rút tiền mặt từ tài khoản,VPBank Financial,"12,262,919 VND",APP,2026-07-20 07:05:00
CUST_0076,Đỗ Thị An,MASS,G. Tín dụng,Trả nợ gốc / lãi khoản vay tại quầy,VPBank Financial,"20,237,654 VND",EBANK,2026-03-27 09:02:00
CUST_0076,Đỗ Thị An,MASS,D. Thẻ,Nhận thẻ và kích hoạt thẻ tại quầy,VPBank Financial,"6,878,893 VND",APP,2026-05-08 14:08:00
CUST_0076,Đỗ Thị An,MASS,C. Tiết kiệm & Tiền gửi,Gửi tiết kiệm tích lũy / gửi góp định kỳ,VPBank Financial,"113,497,389 VND",ATM,2026-06-29 11:33:00
CUST_0076,Đỗ Thị An,MASS,C. Tiết kiệm & Tiền gửi,Gửi tiết kiệm có kỳ hạn VND tại quầy,VPBank Financial,"79,781,316 VND",EBANK,2026-04-12 08:45:00
CUST_0055,Bùi Thanh Quân,PRIME,J. Khách hàng doanh nghiệp,Nộp thuế điện tử doanh nghiệp,VPBank Financial,"3,055,952 VND",APP,2026-06-17 15:37:00
CUST_0055,Bùi Thanh Quân,PRIME,E. Chuyển tiền & Thanh toán,Nộp thuế / phí lệ phí nhà nước,VPBank Financial,"34,691,647 VND",EBANK,2026-05-11 14:08:00
CUST_0055,Bùi Thanh Quân,PRIME,J. Khách hàng doanh nghiệp,Vay vốn lưu động / hạn mức tín dụng doanh nghiệp,VPBank Financial,"6,329,274 VND",COUNTER,2026-03-27 15:10:00
CUST_0055,Bùi Thanh Quân,PRIME,D. Thẻ,Nhận thẻ và kích hoạt thẻ tại quầy,VPBank Financial,"4,833,305 VND",COUNTER,2026-07-03 13:35:00
CUST_0055,Bùi Thanh Quân,PRIME,G. Tín dụng,Tư vấn và nộp hồ sơ vay tiêu dùng tín chấp,VPBank Financial,"127,424,136 VND",COUNTER,2026-07-03 14:21:00
CUST_0055,Bùi Thanh Quân,PRIME,C. Tiết kiệm & Tiền gửi,Báo mất / cấp lại sổ tiết kiệm,VPBank Financial,"216,833,511 VND",COUNTER,2026-03-01 15:36:00
CUST_0055,Bùi Thanh Quân,PRIME,C. Tiết kiệm & Tiền gửi,Tất toán sổ tiết kiệm đúng hạn,VPBank Financial,"198,358,043 VND",COUNTER,2026-05-31 09:34:00
CUST_0055,Bùi Thanh Quân,PRIME,D. Thẻ,Phát hành thẻ ghi nợ quốc tế (Visa/Mastercard Debit),VPBank Financial,"3,850,491 VND",APP,2026-04-13 07:57:00
CUST_0055,Bùi Thanh Quân,PRIME,D. Thẻ,Phát hành thẻ ghi nợ quốc tế (Visa/Mastercard Debit),VPBank Financial,"17,908,686 VND",APP,2026-04-21 07:17:00
CUST_0055,Bùi Thanh Quân,PRIME,C. Tiết kiệm & Tiền gửi,Tái tục sổ tiết kiệm / chuyển kỳ hạn,VPBank Financial,"59,984,956 VND",COUNTER,2026-06-11 13:25:00
CUST_0055,Bùi Thanh Quân,PRIME,A. Tài khoản & Thông tin KH,"Cập nhật thông tin CIF (CCCD, địa chỉ, SĐT, email, nghề nghiệp)",VPBank Financial,"10,433,799 VND",EBANK,2026-06-10 14:11:00
CUST_0055,Bùi Thanh Quân,PRIME,E. Chuyển tiền & Thanh toán,Tra soát lệnh chuyển tiền / yêu cầu hoàn tiền,VPBank Financial,"47,686,926 VND",ATM,2026-06-12 10:28:00
CUST_0055,Bùi Thanh Quân,PRIME,I. Ngân hàng số & Hỗ trợ,Đăng ký / kích hoạt VPBank NEO (Internet & Mobile Banking),VPBank Financial,"2,157,649 VND",COUNTER,2026-05-09 15:30:00
CUST_0055,Bùi Thanh Quân,PRIME,D. Thẻ,Tra soát / khiếu nại giao dịch thẻ,VPBank Financial,"3,100,766 VND",APP,2026-07-07 08:44:00
CUST_0055,Bùi Thanh Quân,PRIME,J. Khách hàng doanh nghiệp,Mở tài khoản thanh toán doanh nghiệp,VPBank Financial,"2,780,417 VND",APP,2026-02-14 14:33:00
CUST_0055,Bùi Thanh Quân,PRIME,H. Bảo hiểm & Đầu tư,"Mua bảo hiểm phi nhân thọ (sức khỏe, ô tô, nhà, du lịch)",VPBank Financial,"5,583,308 VND",EBANK,2026-04-15 15:27:00
CUST_0055,Bùi Thanh Quân,PRIME,J. Khách hàng doanh nghiệp,Ủy nhiệm chi / chuyển tiền doanh nghiệp,VPBank Financial,"11,484,905 VND",APP,2026-03-03 15:49:00
CUST_0055,Bùi Thanh Quân,PRIME,C. Tiết kiệm & Tiền gửi,Gửi tiết kiệm có kỳ hạn VND tại quầy,VPBank Financial,"82,804,884 VND",COUNTER,2026-02-26 15:08:00
CUST_0055,Bùi Thanh Quân,PRIME,D. Thẻ,Thanh toán sao kê thẻ tín dụng tại quầy,VPBank Financial,"15,489,079 VND",APP,2026-07-10 07:34:00
CUST_0055,Bùi Thanh Quân,PRIME,J. Khách hàng doanh nghiệp,Mở tài khoản thanh toán doanh nghiệp,VPBank Financial,"9,959,008 VND",APP,2026-05-21 16:00:00
CUST_0055,Bùi Thanh Quân,PRIME,E. Chuyển tiền & Thanh toán,Nhận tiền chuyển đến từ nước ngoài / chi trả kiều hối,VPBank Financial,"91,096,148 VND",APP,2026-05-28 14:56:00
CUST_0055,Bùi Thanh Quân,PRIME,G. Tín dụng,Xin xác nhận dư nợ / lịch sử trả nợ / xóa nợ xấu,VPBank Financial,"45,631,758 VND",APP,2026-07-10 07:14:00
CUST_0055,Bùi Thanh Quân,PRIME,J. Khách hàng doanh nghiệp,Mở tài khoản thanh toán doanh nghiệp,VPBank Financial,"5,363,669 VND",EBANK,2026-03-24 15:32:00
CUST_0055,Bùi Thanh Quân,PRIME,A. Tài khoản & Thông tin KH,Xin sao kê tài khoản / xác nhận số dư,VPBank Financial,"12,003,401 VND",EBANK,2026-05-28 11:13:00
CUST_0055,Bùi Thanh Quân,PRIME,C. Tiết kiệm & Tiền gửi,Chuyển nhượng / thừa kế sổ tiết kiệm,VPBank Financial,"140,635,525 VND",COUNTER,2026-07-09 09:50:00
CUST_0005,Vũ Thanh Cường,MASS,H. Bảo hiểm & Đầu tư,Tư vấn và mua bảo hiểm nhân thọ (Bancassurance),VPBank Financial,"3,315,957 VND",COUNTER,2026-06-01 07:53:00
CUST_0005,Vũ Thanh Cường,MASS,J. Khách hàng doanh nghiệp,Vay vốn lưu động / hạn mức tín dụng doanh nghiệp,VPBank Financial,"4,141,830 VND",APP,2026-02-22 15:48:00
CUST_0005,Vũ Thanh Cường,MASS,J. Khách hàng doanh nghiệp,"Mở L/C và thanh toán quốc tế (T/T, D/P, D/A)",VPBank Financial,"6,911,605 VND",COUNTER,2026-02-08 08:47:00
CUST_0005,Vũ Thanh Cường,MASS,B. Giao dịch tiền mặt,Nộp tiền mặt vào tài khoản người khác,VPBank Financial,"5,635,983 VND",ATM,2026-07-04 12:28:00
CUST_0005,Vũ Thanh Cường,MASS,H. Bảo hiểm & Đầu tư,Mua chứng chỉ quỹ / trái phiếu do ngân hàng phân phối,VPBank Financial,"13,966,428 VND",COUNTER,2026-04-06 10:59:00
CUST_0005,Vũ Thanh Cường,MASS,B. Giao dịch tiền mặt,Nộp tiền mặt vào tài khoản của chính mình,VPBank Financial,"16,697,547 VND",APP,2026-07-07 13:26:00
CUST_0005,Vũ Thanh Cường,MASS,D. Thẻ,Nhận thẻ và kích hoạt thẻ tại quầy,VPBank Financial,"18,052,737 VND",EBANK,2026-07-31 10:43:00
CUST_0005,Vũ Thanh Cường,MASS,J. Khách hàng doanh nghiệp,"Mở L/C và thanh toán quốc tế (T/T, D/P, D/A)",VPBank Financial,"6,079,513 VND",APP,2026-03-19 07:41:00
CUST_0005,Vũ Thanh Cường,MASS,I. Ngân hàng số & Hỗ trợ,Đăng ký dịch vụ trả lương qua tài khoản,VPBank Financial,"12,007,287 VND",APP,2026-07-25 10:05:00
CUST_0005,Vũ Thanh Cường,MASS,H. Bảo hiểm & Đầu tư,Mua chứng chỉ quỹ / trái phiếu do ngân hàng phân phối,VPBank Financial,"3,893,132 VND",EBANK,2026-03-20 14:08:00
CUST_0005,Vũ Thanh Cường,MASS,A. Tài khoản & Thông tin KH,Đăng ký / thay đổi chữ ký mẫu,VPBank Financial,"13,097,727 VND",APP,2026-07-18 10:47:00
CUST_0005,Vũ Thanh Cường,MASS,I. Ngân hàng số & Hỗ trợ,Đăng ký nâng hạng khách hàng ưu tiên (VPBank Diamond / Prime),VPBank Financial,"12,077,386 VND",APP,2026-03-13 14:35:00
CUST_0005,Vũ Thanh Cường,MASS,G. Tín dụng,Đăng ký hạn mức thấu chi tài khoản,VPBank Financial,"164,788,463 VND",ATM,2026-04-17 08:05:00
CUST_0005,Vũ Thanh Cường,MASS,B. Giao dịch tiền mặt,Nộp tiền mặt vào tài khoản người khác,VPBank Financial,"7,988,338 VND",APP,2026-06-13 07:11:00
CUST_0005,Vũ Thanh Cường,MASS,G. Tín dụng,Đăng ký hạn mức thấu chi tài khoản,VPBank Financial,"191,927,762 VND",ATM,2026-05-24 15:28:00
CUST_0005,Vũ Thanh Cường,MASS,C. Tiết kiệm & Tiền gửi,Gửi tiết kiệm có kỳ hạn VND tại quầy,VPBank Financial,"295,761,691 VND",APP,2026-03-07 11:38:00
CUST_0005,Vũ Thanh Cường,MASS,I. Ngân hàng số & Hỗ trợ,Đăng ký nâng hạng khách hàng ưu tiên (VPBank Diamond / Prime),VPBank Financial,"14,379,474 VND",APP,2026-04-12 08:49:00
CUST_0005,Vũ Thanh Cường,MASS,J. Khách hàng doanh nghiệp,Ủy nhiệm chi / chuyển tiền doanh nghiệp,VPBank Financial,"12,848,396 VND",ATM,2026-05-07 15:30:00
CUST_0005,Vũ Thanh Cường,MASS,E. Chuyển tiền & Thanh toán,Chuyển tiền trong hệ thống VPBank,VPBank Financial,"99,859,886 VND",APP,2026-05-16 15:48:00
CUST_0005,Vũ Thanh Cường,MASS,E. Chuyển tiền & Thanh toán,Nhận tiền chuyển đến từ nước ngoài / chi trả kiều hối,VPBank Financial,"70,711,825 VND",ATM,2026-03-27 14:37:00
CUST_0118,Bùi Đức Thảo,PRIME,I. Ngân hàng số & Hỗ trợ,Đăng ký / kích hoạt VPBank NEO (Internet & Mobile Banking),VPBank Financial,"7,076,312 VND",COUNTER,2026-03-23 10:41:00
CUST_0118,Bùi Đức Thảo,PRIME,D. Thẻ,Đăng ký trả góp 0% qua thẻ tín dụng,VPBank Financial,"2,703,992 VND",ATM,2026-07-02 14:33:00
CUST_0118,Bùi Đức Thảo,PRIME,F. Ngoại tệ,"Mua ngoại tệ tiền mặt (du lịch, du học, công tác, chữa bệnh)",VPBank Financial,"78,268,092 VND",COUNTER,2026-05-18 07:09:00
CUST_0118,Bùi Đức Thảo,PRIME,C. Tiết kiệm & Tiền gửi,Xác nhận số dư sổ tiết kiệm (chứng minh tài chính),VPBank Financial,"293,062,716 VND",APP,2026-05-16 12:32:00
CUST_0118,Bùi Đức Thảo,PRIME,B. Giao dịch tiền mặt,Đổi mệnh giá tiền / đổi tiền không đủ tiêu chuẩn lưu thông,VPBank Financial,"3,275,797 VND",APP,2026-03-21 07:21:00
CUST_0118,Bùi Đức Thảo,PRIME,C. Tiết kiệm & Tiền gửi,Tái tục sổ tiết kiệm / chuyển kỳ hạn,VPBank Financial,"223,445,037 VND",APP,2026-02-14 11:02:00
CUST_0118,Bùi Đức Thảo,PRIME,A. Tài khoản & Thông tin KH,Đăng ký / thay đổi chữ ký mẫu,VPBank Financial,"10,010,092 VND",COUNTER,2026-07-28 14:00:00
CUST_0118,Bùi Đức Thảo,PRIME,I. Ngân hàng số & Hỗ trợ,Lấy số thứ tự và check-in tại quầy,VPBank Financial,"9,556,107 VND",COUNTER,2026-03-07 08:22:00
CUST_0118,Bùi Đức Thảo,PRIME,D. Thẻ,Thanh toán sao kê thẻ tín dụng tại quầy,VPBank Financial,"17,428,832 VND",ATM,2026-03-09 10:44:00
CUST_0118,Bùi Đức Thảo,PRIME,C. Tiết kiệm & Tiền gửi,Gửi tiết kiệm ngoại tệ (USD/EUR),VPBank Financial,"168,611,107 VND",APP,2026-02-07 13:22:00
CUST_0118,Bùi Đức Thảo,PRIME,E. Chuyển tiền & Thanh toán,Chuyển tiền trong hệ thống VPBank,VPBank Financial,"39,729,460 VND",COUNTER,2026-05-12 09:27:00
CUST_0118,Bùi Đức Thảo,PRIME,J. Khách hàng doanh nghiệp,Phát hành thư bảo lãnh ngân hàng,VPBank Financial,"1,605,100 VND",COUNTER,2026-07-04 07:31:00
CUST_0118,Bùi Đức Thảo,PRIME,G. Tín dụng,Xin xác nhận dư nợ / lịch sử trả nợ / xóa nợ xấu,VPBank Financial,"146,046,513 VND",APP,2026-04-04 11:52:00
CUST_0118,Bùi Đức Thảo,PRIME,G. Tín dụng,Xin xác nhận dư nợ / lịch sử trả nợ / xóa nợ xấu,VPBank Financial,"278,030,741 VND",COUNTER,2026-06-13 10:33:00
CUST_0118,Bùi Đức Thảo,PRIME,J. Khách hàng doanh nghiệp,Mở tài khoản thanh toán doanh nghiệp,VPBank Financial,"909,714 VND",APP,2026-07-07 07:49:00
CUST_0118,Bùi Đức Thảo,PRIME,A. Tài khoản & Thông tin KH,Đăng ký / thay đổi chữ ký mẫu,VPBank Financial,"10,068,469 VND",COUNTER,2026-07-26 08:24:00
CUST_0118,Bùi Đức Thảo,PRIME,D. Thẻ,Tra soát / khiếu nại giao dịch thẻ,VPBank Financial,"5,905,276 VND",APP,2026-05-06 14:09:00
CUST_0118,Bùi Đức Thảo,PRIME,D. Thẻ,Phát hành thẻ ghi nợ nội địa (ATM/Napas),VPBank Financial,"12,559,083 VND",COUNTER,2026-02-14 09:54:00
CUST_0118,Bùi Đức Thảo,PRIME,J. Khách hàng doanh nghiệp,"Mở L/C và thanh toán quốc tế (T/T, D/P, D/A)",VPBank Financial,"7,127,057 VND",COUNTER,2026-07-02 13:23:00
CUST_0107,Võ Văn Trang,PRIME,I. Ngân hàng số & Hỗ trợ,Đăng ký nâng hạng khách hàng ưu tiên (VPBank Diamond / Prime),VPBank Financial,"19,416,982 VND",APP,2026-07-13 12:03:00
CUST_0107,Võ Văn Trang,PRIME,I. Ngân hàng số & Hỗ trợ,"Đăng ký / hủy SMS Banking, thông báo biến động số dư",VPBank Financial,"8,354,675 VND",APP,2026-07-14 15:27:00
CUST_0107,Võ Văn Trang,PRIME,G. Tín dụng,Tư vấn và nộp hồ sơ vay tiêu dùng tín chấp,VPBank Financial,"290,741,026 VND",APP,2026-02-10 09:35:00
CUST_0107,Võ Văn Trang,PRIME,C. Tiết kiệm & Tiền gửi,Xác nhận số dư sổ tiết kiệm (chứng minh tài chính),VPBank Financial,"46,882,545 VND",COUNTER,2026-03-05 15:24:00
CUST_0107,Võ Văn Trang,PRIME,J. Khách hàng doanh nghiệp,Phát hành thư bảo lãnh ngân hàng,VPBank Financial,"5,564,003 VND",ATM,2026-05-28 11:25:00
CUST_0107,Võ Văn Trang,PRIME,B. Giao dịch tiền mặt,Rút tiền mặt từ tài khoản,VPBank Financial,"15,298,195 VND",COUNTER,2026-05-08 13:46:00
CUST_0107,Võ Văn Trang,PRIME,E. Chuyển tiền & Thanh toán,Tra soát lệnh chuyển tiền / yêu cầu hoàn tiền,VPBank Financial,"47,513,352 VND",APP,2026-06-11 08:22:00
CUST_0107,Võ Văn Trang,PRIME,A. Tài khoản & Thông tin KH,Phong tỏa / giải tỏa tài khoản,VPBank Financial,"2,782,979 VND",APP,2026-02-14 15:16:00
CUST_0107,Võ Văn Trang,PRIME,J. Khách hàng doanh nghiệp,Chi lương hàng loạt cho nhân viên,VPBank Financial,"9,502,081 VND",COUNTER,2026-04-01 11:29:00
CUST_0107,Võ Văn Trang,PRIME,I. Ngân hàng số & Hỗ trợ,Reset mật khẩu / cấp lại eToken / đổi thiết bị đăng nhập,VPBank Financial,"7,640,035 VND",EBANK,2026-04-11 11:59:00
CUST_0107,Võ Văn Trang,PRIME,B. Giao dịch tiền mặt,Nộp tiền mặt vào tài khoản người khác,VPBank Financial,"14,432,023 VND",COUNTER,2026-05-09 12:18:00
CUST_0107,Võ Văn Trang,PRIME,G. Tín dụng,Tư vấn và nộp hồ sơ vay mua ô tô,VPBank Financial,"149,593,191 VND",APP,2026-05-24 09:06:00
CUST_0107,Võ Văn Trang,PRIME,D. Thẻ,Yêu cầu tăng / giảm hạn mức thẻ tín dụng,VPBank Financial,"12,927,509 VND",APP,2026-06-02 14:17:00
CUST_0107,Võ Văn Trang,PRIME,G. Tín dụng,Tất toán khoản vay trước hạn / giải chấp tài sản,VPBank Financial,"110,332,021 VND",APP,2026-06-10 15:50:00
CUST_0107,Võ Văn Trang,PRIME,C. Tiết kiệm & Tiền gửi,Gửi tiết kiệm có kỳ hạn VND tại quầy,VPBank Financial,"158,686,910 VND",ATM,2026-05-11 15:46:00
CUST_0107,Võ Văn Trang,PRIME,C. Tiết kiệm & Tiền gửi,Gửi tiết kiệm có kỳ hạn VND tại quầy,VPBank Financial,"14,663,225 VND",COUNTER,2026-07-17 15:10:00
CUST_0107,Võ Văn Trang,PRIME,J. Khách hàng doanh nghiệp,Đăng ký dịch vụ thu hộ qua mã VietQR / Virtual Account,VPBank Financial,"15,633,869 VND",ATM,2026-05-16 08:34:00
CUST_0107,Võ Văn Trang,PRIME,C. Tiết kiệm & Tiền gửi,Tất toán sổ tiết kiệm đúng hạn,VPBank Financial,"277,196,547 VND",APP,2026-02-08 08:55:00
CUST_0107,Võ Văn Trang,PRIME,D. Thẻ,Phát hành thẻ ghi nợ quốc tế (Visa/Mastercard Debit),VPBank Financial,"17,489,591 VND",COUNTER,2026-07-22 07:54:00
CUST_0107,Võ Văn Trang,PRIME,D. Thẻ,Đăng ký trả góp 0% qua thẻ tín dụng,VPBank Financial,"5,036,948 VND",ATM,2026-05-02 08:05:00
CUST_0107,Võ Văn Trang,PRIME,A. Tài khoản & Thông tin KH,Mở tài khoản đồng sở hữu / ủy quyền sử dụng tài khoản,VPBank Financial,"15,502,330 VND",ATM,2026-07-15 15:12:00
CUST_0107,Võ Văn Trang,PRIME,D. Thẻ,Phát hành thẻ ghi nợ quốc tế (Visa/Mastercard Debit),VPBank Financial,"14,587,413 VND",COUNTER,2026-04-18 11:46:00
CUST_0107,Võ Văn Trang,PRIME,I. Ngân hàng số & Hỗ trợ,"Đăng ký / hủy SMS Banking, thông báo biến động số dư",VPBank Financial,"16,221,467 VND",COUNTER,2026-03-06 11:16:00
CUST_0107,Võ Văn Trang,PRIME,J. Khách hàng doanh nghiệp,Nộp thuế điện tử doanh nghiệp,VPBank Financial,"19,415,438 VND",APP,2026-06-22 09:06:00
CUST_0107,Võ Văn Trang,PRIME,A. Tài khoản & Thông tin KH,Đóng tài khoản thanh toán,VPBank Financial,"18,860,539 VND",EBANK,2026-06-04 07:20:00
CUST_0028,Bùi Hữu Bình,PRIME,A. Tài khoản & Thông tin KH,Mở tài khoản thanh toán VND,VPBank Financial,"990,970 VND",COUNTER,2026-07-07 10:41:00
CUST_0028,Bùi Hữu Bình,PRIME,E. Chuyển tiền & Thanh toán,Chuyển tiền liên ngân hàng (Napas 24/7 / Citad),VPBank Financial,"12,136,676 VND",APP,2026-04-18 15:20:00
CUST_0028,Bùi Hữu Bình,PRIME,J. Khách hàng doanh nghiệp,Chi lương hàng loạt cho nhân viên,VPBank Financial,"19,264,836 VND",APP,2026-05-07 15:35:00
CUST_0028,Bùi Hữu Bình,PRIME,J. Khách hàng doanh nghiệp,Vay vốn lưu động / hạn mức tín dụng doanh nghiệp,VPBank Financial,"9,576,676 VND",APP,2026-02-18 07:14:00
CUST_0028,Bùi Hữu Bình,PRIME,E. Chuyển tiền & Thanh toán,Nộp thuế / phí lệ phí nhà nước,VPBank Financial,"87,988,162 VND",APP,2026-03-11 10:34:00
CUST_0028,Bùi Hữu Bình,PRIME,C. Tiết kiệm & Tiền gửi,Xác nhận số dư sổ tiết kiệm (chứng minh tài chính),VPBank Financial,"297,851,064 VND",APP,2026-06-21 13:36:00
CUST_0028,Bùi Hữu Bình,PRIME,B. Giao dịch tiền mặt,Đổi mệnh giá tiền / đổi tiền không đủ tiêu chuẩn lưu thông,VPBank Financial,"17,412,934 VND",COUNTER,2026-02-10 14:48:00
CUST_0028,Bùi Hữu Bình,PRIME,C. Tiết kiệm & Tiền gửi,Rút trước hạn sổ tiết kiệm (một phần / toàn bộ),VPBank Financial,"207,995,713 VND",EBANK,2026-02-06 09:00:00
CUST_0028,Bùi Hữu Bình,PRIME,E. Chuyển tiền & Thanh toán,Chuyển tiền trong hệ thống VPBank,VPBank Financial,"87,155,071 VND",APP,2026-05-11 10:59:00
CUST_0028,Bùi Hữu Bình,PRIME,J. Khách hàng doanh nghiệp,Chi lương hàng loạt cho nhân viên,VPBank Financial,"12,101,321 VND",APP,2026-03-01 11:47:00
CUST_0028,Bùi Hữu Bình,PRIME,C. Tiết kiệm & Tiền gửi,Báo mất / cấp lại sổ tiết kiệm,VPBank Financial,"14,537,722 VND",COUNTER,2026-06-01 09:15:00
CUST_0028,Bùi Hữu Bình,PRIME,I. Ngân hàng số & Hỗ trợ,Lấy số thứ tự và check-in tại quầy,VPBank Financial,"16,363,421 VND",APP,2026-05-01 07:01:00
CUST_0028,Bùi Hữu Bình,PRIME,C. Tiết kiệm & Tiền gửi,Tất toán sổ tiết kiệm đúng hạn,VPBank Financial,"286,728,739 VND",EBANK,2026-04-21 12:26:00
CUST_0028,Bùi Hữu Bình,PRIME,G. Tín dụng,Đăng ký hạn mức thấu chi tài khoản,VPBank Financial,"260,068,519 VND",COUNTER,2026-05-13 07:15:00
CUST_0028,Bùi Hữu Bình,PRIME,A. Tài khoản & Thông tin KH,Mở tài khoản số đẹp / số theo yêu cầu,VPBank Financial,"2,296,945 VND",APP,2026-07-26 09:54:00
CUST_0028,Bùi Hữu Bình,PRIME,J. Khách hàng doanh nghiệp,Đăng ký dịch vụ thu hộ qua mã VietQR / Virtual Account,VPBank Financial,"11,708,988 VND",APP,2026-03-15 08:24:00
CUST_0028,Bùi Hữu Bình,PRIME,B. Giao dịch tiền mặt,Nộp tiền mặt vào tài khoản của chính mình,VPBank Financial,"1,610,566 VND",ATM,2026-04-07 08:05:00
CUST_0028,Bùi Hữu Bình,PRIME,A. Tài khoản & Thông tin KH,Xác thực sinh trắc học khuôn mặt / vân tay (QĐ 2345),VPBank Financial,"9,234,941 VND",APP,2026-03-17 09:26:00
CUST_0028,Bùi Hữu Bình,PRIME,E. Chuyển tiền & Thanh toán,Tra soát lệnh chuyển tiền / yêu cầu hoàn tiền,VPBank Financial,"5,321,479 VND",APP,2026-05-17 14:25:00
CUST_0028,Bùi Hữu Bình,PRIME,A. Tài khoản & Thông tin KH,Xác thực sinh trắc học khuôn mặt / vân tay (QĐ 2345),VPBank Financial,"14,586,100 VND",COUNTER,2026-03-12 11:10:00
CUST_0028,Bùi Hữu Bình,PRIME,J. Khách hàng doanh nghiệp,Phát hành thư bảo lãnh ngân hàng,VPBank Financial,"12,071,994 VND",EBANK,2026-04-23 07:39:00
CUST_0028,Bùi Hữu Bình,PRIME,A. Tài khoản & Thông tin KH,Đóng tài khoản thanh toán,VPBank Financial,"12,205,637 VND",COUNTER,2026-05-27 15:50:00
CUST_0028,Bùi Hữu Bình,PRIME,E. Chuyển tiền & Thanh toán,"Thanh toán hóa đơn (điện, nước, viễn thông, học phí, bảo hiểm)",VPBank Financial,"5,910,196 VND",COUNTER,2026-04-12 07:32:00
CUST_0028,Bùi Hữu Bình,PRIME,D. Thẻ,Thanh toán sao kê thẻ tín dụng tại quầy,VPBank Financial,"7,617,751 VND",EBANK,2026-02-28 08:13:00
CUST_0028,Bùi Hữu Bình,PRIME,J. Khách hàng doanh nghiệp,"Mở L/C và thanh toán quốc tế (T/T, D/P, D/A)",VPBank Financial,"614,853 VND",COUNTER,2026-05-21 11:15:00
CUST_0030,Đỗ Hoàng Nga,MASS,B. Giao dịch tiền mặt,Rút tiền mặt từ tài khoản,VPBank Financial,"12,781,473 VND",ATM,2026-06-27 12:30:00
CUST_0030,Đỗ Hoàng Nga,MASS,C. Tiết kiệm & Tiền gửi,Gửi tiết kiệm có kỳ hạn VND tại quầy,VPBank Financial,"213,674,244 VND",ATM,2026-06-03 13:41:00
CUST_0030,Đỗ Hoàng Nga,MASS,C. Tiết kiệm & Tiền gửi,Tái tục sổ tiết kiệm / chuyển kỳ hạn,VPBank Financial,"185,744,011 VND",APP,2026-06-02 16:00:00
CUST_0030,Đỗ Hoàng Nga,MASS,A. Tài khoản & Thông tin KH,Mở tài khoản số đẹp / số theo yêu cầu,VPBank Financial,"18,450,188 VND",APP,2026-04-01 09:12:00
CUST_0030,Đỗ Hoàng Nga,MASS,A. Tài khoản & Thông tin KH,Xác thực sinh trắc học khuôn mặt / vân tay (QĐ 2345),VPBank Financial,"16,100,301 VND",COUNTER,2026-06-26 10:45:00
CUST_0030,Đỗ Hoàng Nga,MASS,F. Ngoại tệ,Bán ngoại tệ tiền mặt cho ngân hàng,VPBank Financial,"39,213,501 VND",APP,2026-07-28 11:16:00
CUST_0030,Đỗ Hoàng Nga,MASS,D. Thẻ,Phát hành thẻ ghi nợ nội địa (ATM/Napas),VPBank Financial,"6,649,005 VND",APP,2026-05-22 12:11:00
CUST_0030,Đỗ Hoàng Nga,MASS,F. Ngoại tệ,Chuyển đổi ngoại tệ giữa các tài khoản (không dùng tiền mặt),VPBank Financial,"8,026,392 VND",APP,2026-02-23 08:54:00
CUST_0030,Đỗ Hoàng Nga,MASS,J. Khách hàng doanh nghiệp,Đăng ký dịch vụ thu hộ qua mã VietQR / Virtual Account,VPBank Financial,"13,219,852 VND",ATM,2026-06-08 09:50:00
CUST_0030,Đỗ Hoàng Nga,MASS,D. Thẻ,Nhận thẻ và kích hoạt thẻ tại quầy,VPBank Financial,"2,312,934 VND",EBANK,2026-05-11 12:12:00
CUST_0030,Đỗ Hoàng Nga,MASS,E. Chuyển tiền & Thanh toán,Chuyển tiền trong hệ thống VPBank,VPBank Financial,"88,746,723 VND",APP,2026-06-07 11:07:00
CUST_0030,Đỗ Hoàng Nga,MASS,D. Thẻ,"Khóa / mở khóa thẻ, báo mất và phát hành lại",VPBank Financial,"1,492,346 VND",APP,2026-02-20 13:41:00
CUST_0030,Đỗ Hoàng Nga,MASS,A. Tài khoản & Thông tin KH,Mở tài khoản đồng sở hữu / ủy quyền sử dụng tài khoản,VPBank Financial,"4,426,995 VND",EBANK,2026-05-28 10:53:00
CUST_0030,Đỗ Hoàng Nga,MASS,D. Thẻ,Yêu cầu tăng / giảm hạn mức thẻ tín dụng,VPBank Financial,"3,699,853 VND",APP,2026-02-08 10:56:00
CUST_0030,Đỗ Hoàng Nga,MASS,E. Chuyển tiền & Thanh toán,"Thanh toán hóa đơn (điện, nước, viễn thông, học phí, bảo hiểm)",VPBank Financial,"5,812,703 VND",ATM,2026-07-29 10:21:00
CUST_0030,Đỗ Hoàng Nga,MASS,C. Tiết kiệm & Tiền gửi,Gửi tiết kiệm tích lũy / gửi góp định kỳ,VPBank Financial,"277,414,926 VND",COUNTER,2026-03-27 07:15:00
CUST_0030,Đỗ Hoàng Nga,MASS,D. Thẻ,Thanh toán sao kê thẻ tín dụng tại quầy,VPBank Financial,"14,074,595 VND",APP,2026-03-16 13:53:00
CUST_0030,Đỗ Hoàng Nga,MASS,C. Tiết kiệm & Tiền gửi,Xác nhận số dư sổ tiết kiệm (chứng minh tài chính),VPBank Financial,"119,815,652 VND",APP,2026-07-13 12:14:00
CUST_0030,Đỗ Hoàng Nga,MASS,A. Tài khoản & Thông tin KH,"Cập nhật thông tin CIF (CCCD, địa chỉ, SĐT, email, nghề nghiệp)",VPBank Financial,"19,263,173 VND",APP,2026-04-05 10:29:00
CUST_0030,Đỗ Hoàng Nga,MASS,B. Giao dịch tiền mặt,Đổi mệnh giá tiền / đổi tiền không đủ tiêu chuẩn lưu thông,VPBank Financial,"6,866,989 VND",APP,2026-06-06 13:39:00
CUST_0030,Đỗ Hoàng Nga,MASS,C. Tiết kiệm & Tiền gửi,Gửi tiết kiệm có kỳ hạn VND tại quầy,VPBank Financial,"179,685,474 VND",APP,2026-05-23 15:48:00
CUST_0030,Đỗ Hoàng Nga,MASS,D. Thẻ,Phát hành thẻ ghi nợ quốc tế (Visa/Mastercard Debit),VPBank Financial,"14,021,892 VND",COUNTER,2026-02-03 09:19:00
CUST_0065,Nguyễn Thanh Trang,MASS,A. Tài khoản & Thông tin KH,Mở tài khoản thanh toán VND,VPBank Financial,"11,679,898 VND",COUNTER,2026-04-06 12:16:00
CUST_0065,Nguyễn Thanh Trang,MASS,J. Khách hàng doanh nghiệp,Nộp thuế điện tử doanh nghiệp,VPBank Financial,"10,436,724 VND",APP,2026-02-03 13:18:00
CUST_0065,Nguyễn Thanh Trang,MASS,A. Tài khoản & Thông tin KH,Mở tài khoản số đẹp / số theo yêu cầu,VPBank Financial,"19,450,148 VND",COUNTER,2026-06-11 10:45:00
CUST_0065,Nguyễn Thanh Trang,MASS,G. Tín dụng,Xin xác nhận dư nợ / lịch sử trả nợ / xóa nợ xấu,VPBank Financial,"170,753,553 VND",COUNTER,2026-02-24 12:28:00
CUST_0065,Nguyễn Thanh Trang,MASS,I. Ngân hàng số & Hỗ trợ,Đăng ký / kích hoạt VPBank NEO (Internet & Mobile Banking),VPBank Financial,"3,477,708 VND",APP,2026-07-12 08:27:00
CUST_0065,Nguyễn Thanh Trang,MASS,I. Ngân hàng số & Hỗ trợ,Đăng ký dịch vụ trả lương qua tài khoản,VPBank Financial,"17,821,324 VND",APP,2026-05-14 14:13:00
CUST_0065,Nguyễn Thanh Trang,MASS,A. Tài khoản & Thông tin KH,Xin sao kê tài khoản / xác nhận số dư,VPBank Financial,"2,561,153 VND",EBANK,2026-03-08 14:12:00
CUST_0065,Nguyễn Thanh Trang,MASS,J. Khách hàng doanh nghiệp,Đăng ký eBanking doanh nghiệp và phân quyền người dùng,VPBank Financial,"6,062,673 VND",APP,2026-03-09 14:11:00
CUST_0065,Nguyễn Thanh Trang,MASS,C. Tiết kiệm & Tiền gửi,Gửi tiết kiệm tích lũy / gửi góp định kỳ,VPBank Financial,"157,365,619 VND",COUNTER,2026-07-16 12:46:00
CUST_0065,Nguyễn Thanh Trang,MASS,C. Tiết kiệm & Tiền gửi,Chuyển nhượng / thừa kế sổ tiết kiệm,VPBank Financial,"97,674,753 VND",ATM,2026-02-24 08:26:00
CUST_0065,Nguyễn Thanh Trang,MASS,F. Ngoại tệ,"Mua ngoại tệ tiền mặt (du lịch, du học, công tác, chữa bệnh)",VPBank Financial,"43,464,844 VND",COUNTER,2026-07-12 09:55:00
CUST_0065,Nguyễn Thanh Trang,MASS,F. Ngoại tệ,Bán ngoại tệ tiền mặt cho ngân hàng,VPBank Financial,"43,486,977 VND",ATM,2026-06-04 14:09:00
CUST_0065,Nguyễn Thanh Trang,MASS,H. Bảo hiểm & Đầu tư,Mua chứng chỉ quỹ / trái phiếu do ngân hàng phân phối,VPBank Financial,"14,837,450 VND",APP,2026-03-14 15:57:00
CUST_0065,Nguyễn Thanh Trang,MASS,A. Tài khoản & Thông tin KH,Mở tài khoản số đẹp / số theo yêu cầu,VPBank Financial,"7,698,075 VND",APP,2026-07-10 08:05:00
CUST_0065,Nguyễn Thanh Trang,MASS,B. Giao dịch tiền mặt,Nộp tiền mặt vào tài khoản người khác,VPBank Financial,"6,547,629 VND",COUNTER,2026-06-07 08:40:00
CUST_0065,Nguyễn Thanh Trang,MASS,A. Tài khoản & Thông tin KH,Mở tài khoản đồng sở hữu / ủy quyền sử dụng tài khoản,VPBank Financial,"5,287,581 VND",APP,2026-03-13 12:24:00
CUST_0065,Nguyễn Thanh Trang,MASS,G. Tín dụng,Tư vấn và nộp hồ sơ vay mua ô tô,VPBank Financial,"222,674,482 VND",APP,2026-07-28 12:53:00
CUST_0065,Nguyễn Thanh Trang,MASS,E. Chuyển tiền & Thanh toán,Nộp thuế / phí lệ phí nhà nước,VPBank Financial,"18,781,017 VND",ATM,2026-05-10 10:19:00
CUST_0078,Huỳnh Kim Cường,MASS,D. Thẻ,Nhận thẻ và kích hoạt thẻ tại quầy,VPBank Financial,"15,534,815 VND",COUNTER,2026-06-13 07:44:00
CUST_0078,Huỳnh Kim Cường,MASS,C. Tiết kiệm & Tiền gửi,Gửi tiết kiệm tích lũy / gửi góp định kỳ,VPBank Financial,"190,538,627 VND",COUNTER,2026-06-14 15:08:00
CUST_0078,Huỳnh Kim Cường,MASS,G. Tín dụng,Tất toán khoản vay trước hạn / giải chấp tài sản,VPBank Financial,"123,169,179 VND",APP,2026-03-22 14:17:00
CUST_0078,Huỳnh Kim Cường,MASS,D. Thẻ,"Khóa / mở khóa thẻ, báo mất và phát hành lại",VPBank Financial,"15,147,664 VND",EBANK,2026-03-09 09:15:00
CUST_0078,Huỳnh Kim Cường,MASS,B. Giao dịch tiền mặt,Đổi mệnh giá tiền / đổi tiền không đủ tiêu chuẩn lưu thông,VPBank Financial,"814,926 VND",APP,2026-04-19 12:22:00
CUST_0078,Huỳnh Kim Cường,MASS,A. Tài khoản & Thông tin KH,Đóng tài khoản thanh toán,VPBank Financial,"10,538,105 VND",APP,2026-03-13 12:26:00
CUST_0078,Huỳnh Kim Cường,MASS,E. Chuyển tiền & Thanh toán,Nộp thuế / phí lệ phí nhà nước,VPBank Financial,"86,617,384 VND",COUNTER,2026-04-04 15:08:00
CUST_0078,Huỳnh Kim Cường,MASS,H. Bảo hiểm & Đầu tư,"Mua bảo hiểm phi nhân thọ (sức khỏe, ô tô, nhà, du lịch)",VPBank Financial,"12,964,511 VND",COUNTER,2026-04-18 12:25:00
CUST_0078,Huỳnh Kim Cường,MASS,E. Chuyển tiền & Thanh toán,Đăng ký ủy nhiệm chi / chuyển tiền định kỳ tự động,VPBank Financial,"42,306,416 VND",APP,2026-02-09 15:01:00
CUST_0078,Huỳnh Kim Cường,MASS,E. Chuyển tiền & Thanh toán,"Thanh toán hóa đơn (điện, nước, viễn thông, học phí, bảo hiểm)",VPBank Financial,"5,412,686 VND",APP,2026-05-11 13:17:00
CUST_0078,Huỳnh Kim Cường,MASS,E. Chuyển tiền & Thanh toán,Nộp thuế / phí lệ phí nhà nước,VPBank Financial,"64,149,473 VND",APP,2026-03-01 07:58:00
CUST_0078,Huỳnh Kim Cường,MASS,E. Chuyển tiền & Thanh toán,"Chuyển tiền quốc tế đi (du học, chữa bệnh, trợ cấp thân nhân, công tác)",VPBank Financial,"39,794,036 VND",APP,2026-03-16 07:33:00
CUST_0078,Huỳnh Kim Cường,MASS,D. Thẻ,Thanh toán sao kê thẻ tín dụng tại quầy,VPBank Financial,"2,497,858 VND",COUNTER,2026-04-23 14:21:00
CUST_0078,Huỳnh Kim Cường,MASS,H. Bảo hiểm & Đầu tư,Hỗ trợ hồ sơ yêu cầu bồi thường bảo hiểm,VPBank Financial,"9,729,945 VND",APP,2026-07-03 10:02:00
CUST_0078,Huỳnh Kim Cường,MASS,H. Bảo hiểm & Đầu tư,Hỗ trợ hồ sơ yêu cầu bồi thường bảo hiểm,VPBank Financial,"7,713,019 VND",ATM,2026-03-29 08:12:00
CUST_0078,Huỳnh Kim Cường,MASS,H. Bảo hiểm & Đầu tư,Mở tài khoản chứng khoán / đăng ký dịch vụ đầu tư,VPBank Financial,"6,945,392 VND",COUNTER,2026-02-23 10:12:00
CUST_0078,Huỳnh Kim Cường,MASS,B. Giao dịch tiền mặt,Rút tiền mặt từ tài khoản,VPBank Financial,"17,320,620 VND",EBANK,2026-04-09 12:02:00
CUST_0078,Huỳnh Kim Cường,MASS,B. Giao dịch tiền mặt,Nộp tiền mặt vào tài khoản người khác,VPBank Financial,"1,694,463 VND",COUNTER,2026-03-30 15:29:00
CUST_0078,Huỳnh Kim Cường,MASS,C. Tiết kiệm & Tiền gửi,Chuyển nhượng / thừa kế sổ tiết kiệm,VPBank Financial,"236,993,356 VND",APP,2026-05-18 07:33:00
CUST_0078,Huỳnh Kim Cường,MASS,A. Tài khoản & Thông tin KH,Mở tài khoản số đẹp / số theo yêu cầu,VPBank Financial,"10,336,331 VND",APP,2026-02-21 09:57:00
CUST_0078,Huỳnh Kim Cường,MASS,F. Ngoại tệ,Chuyển đổi ngoại tệ giữa các tài khoản (không dùng tiền mặt),VPBank Financial,"27,532,524 VND",APP,2026-04-30 07:48:00
CUST_0078,Huỳnh Kim Cường,MASS,D. Thẻ,"Khóa / mở khóa thẻ, báo mất và phát hành lại",VPBank Financial,"9,864,053 VND",COUNTER,2026-06-22 07:15:00
CUST_0078,Huỳnh Kim Cường,MASS,E. Chuyển tiền & Thanh toán,Đăng ký ủy nhiệm chi / chuyển tiền định kỳ tự động,VPBank Financial,"63,742,330 VND",COUNTER,2026-02-22 13:57:00
CUST_0078,Huỳnh Kim Cường,MASS,H. Bảo hiểm & Đầu tư,Tư vấn và mua bảo hiểm nhân thọ (Bancassurance),VPBank Financial,"17,398,820 VND",ATM,2026-04-13 12:43:00
CUST_0078,Huỳnh Kim Cường,MASS,J. Khách hàng doanh nghiệp,Chi lương hàng loạt cho nhân viên,VPBank Financial,"12,864,970 VND",COUNTER,2026-02-21 13:27:00
CUST_0078,Huỳnh Kim Cường,MASS,E. Chuyển tiền & Thanh toán,Chuyển tiền liên ngân hàng (Napas 24/7 / Citad),VPBank Financial,"90,988,504 VND",APP,2026-07-26 14:39:00
CUST_0078,Huỳnh Kim Cường,MASS,D. Thẻ,Thanh toán sao kê thẻ tín dụng tại quầy,VPBank Financial,"10,730,533 VND",APP,2026-07-02 14:16:00
CUST_0078,Huỳnh Kim Cường,MASS,E. Chuyển tiền & Thanh toán,Đăng ký ủy nhiệm chi / chuyển tiền định kỳ tự động,VPBank Financial,"98,033,500 VND",APP,2026-06-27 10:41:00
CUST_0078,Huỳnh Kim Cường,MASS,J. Khách hàng doanh nghiệp,"Mở L/C và thanh toán quốc tế (T/T, D/P, D/A)",VPBank Financial,"4,066,408 VND",COUNTER,2026-04-04 07:08:00
CUST_0103,Trần Hoàng Em,PRIME,E. Chuyển tiền & Thanh toán,Nhận tiền chuyển đến từ nước ngoài / chi trả kiều hối,VPBank Financial,"67,920,202 VND",APP,2026-07-19 07:04:00
CUST_0103,Trần Hoàng Em,PRIME,C. Tiết kiệm & Tiền gửi,Gửi tiết kiệm ngoại tệ (USD/EUR),VPBank Financial,"261,193,276 VND",APP,2026-02-16 10:08:00
CUST_0103,Trần Hoàng Em,PRIME,F. Ngoại tệ,Bán ngoại tệ tiền mặt cho ngân hàng,VPBank Financial,"34,995,623 VND",APP,2026-03-06 08:34:00
CUST_0103,Trần Hoàng Em,PRIME,C. Tiết kiệm & Tiền gửi,Gửi tiết kiệm ngoại tệ (USD/EUR),VPBank Financial,"18,352,342 VND",APP,2026-05-08 12:21:00
CUST_0103,Trần Hoàng Em,PRIME,J. Khách hàng doanh nghiệp,Đăng ký eBanking doanh nghiệp và phân quyền người dùng,VPBank Financial,"17,032,628 VND",COUNTER,2026-06-16 10:38:00
CUST_0103,Trần Hoàng Em,PRIME,C. Tiết kiệm & Tiền gửi,Gửi tiết kiệm ngoại tệ (USD/EUR),VPBank Financial,"107,540,261 VND",APP,2026-07-26 12:26:00
CUST_0103,Trần Hoàng Em,PRIME,E. Chuyển tiền & Thanh toán,Chuyển tiền liên ngân hàng (Napas 24/7 / Citad),VPBank Financial,"79,725,430 VND",COUNTER,2026-03-29 15:35:00
CUST_0103,Trần Hoàng Em,PRIME,I. Ngân hàng số & Hỗ trợ,Đăng ký / kích hoạt VPBank NEO (Internet & Mobile Banking),VPBank Financial,"8,089,879 VND",COUNTER,2026-07-22 10:41:00
CUST_0103,Trần Hoàng Em,PRIME,G. Tín dụng,Tư vấn và nộp hồ sơ vay tiêu dùng tín chấp,VPBank Financial,"110,325,360 VND",COUNTER,2026-05-26 13:25:00
CUST_0103,Trần Hoàng Em,PRIME,I. Ngân hàng số & Hỗ trợ,Đăng ký / kích hoạt VPBank NEO (Internet & Mobile Banking),VPBank Financial,"16,313,817 VND",APP,2026-02-13 11:46:00
CUST_0103,Trần Hoàng Em,PRIME,D. Thẻ,Phát hành thẻ ghi nợ quốc tế (Visa/Mastercard Debit),VPBank Financial,"1,190,441 VND",COUNTER,2026-07-27 10:08:00
CUST_0103,Trần Hoàng Em,PRIME,H. Bảo hiểm & Đầu tư,Mua chứng chỉ quỹ / trái phiếu do ngân hàng phân phối,VPBank Financial,"12,966,913 VND",APP,2026-06-16 11:12:00
CUST_0103,Trần Hoàng Em,PRIME,D. Thẻ,Phát hành thẻ ghi nợ nội địa (ATM/Napas),VPBank Financial,"470,466 VND",COUNTER,2026-07-24 07:33:00
CUST_0103,Trần Hoàng Em,PRIME,C. Tiết kiệm & Tiền gửi,Gửi tiết kiệm có kỳ hạn VND tại quầy,VPBank Financial,"49,055,697 VND",ATM,2026-02-03 07:32:00
CUST_0103,Trần Hoàng Em,PRIME,D. Thẻ,"Khóa / mở khóa thẻ, báo mất và phát hành lại",VPBank Financial,"12,383,455 VND",EBANK,2026-07-03 12:48:00
CUST_0103,Trần Hoàng Em,PRIME,D. Thẻ,Đăng ký trả góp 0% qua thẻ tín dụng,VPBank Financial,"7,253,384 VND",COUNTER,2026-03-19 10:34:00
CUST_0103,Trần Hoàng Em,PRIME,F. Ngoại tệ,Chuyển đổi ngoại tệ giữa các tài khoản (không dùng tiền mặt),VPBank Financial,"31,302,699 VND",COUNTER,2026-07-08 11:56:00
CUST_0103,Trần Hoàng Em,PRIME,I. Ngân hàng số & Hỗ trợ,Lấy số thứ tự và check-in tại quầy,VPBank Financial,"13,903,087 VND",ATM,2026-05-23 13:28:00
CUST_0103,Trần Hoàng Em,PRIME,B. Giao dịch tiền mặt,Đổi mệnh giá tiền / đổi tiền không đủ tiêu chuẩn lưu thông,VPBank Financial,"6,972,184 VND",COUNTER,2026-04-13 14:27:00
CUST_0103,Trần Hoàng Em,PRIME,D. Thẻ,Đăng ký trả góp 0% qua thẻ tín dụng,VPBank Financial,"7,982,168 VND",APP,2026-06-15 14:39:00
CUST_0103,Trần Hoàng Em,PRIME,A. Tài khoản & Thông tin KH,Mở tài khoản đồng sở hữu / ủy quyền sử dụng tài khoản,VPBank Financial,"3,786,019 VND",COUNTER,2026-06-29 13:04:00
CUST_0103,Trần Hoàng Em,PRIME,I. Ngân hàng số & Hỗ trợ,Reset mật khẩu / cấp lại eToken / đổi thiết bị đăng nhập,VPBank Financial,"18,577,884 VND",APP,2026-04-23 14:43:00
CUST_0103,Trần Hoàng Em,PRIME,G. Tín dụng,Tư vấn và nộp hồ sơ vay mua ô tô,VPBank Financial,"129,316,509 VND",EBANK,2026-05-26 07:32:00
CUST_0103,Trần Hoàng Em,PRIME,A. Tài khoản & Thông tin KH,Phong tỏa / giải tỏa tài khoản,VPBank Financial,"16,461,577 VND",APP,2026-06-11 07:57:00
CUST_0103,Trần Hoàng Em,PRIME,G. Tín dụng,Tư vấn và nộp hồ sơ vay mua/sửa nhà (thế chấp bất động sản),VPBank Financial,"204,949,946 VND",EBANK,2026-04-27 07:58:00
CUST_0103,Trần Hoàng Em,PRIME,F. Ngoại tệ,"Mua ngoại tệ tiền mặt (du lịch, du học, công tác, chữa bệnh)",VPBank Financial,"32,776,111 VND",COUNTER,2026-07-23 08:47:00
CUST_0103,Trần Hoàng Em,PRIME,D. Thẻ,Nộp hồ sơ mở thẻ tín dụng,VPBank Financial,"1,370,960 VND",EBANK,2026-05-08 13:08:00
CUST_0103,Trần Hoàng Em,PRIME,A. Tài khoản & Thông tin KH,"Cập nhật thông tin CIF (CCCD, địa chỉ, SĐT, email, nghề nghiệp)",VPBank Financial,"7,995,140 VND",COUNTER,2026-02-10 07:32:00
CUST_0103,Trần Hoàng Em,PRIME,I. Ngân hàng số & Hỗ trợ,Đăng ký / kích hoạt VPBank NEO (Internet & Mobile Banking),VPBank Financial,"6,242,838 VND",APP,2026-02-14 08:58:00
CUST_0072,Võ Thanh Phong,MASS,G. Tín dụng,Đăng ký hạn mức thấu chi tài khoản,VPBank Financial,"159,047,080 VND",APP,2026-06-27 14:56:00
CUST_0072,Võ Thanh Phong,MASS,A. Tài khoản & Thông tin KH,"Cập nhật thông tin CIF (CCCD, địa chỉ, SĐT, email, nghề nghiệp)",VPBank Financial,"12,034,110 VND",ATM,2026-07-17 15:45:00
CUST_0072,Võ Thanh Phong,MASS,J. Khách hàng doanh nghiệp,Chi lương hàng loạt cho nhân viên,VPBank Financial,"5,156,737 VND",ATM,2026-07-15 09:32:00
CUST_0072,Võ Thanh Phong,MASS,H. Bảo hiểm & Đầu tư,Mua chứng chỉ quỹ / trái phiếu do ngân hàng phân phối,VPBank Financial,"10,915,835 VND",ATM,2026-04-26 10:17:00
CUST_0072,Võ Thanh Phong,MASS,C. Tiết kiệm & Tiền gửi,Rút trước hạn sổ tiết kiệm (một phần / toàn bộ),VPBank Financial,"16,544,889 VND",COUNTER,2026-07-16 11:16:00
CUST_0072,Võ Thanh Phong,MASS,J. Khách hàng doanh nghiệp,Ủy nhiệm chi / chuyển tiền doanh nghiệp,VPBank Financial,"5,063,505 VND",COUNTER,2026-05-23 14:10:00
CUST_0072,Võ Thanh Phong,MASS,D. Thẻ,Yêu cầu tăng / giảm hạn mức thẻ tín dụng,VPBank Financial,"13,690,001 VND",APP,2026-06-05 11:02:00
CUST_0072,Võ Thanh Phong,MASS,D. Thẻ,Đăng ký trả góp 0% qua thẻ tín dụng,VPBank Financial,"5,214,258 VND",EBANK,2026-07-09 10:08:00
CUST_0072,Võ Thanh Phong,MASS,C. Tiết kiệm & Tiền gửi,Gửi tiết kiệm có kỳ hạn VND tại quầy,VPBank Financial,"132,767,568 VND",EBANK,2026-05-20 10:12:00
CUST_0072,Võ Thanh Phong,MASS,E. Chuyển tiền & Thanh toán,Chuyển tiền trong hệ thống VPBank,VPBank Financial,"14,031,187 VND",APP,2026-05-19 09:25:00
CUST_0072,Võ Thanh Phong,MASS,J. Khách hàng doanh nghiệp,Phát hành thư bảo lãnh ngân hàng,VPBank Financial,"18,258,876 VND",COUNTER,2026-05-25 13:38:00
CUST_0072,Võ Thanh Phong,MASS,H. Bảo hiểm & Đầu tư,Mua chứng chỉ quỹ / trái phiếu do ngân hàng phân phối,VPBank Financial,"12,339,815 VND",APP,2026-03-05 13:41:00
CUST_0072,Võ Thanh Phong,MASS,E. Chuyển tiền & Thanh toán,Nộp thuế / phí lệ phí nhà nước,VPBank Financial,"6,846,340 VND",COUNTER,2026-02-08 09:55:00
CUST_0072,Võ Thanh Phong,MASS,F. Ngoại tệ,Bán ngoại tệ tiền mặt cho ngân hàng,VPBank Financial,"86,987,560 VND",APP,2026-03-07 08:19:00
CUST_0072,Võ Thanh Phong,MASS,J. Khách hàng doanh nghiệp,Chi lương hàng loạt cho nhân viên,VPBank Financial,"8,880,694 VND",COUNTER,2026-02-20 08:15:00
CUST_0072,Võ Thanh Phong,MASS,G. Tín dụng,Xin xác nhận dư nợ / lịch sử trả nợ / xóa nợ xấu,VPBank Financial,"169,105,134 VND",APP,2026-07-05 09:44:00
CUST_0072,Võ Thanh Phong,MASS,D. Thẻ,Đăng ký trả góp 0% qua thẻ tín dụng,VPBank Financial,"13,610,967 VND",APP,2026-04-07 13:57:00
CUST_0072,Võ Thanh Phong,MASS,I. Ngân hàng số & Hỗ trợ,Reset mật khẩu / cấp lại eToken / đổi thiết bị đăng nhập,VPBank Financial,"2,462,063 VND",COUNTER,2026-03-23 13:02:00
CUST_0072,Võ Thanh Phong,MASS,A. Tài khoản & Thông tin KH,Mở tài khoản số đẹp / số theo yêu cầu,VPBank Financial,"6,304,804 VND",APP,2026-06-04 12:17:00
CUST_0072,Võ Thanh Phong,MASS,J. Khách hàng doanh nghiệp,Mở tài khoản thanh toán doanh nghiệp,VPBank Financial,"17,187,027 VND",APP,2026-03-03 14:01:00
CUST_0072,Võ Thanh Phong,MASS,A. Tài khoản & Thông tin KH,Đóng tài khoản thanh toán,VPBank Financial,"11,725,499 VND",ATM,2026-07-20 11:17:00
CUST_0072,Võ Thanh Phong,MASS,G. Tín dụng,Đăng ký hạn mức thấu chi tài khoản,VPBank Financial,"58,192,862 VND",COUNTER,2026-06-23 11:14:00
CUST_0026,Huỳnh Kim Sơn,PRIME,B. Giao dịch tiền mặt,Đổi mệnh giá tiền / đổi tiền không đủ tiêu chuẩn lưu thông,VPBank Financial,"18,137,051 VND",COUNTER,2026-06-16 08:02:00
CUST_0026,Huỳnh Kim Sơn,PRIME,D. Thẻ,Nhận thẻ và kích hoạt thẻ tại quầy,VPBank Financial,"8,442,442 VND",APP,2026-04-13 13:30:00
CUST_0026,Huỳnh Kim Sơn,PRIME,A. Tài khoản & Thông tin KH,Mở tài khoản thanh toán ngoại tệ (USD/EUR),VPBank Financial,"17,339,772 VND",COUNTER,2026-07-09 09:02:00
CUST_0026,Huỳnh Kim Sơn,PRIME,G. Tín dụng,Đăng ký hạn mức thấu chi tài khoản,VPBank Financial,"48,290,201 VND",APP,2026-05-20 11:05:00
CUST_0026,Huỳnh Kim Sơn,PRIME,A. Tài khoản & Thông tin KH,Mở tài khoản số đẹp / số theo yêu cầu,VPBank Financial,"9,378,247 VND",APP,2026-05-20 12:30:00
CUST_0026,Huỳnh Kim Sơn,PRIME,C. Tiết kiệm & Tiền gửi,Tất toán sổ tiết kiệm đúng hạn,VPBank Financial,"218,671,940 VND",COUNTER,2026-07-23 12:19:00
CUST_0026,Huỳnh Kim Sơn,PRIME,A. Tài khoản & Thông tin KH,Đăng ký / thay đổi chữ ký mẫu,VPBank Financial,"5,511,987 VND",ATM,2026-03-10 12:49:00
CUST_0026,Huỳnh Kim Sơn,PRIME,J. Khách hàng doanh nghiệp,Mở tài khoản thanh toán doanh nghiệp,VPBank Financial,"17,361,927 VND",APP,2026-04-26 12:31:00
CUST_0026,Huỳnh Kim Sơn,PRIME,I. Ngân hàng số & Hỗ trợ,Đăng ký / kích hoạt VPBank NEO (Internet & Mobile Banking),VPBank Financial,"2,978,391 VND",COUNTER,2026-03-31 13:07:00
CUST_0026,Huỳnh Kim Sơn,PRIME,A. Tài khoản & Thông tin KH,Mở tài khoản số đẹp / số theo yêu cầu,VPBank Financial,"3,039,728 VND",EBANK,2026-07-09 14:25:00
CUST_0026,Huỳnh Kim Sơn,PRIME,E. Chuyển tiền & Thanh toán,Chuyển tiền trong hệ thống VPBank,VPBank Financial,"92,143,799 VND",APP,2026-04-26 15:08:00
CUST_0026,Huỳnh Kim Sơn,PRIME,D. Thẻ,Phát hành thẻ ghi nợ quốc tế (Visa/Mastercard Debit),VPBank Financial,"12,219,167 VND",COUNTER,2026-02-15 15:21:00
CUST_0026,Huỳnh Kim Sơn,PRIME,E. Chuyển tiền & Thanh toán,Chuyển tiền trong hệ thống VPBank,VPBank Financial,"52,596,954 VND",APP,2026-02-28 11:10:00
CUST_0026,Huỳnh Kim Sơn,PRIME,I. Ngân hàng số & Hỗ trợ,Reset mật khẩu / cấp lại eToken / đổi thiết bị đăng nhập,VPBank Financial,"698,052 VND",APP,2026-06-01 11:31:00
CUST_0026,Huỳnh Kim Sơn,PRIME,C. Tiết kiệm & Tiền gửi,Gửi tiết kiệm ngoại tệ (USD/EUR),VPBank Financial,"57,198,337 VND",APP,2026-06-16 10:30:00
CUST_0026,Huỳnh Kim Sơn,PRIME,J. Khách hàng doanh nghiệp,Mở tài khoản thanh toán doanh nghiệp,VPBank Financial,"17,861,004 VND",COUNTER,2026-02-06 07:10:00
CUST_0026,Huỳnh Kim Sơn,PRIME,J. Khách hàng doanh nghiệp,Ủy nhiệm chi / chuyển tiền doanh nghiệp,VPBank Financial,"18,419,631 VND",COUNTER,2026-06-25 08:56:00
CUST_0026,Huỳnh Kim Sơn,PRIME,H. Bảo hiểm & Đầu tư,Đóng phí bảo hiểm định kỳ tại quầy,VPBank Financial,"18,672,530 VND",ATM,2026-07-07 14:54:00
CUST_0026,Huỳnh Kim Sơn,PRIME,E. Chuyển tiền & Thanh toán,Chuyển tiền trong hệ thống VPBank,VPBank Financial,"38,287,272 VND",APP,2026-03-03 15:14:00
CUST_0026,Huỳnh Kim Sơn,PRIME,B. Giao dịch tiền mặt,Rút tiền mặt số lượng lớn (đăng ký trước),VPBank Financial,"14,886,838 VND",ATM,2026-07-10 08:00:00
CUST_0026,Huỳnh Kim Sơn,PRIME,A. Tài khoản & Thông tin KH,Xin sao kê tài khoản / xác nhận số dư,VPBank Financial,"3,206,500 VND",COUNTER,2026-04-24 10:18:00
CUST_0026,Huỳnh Kim Sơn,PRIME,C. Tiết kiệm & Tiền gửi,Chuyển nhượng / thừa kế sổ tiết kiệm,VPBank Financial,"217,291,596 VND",APP,2026-02-27 09:59:00
CUST_0026,Huỳnh Kim Sơn,PRIME,D. Thẻ,Đăng ký trả góp 0% qua thẻ tín dụng,VPBank Financial,"10,071,441 VND",COUNTER,2026-07-14 14:23:00
CUST_0092,Phạm Đức Việt,PRIME,J. Khách hàng doanh nghiệp,Mở tài khoản thanh toán doanh nghiệp,VPBank Financial,"14,830,823 VND",COUNTER,2026-02-05 11:39:00
CUST_0092,Phạm Đức Việt,PRIME,D. Thẻ,Nhận thẻ và kích hoạt thẻ tại quầy,VPBank Financial,"10,155,112 VND",COUNTER,2026-03-01 16:00:00
CUST_0092,Phạm Đức Việt,PRIME,C. Tiết kiệm & Tiền gửi,Cầm cố sổ tiết kiệm để vay vốn,VPBank Financial,"237,441,146 VND",APP,2026-04-14 08:17:00
CUST_0092,Phạm Đức Việt,PRIME,I. Ngân hàng số & Hỗ trợ,Đăng ký / kích hoạt VPBank NEO (Internet & Mobile Banking),VPBank Financial,"14,908,059 VND",APP,2026-07-17 13:34:00
CUST_0092,Phạm Đức Việt,PRIME,C. Tiết kiệm & Tiền gửi,Xác nhận số dư sổ tiết kiệm (chứng minh tài chính),VPBank Financial,"36,156,753 VND",APP,2026-02-10 07:17:00
CUST_0092,Phạm Đức Việt,PRIME,E. Chuyển tiền & Thanh toán,Chuyển tiền liên ngân hàng (Napas 24/7 / Citad),VPBank Financial,"34,758,820 VND",APP,2026-04-11 07:25:00
CUST_0092,Phạm Đức Việt,PRIME,D. Thẻ,Tra soát / khiếu nại giao dịch thẻ,VPBank Financial,"809,349 VND",APP,2026-07-09 14:10:00
CUST_0092,Phạm Đức Việt,PRIME,C. Tiết kiệm & Tiền gửi,Xác nhận số dư sổ tiết kiệm (chứng minh tài chính),VPBank Financial,"36,414,480 VND",COUNTER,2026-07-17 11:46:00
CUST_0092,Phạm Đức Việt,PRIME,B. Giao dịch tiền mặt,Rút tiền mặt từ tài khoản,VPBank Financial,"14,218,624 VND",ATM,2026-06-13 13:32:00
CUST_0092,Phạm Đức Việt,PRIME,J. Khách hàng doanh nghiệp,Nộp thuế điện tử doanh nghiệp,VPBank Financial,"18,230,128 VND",COUNTER,2026-05-23 08:36:00
CUST_0092,Phạm Đức Việt,PRIME,G. Tín dụng,Trả nợ gốc / lãi khoản vay tại quầy,VPBank Financial,"194,019,541 VND",APP,2026-07-29 13:29:00
CUST_0092,Phạm Đức Việt,PRIME,H. Bảo hiểm & Đầu tư,Đóng phí bảo hiểm định kỳ tại quầy,VPBank Financial,"15,162,499 VND",COUNTER,2026-06-15 07:36:00
CUST_0092,Phạm Đức Việt,PRIME,E. Chuyển tiền & Thanh toán,Nộp thuế / phí lệ phí nhà nước,VPBank Financial,"52,704,103 VND",ATM,2026-02-13 11:56:00
CUST_0092,Phạm Đức Việt,PRIME,C. Tiết kiệm & Tiền gửi,Báo mất / cấp lại sổ tiết kiệm,VPBank Financial,"178,532,895 VND",ATM,2026-03-15 12:36:00
CUST_0092,Phạm Đức Việt,PRIME,G. Tín dụng,Trả nợ gốc / lãi khoản vay tại quầy,VPBank Financial,"274,654,731 VND",APP,2026-02-15 13:13:00
CUST_0092,Phạm Đức Việt,PRIME,E. Chuyển tiền & Thanh toán,Đăng ký ủy nhiệm chi / chuyển tiền định kỳ tự động,VPBank Financial,"80,604,103 VND",COUNTER,2026-06-17 13:39:00
CUST_0092,Phạm Đức Việt,PRIME,E. Chuyển tiền & Thanh toán,"Chuyển tiền quốc tế đi (du học, chữa bệnh, trợ cấp thân nhân, công tác)",VPBank Financial,"63,371,197 VND",APP,2026-04-03 15:50:00
CUST_0092,Phạm Đức Việt,PRIME,I. Ngân hàng số & Hỗ trợ,Lấy số thứ tự và check-in tại quầy,VPBank Financial,"9,375,390 VND",ATM,2026-02-15 15:50:00
CUST_0092,Phạm Đức Việt,PRIME,B. Giao dịch tiền mặt,Nộp tiền mặt vào tài khoản của chính mình,VPBank Financial,"4,636,835 VND",APP,2026-04-03 14:41:00
CUST_0092,Phạm Đức Việt,PRIME,A. Tài khoản & Thông tin KH,Xác thực sinh trắc học khuôn mặt / vân tay (QĐ 2345),VPBank Financial,"17,903,057 VND",COUNTER,2026-07-17 07:25:00
CUST_0092,Phạm Đức Việt,PRIME,E. Chuyển tiền & Thanh toán,Nộp thuế / phí lệ phí nhà nước,VPBank Financial,"44,702,610 VND",COUNTER,2026-02-03 10:56:00
CUST_0092,Phạm Đức Việt,PRIME,C. Tiết kiệm & Tiền gửi,Gửi tiết kiệm có kỳ hạn VND tại quầy,VPBank Financial,"134,337,715 VND",APP,2026-03-30 11:46:00
CUST_0092,Phạm Đức Việt,PRIME,G. Tín dụng,Tư vấn và nộp hồ sơ vay mua/sửa nhà (thế chấp bất động sản),VPBank Financial,"138,169,953 VND",COUNTER,2026-06-21 12:54:00
CUST_0092,Phạm Đức Việt,PRIME,E. Chuyển tiền & Thanh toán,Nhận tiền chuyển đến từ nước ngoài / chi trả kiều hối,VPBank Financial,"8,004,608 VND",APP,2026-04-23 09:04:00
CUST_0092,Phạm Đức Việt,PRIME,J. Khách hàng doanh nghiệp,Nộp / rút tiền mặt tài khoản doanh nghiệp,VPBank Financial,"12,350,812 VND",COUNTER,2026-02-12 15:33:00
CUST_0092,Phạm Đức Việt,PRIME,C. Tiết kiệm & Tiền gửi,Xác nhận số dư sổ tiết kiệm (chứng minh tài chính),VPBank Financial,"275,774,939 VND",ATM,2026-04-30 13:06:00
CUST_0084,Hoàng Đức Cường,MASS,I. Ngân hàng số & Hỗ trợ,Đăng ký dịch vụ trả lương qua tài khoản,VPBank Financial,"3,625,873 VND",COUNTER,2026-03-01 14:18:00
CUST_0084,Hoàng Đức Cường,MASS,J. Khách hàng doanh nghiệp,Phát hành thư bảo lãnh ngân hàng,VPBank Financial,"6,880,378 VND",COUNTER,2026-04-27 11:04:00
CUST_0084,Hoàng Đức Cường,MASS,I. Ngân hàng số & Hỗ trợ,"Đăng ký / hủy SMS Banking, thông báo biến động số dư",VPBank Financial,"10,352,182 VND",APP,2026-07-16 11:50:00
CUST_0084,Hoàng Đức Cường,MASS,H. Bảo hiểm & Đầu tư,Đóng phí bảo hiểm định kỳ tại quầy,VPBank Financial,"12,342,811 VND",COUNTER,2026-05-27 09:13:00
CUST_0084,Hoàng Đức Cường,MASS,I. Ngân hàng số & Hỗ trợ,Đăng ký nâng hạng khách hàng ưu tiên (VPBank Diamond / Prime),VPBank Financial,"9,957,937 VND",APP,2026-02-27 08:51:00
CUST_0084,Hoàng Đức Cường,MASS,A. Tài khoản & Thông tin KH,Mở tài khoản số đẹp / số theo yêu cầu,VPBank Financial,"15,230,001 VND",APP,2026-06-16 08:25:00
CUST_0084,Hoàng Đức Cường,MASS,C. Tiết kiệm & Tiền gửi,Xác nhận số dư sổ tiết kiệm (chứng minh tài chính),VPBank Financial,"261,748,447 VND",APP,2026-06-02 08:50:00
CUST_0084,Hoàng Đức Cường,MASS,C. Tiết kiệm & Tiền gửi,Rút trước hạn sổ tiết kiệm (một phần / toàn bộ),VPBank Financial,"72,319,966 VND",COUNTER,2026-03-15 15:00:00
CUST_0084,Hoàng Đức Cường,MASS,D. Thẻ,Nộp hồ sơ mở thẻ tín dụng,VPBank Financial,"8,660,660 VND",EBANK,2026-06-13 13:13:00
CUST_0084,Hoàng Đức Cường,MASS,H. Bảo hiểm & Đầu tư,Hỗ trợ hồ sơ yêu cầu bồi thường bảo hiểm,VPBank Financial,"6,033,442 VND",COUNTER,2026-06-28 07:45:00
CUST_0084,Hoàng Đức Cường,MASS,I. Ngân hàng số & Hỗ trợ,Đăng ký dịch vụ trả lương qua tài khoản,VPBank Financial,"16,469,863 VND",COUNTER,2026-05-25 15:33:00
CUST_0084,Hoàng Đức Cường,MASS,I. Ngân hàng số & Hỗ trợ,Đăng ký / kích hoạt VPBank NEO (Internet & Mobile Banking),VPBank Financial,"4,580,460 VND",APP,2026-04-17 13:58:00
CUST_0084,Hoàng Đức Cường,MASS,H. Bảo hiểm & Đầu tư,Mở tài khoản chứng khoán / đăng ký dịch vụ đầu tư,VPBank Financial,"11,032,804 VND",APP,2026-07-25 08:21:00
CUST_0084,Hoàng Đức Cường,MASS,D. Thẻ,Yêu cầu tăng / giảm hạn mức thẻ tín dụng,VPBank Financial,"18,098,728 VND",ATM,2026-05-22 15:50:00
CUST_0084,Hoàng Đức Cường,MASS,I. Ngân hàng số & Hỗ trợ,Tiếp nhận khiếu nại / góp ý dịch vụ chung,VPBank Financial,"2,749,479 VND",COUNTER,2026-07-18 07:42:00
CUST_0084,Hoàng Đức Cường,MASS,D. Thẻ,"Khóa / mở khóa thẻ, báo mất và phát hành lại",VPBank Financial,"2,432,857 VND",EBANK,2026-02-04 07:14:00
CUST_0084,Hoàng Đức Cường,MASS,C. Tiết kiệm & Tiền gửi,Xác nhận số dư sổ tiết kiệm (chứng minh tài chính),VPBank Financial,"180,774,619 VND",EBANK,2026-02-04 11:02:00
CUST_0084,Hoàng Đức Cường,MASS,A. Tài khoản & Thông tin KH,Đăng ký / thay đổi chữ ký mẫu,VPBank Financial,"2,883,892 VND",COUNTER,2026-02-04 12:49:00
CUST_0084,Hoàng Đức Cường,MASS,D. Thẻ,Phát hành thẻ ghi nợ nội địa (ATM/Napas),VPBank Financial,"6,146,161 VND",EBANK,2026-03-30 15:29:00
CUST_0084,Hoàng Đức Cường,MASS,H. Bảo hiểm & Đầu tư,Mua chứng chỉ quỹ / trái phiếu do ngân hàng phân phối,VPBank Financial,"17,117,524 VND",APP,2026-04-21 08:24:00
CUST_0084,Hoàng Đức Cường,MASS,H. Bảo hiểm & Đầu tư,Mua chứng chỉ quỹ / trái phiếu do ngân hàng phân phối,VPBank Financial,"19,688,374 VND",APP,2026-02-18 08:50:00
CUST_0084,Hoàng Đức Cường,MASS,J. Khách hàng doanh nghiệp,Vay vốn lưu động / hạn mức tín dụng doanh nghiệp,VPBank Financial,"1,268,160 VND",COUNTER,2026-02-19 08:33:00
CUST_0090,Vũ Quang Mai,MASS,H. Bảo hiểm & Đầu tư,Đóng phí bảo hiểm định kỳ tại quầy,VPBank Financial,"9,607,146 VND",COUNTER,2026-04-12 12:45:00
CUST_0090,Vũ Quang Mai,MASS,B. Giao dịch tiền mặt,Nộp tiền mặt vào tài khoản của chính mình,VPBank Financial,"11,472,239 VND",APP,2026-03-28 09:08:00
CUST_0090,Vũ Quang Mai,MASS,H. Bảo hiểm & Đầu tư,Đóng phí bảo hiểm định kỳ tại quầy,VPBank Financial,"8,108,759 VND",APP,2026-07-02 07:35:00
CUST_0090,Vũ Quang Mai,MASS,J. Khách hàng doanh nghiệp,Nộp thuế điện tử doanh nghiệp,VPBank Financial,"2,346,327 VND",ATM,2026-02-26 08:59:00
CUST_0090,Vũ Quang Mai,MASS,J. Khách hàng doanh nghiệp,Phát hành thư bảo lãnh ngân hàng,VPBank Financial,"10,585,111 VND",APP,2026-06-11 08:13:00
CUST_0090,Vũ Quang Mai,MASS,C. Tiết kiệm & Tiền gửi,Chuyển nhượng / thừa kế sổ tiết kiệm,VPBank Financial,"284,754,119 VND",APP,2026-05-20 12:12:00
CUST_0090,Vũ Quang Mai,MASS,I. Ngân hàng số & Hỗ trợ,Lấy số thứ tự và check-in tại quầy,VPBank Financial,"6,235,796 VND",APP,2026-06-07 15:40:00
CUST_0090,Vũ Quang Mai,MASS,G. Tín dụng,Tư vấn và nộp hồ sơ vay mua ô tô,VPBank Financial,"15,237,464 VND",APP,2026-07-18 10:18:00
CUST_0090,Vũ Quang Mai,MASS,I. Ngân hàng số & Hỗ trợ,Đăng ký / kích hoạt VPBank NEO (Internet & Mobile Banking),VPBank Financial,"15,611,764 VND",APP,2026-04-23 13:27:00
CUST_0090,Vũ Quang Mai,MASS,C. Tiết kiệm & Tiền gửi,Gửi tiết kiệm tích lũy / gửi góp định kỳ,VPBank Financial,"162,290,847 VND",COUNTER,2026-06-03 10:02:00
CUST_0090,Vũ Quang Mai,MASS,B. Giao dịch tiền mặt,Đổi mệnh giá tiền / đổi tiền không đủ tiêu chuẩn lưu thông,VPBank Financial,"273,649 VND",COUNTER,2026-02-25 12:55:00
CUST_0090,Vũ Quang Mai,MASS,D. Thẻ,Nhận thẻ và kích hoạt thẻ tại quầy,VPBank Financial,"15,034,500 VND",EBANK,2026-06-17 09:13:00
CUST_0090,Vũ Quang Mai,MASS,J. Khách hàng doanh nghiệp,Phát hành thư bảo lãnh ngân hàng,VPBank Financial,"11,650,916 VND",APP,2026-07-18 14:13:00
CUST_0090,Vũ Quang Mai,MASS,A. Tài khoản & Thông tin KH,Mở tài khoản đồng sở hữu / ủy quyền sử dụng tài khoản,VPBank Financial,"18,962,530 VND",APP,2026-04-29 12:40:00
CUST_0090,Vũ Quang Mai,MASS,E. Chuyển tiền & Thanh toán,Đăng ký ủy nhiệm chi / chuyển tiền định kỳ tự động,VPBank Financial,"17,249,044 VND",COUNTER,2026-04-14 10:49:00
CUST_0090,Vũ Quang Mai,MASS,A. Tài khoản & Thông tin KH,Mở tài khoản thanh toán VND,VPBank Financial,"4,077,617 VND",APP,2026-06-24 07:55:00
CUST_0090,Vũ Quang Mai,MASS,I. Ngân hàng số & Hỗ trợ,Đăng ký dịch vụ trả lương qua tài khoản,VPBank Financial,"19,359,412 VND",EBANK,2026-02-02 07:13:00
CUST_0090,Vũ Quang Mai,MASS,D. Thẻ,Phát hành thẻ ghi nợ nội địa (ATM/Napas),VPBank Financial,"12,704,759 VND",COUNTER,2026-05-04 07:20:00
CUST_0090,Vũ Quang Mai,MASS,D. Thẻ,Phát hành thẻ ghi nợ quốc tế (Visa/Mastercard Debit),VPBank Financial,"13,967,522 VND",APP,2026-04-25 11:48:00
CUST_0090,Vũ Quang Mai,MASS,J. Khách hàng doanh nghiệp,Phát hành thư bảo lãnh ngân hàng,VPBank Financial,"5,490,253 VND",COUNTER,2026-03-26 11:40:00
CUST_0090,Vũ Quang Mai,MASS,I. Ngân hàng số & Hỗ trợ,Reset mật khẩu / cấp lại eToken / đổi thiết bị đăng nhập,VPBank Financial,"4,437,986 VND",APP,2026-04-16 10:57:00
CUST_0090,Vũ Quang Mai,MASS,C. Tiết kiệm & Tiền gửi,Báo mất / cấp lại sổ tiết kiệm,VPBank Financial,"161,619,983 VND",COUNTER,2026-05-22 11:14:00
CUST_0090,Vũ Quang Mai,MASS,E. Chuyển tiền & Thanh toán,Đăng ký ủy nhiệm chi / chuyển tiền định kỳ tự động,VPBank Financial,"39,263,618 VND",APP,2026-06-11 08:18:00
CUST_0090,Vũ Quang Mai,MASS,I. Ngân hàng số & Hỗ trợ,Đăng ký / kích hoạt VPBank NEO (Internet & Mobile Banking),VPBank Financial,"16,955,672 VND",COUNTER,2026-06-01 10:11:00
CUST_0090,Vũ Quang Mai,MASS,D. Thẻ,Đăng ký trả góp 0% qua thẻ tín dụng,VPBank Financial,"13,219,035 VND",COUNTER,2026-06-06 14:49:00
CUST_0090,Vũ Quang Mai,MASS,J. Khách hàng doanh nghiệp,Nộp thuế điện tử doanh nghiệp,VPBank Financial,"14,292,088 VND",APP,2026-05-18 14:42:00
CUST_0090,Vũ Quang Mai,MASS,B. Giao dịch tiền mặt,Rút tiền mặt số lượng lớn (đăng ký trước),VPBank Financial,"1,519,214 VND",EBANK,2026-03-18 13:37:00
CUST_0108,Phạm Thanh Cường,MASS,I. Ngân hàng số & Hỗ trợ,Đăng ký dịch vụ trả lương qua tài khoản,VPBank Financial,"9,379,717 VND",APP,2026-05-24 07:59:00
CUST_0108,Phạm Thanh Cường,MASS,A. Tài khoản & Thông tin KH,Mở tài khoản thanh toán ngoại tệ (USD/EUR),VPBank Financial,"14,047,818 VND",COUNTER,2026-05-09 12:57:00
CUST_0108,Phạm Thanh Cường,MASS,J. Khách hàng doanh nghiệp,Đăng ký eBanking doanh nghiệp và phân quyền người dùng,VPBank Financial,"1,445,568 VND",COUNTER,2026-05-26 11:22:00
CUST_0108,Phạm Thanh Cường,MASS,E. Chuyển tiền & Thanh toán,"Chuyển tiền quốc tế đi (du học, chữa bệnh, trợ cấp thân nhân, công tác)",VPBank Financial,"99,727,530 VND",APP,2026-03-25 12:10:00
CUST_0108,Phạm Thanh Cường,MASS,D. Thẻ,Nhận thẻ và kích hoạt thẻ tại quầy,VPBank Financial,"13,381,166 VND",COUNTER,2026-02-10 13:04:00
CUST_0108,Phạm Thanh Cường,MASS,D. Thẻ,Đăng ký trả góp 0% qua thẻ tín dụng,VPBank Financial,"261,809 VND",COUNTER,2026-02-21 09:43:00
CUST_0108,Phạm Thanh Cường,MASS,I. Ngân hàng số & Hỗ trợ,Thuê két sắt / dịch vụ giữ hộ tài sản,VPBank Financial,"12,463,156 VND",COUNTER,2026-05-26 08:18:00
CUST_0108,Phạm Thanh Cường,MASS,I. Ngân hàng số & Hỗ trợ,"Đăng ký / hủy SMS Banking, thông báo biến động số dư",VPBank Financial,"6,340,915 VND",APP,2026-04-22 07:35:00
CUST_0108,Phạm Thanh Cường,MASS,E. Chuyển tiền & Thanh toán,Chuyển tiền liên ngân hàng (Napas 24/7 / Citad),VPBank Financial,"20,996,603 VND",APP,2026-05-28 10:46:00
CUST_0108,Phạm Thanh Cường,MASS,F. Ngoại tệ,Bán ngoại tệ tiền mặt cho ngân hàng,VPBank Financial,"25,482,861 VND",COUNTER,2026-06-30 12:08:00
CUST_0108,Phạm Thanh Cường,MASS,A. Tài khoản & Thông tin KH,Xác thực sinh trắc học khuôn mặt / vân tay (QĐ 2345),VPBank Financial,"17,884,147 VND",COUNTER,2026-05-03 08:12:00
CUST_0108,Phạm Thanh Cường,MASS,D. Thẻ,Tra soát / khiếu nại giao dịch thẻ,VPBank Financial,"2,383,479 VND",COUNTER,2026-07-18 10:47:00
CUST_0108,Phạm Thanh Cường,MASS,H. Bảo hiểm & Đầu tư,Hỗ trợ hồ sơ yêu cầu bồi thường bảo hiểm,VPBank Financial,"18,683,781 VND",APP,2026-07-16 13:06:00
CUST_0108,Phạm Thanh Cường,MASS,F. Ngoại tệ,Chuyển đổi ngoại tệ giữa các tài khoản (không dùng tiền mặt),VPBank Financial,"87,091,001 VND",COUNTER,2026-05-07 10:32:00
CUST_0108,Phạm Thanh Cường,MASS,E. Chuyển tiền & Thanh toán,Chuyển tiền trong hệ thống VPBank,VPBank Financial,"77,261,554 VND",COUNTER,2026-06-08 08:25:00
CUST_0108,Phạm Thanh Cường,MASS,C. Tiết kiệm & Tiền gửi,Gửi tiết kiệm ngoại tệ (USD/EUR),VPBank Financial,"62,676,539 VND",APP,2026-05-06 10:38:00
CUST_0108,Phạm Thanh Cường,MASS,C. Tiết kiệm & Tiền gửi,Tái tục sổ tiết kiệm / chuyển kỳ hạn,VPBank Financial,"234,454,373 VND",APP,2026-02-27 14:32:00
CUST_0108,Phạm Thanh Cường,MASS,C. Tiết kiệm & Tiền gửi,Xác nhận số dư sổ tiết kiệm (chứng minh tài chính),VPBank Financial,"84,313,548 VND",COUNTER,2026-04-24 15:34:00
CUST_0108,Phạm Thanh Cường,MASS,A. Tài khoản & Thông tin KH,Mở tài khoản đồng sở hữu / ủy quyền sử dụng tài khoản,VPBank Financial,"4,045,888 VND",APP,2026-02-08 10:14:00
CUST_0108,Phạm Thanh Cường,MASS,G. Tín dụng,Xin xác nhận dư nợ / lịch sử trả nợ / xóa nợ xấu,VPBank Financial,"139,903,183 VND",COUNTER,2026-07-17 09:08:00
CUST_0108,Phạm Thanh Cường,MASS,E. Chuyển tiền & Thanh toán,Chuyển tiền trong hệ thống VPBank,VPBank Financial,"36,298,076 VND",APP,2026-06-18 13:14:00
CUST_0108,Phạm Thanh Cường,MASS,A. Tài khoản & Thông tin KH,Đóng tài khoản thanh toán,VPBank Financial,"9,994,432 VND",COUNTER,2026-06-28 13:28:00
CUST_0108,Phạm Thanh Cường,MASS,E. Chuyển tiền & Thanh toán,Tra soát lệnh chuyển tiền / yêu cầu hoàn tiền,VPBank Financial,"57,836,156 VND",APP,2026-02-08 07:42:00
CUST_0108,Phạm Thanh Cường,MASS,C. Tiết kiệm & Tiền gửi,Gửi tiết kiệm có kỳ hạn VND tại quầy,VPBank Financial,"203,621,552 VND",COUNTER,2026-03-22 09:46:00
CUST_0108,Phạm Thanh Cường,MASS,H. Bảo hiểm & Đầu tư,Hỗ trợ hồ sơ yêu cầu bồi thường bảo hiểm,VPBank Financial,"9,466,132 VND",APP,2026-02-12 11:17:00
CUST_0108,Phạm Thanh Cường,MASS,D. Thẻ,Thanh toán sao kê thẻ tín dụng tại quầy,VPBank Financial,"19,659,490 VND",COUNTER,2026-05-19 08:44:00
CUST_0108,Phạm Thanh Cường,MASS,J. Khách hàng doanh nghiệp,Vay vốn lưu động / hạn mức tín dụng doanh nghiệp,VPBank Financial,"14,481,454 VND",APP,2026-02-02 14:57:00
CUST_0054,Vũ Hữu Cường,MASS,A. Tài khoản & Thông tin KH,Mở tài khoản số đẹp / số theo yêu cầu,VPBank Financial,"10,137,017 VND",APP,2026-03-30 11:41:00
CUST_0054,Vũ Hữu Cường,MASS,C. Tiết kiệm & Tiền gửi,Gửi tiết kiệm có kỳ hạn VND tại quầy,VPBank Financial,"185,326,492 VND",APP,2026-07-13 10:26:00
CUST_0054,Vũ Hữu Cường,MASS,E. Chuyển tiền & Thanh toán,"Thanh toán hóa đơn (điện, nước, viễn thông, học phí, bảo hiểm)",VPBank Financial,"90,916,208 VND",EBANK,2026-02-05 15:12:00
CUST_0054,Vũ Hữu Cường,MASS,E. Chuyển tiền & Thanh toán,"Chuyển tiền quốc tế đi (du học, chữa bệnh, trợ cấp thân nhân, công tác)",VPBank Financial,"29,900,732 VND",COUNTER,2026-05-19 10:37:00
CUST_0054,Vũ Hữu Cường,MASS,H. Bảo hiểm & Đầu tư,Đóng phí bảo hiểm định kỳ tại quầy,VPBank Financial,"14,440,387 VND",ATM,2026-03-03 07:37:00
CUST_0054,Vũ Hữu Cường,MASS,F. Ngoại tệ,Cấp giấy xác nhận mang ngoại tệ ra nước ngoài,VPBank Financial,"82,905,640 VND",EBANK,2026-04-23 09:31:00
CUST_0054,Vũ Hữu Cường,MASS,J. Khách hàng doanh nghiệp,Đăng ký eBanking doanh nghiệp và phân quyền người dùng,VPBank Financial,"18,965,385 VND",COUNTER,2026-07-17 09:23:00
CUST_0054,Vũ Hữu Cường,MASS,F. Ngoại tệ,Chuyển đổi ngoại tệ giữa các tài khoản (không dùng tiền mặt),VPBank Financial,"93,530,755 VND",APP,2026-07-28 14:32:00
CUST_0054,Vũ Hữu Cường,MASS,C. Tiết kiệm & Tiền gửi,Gửi tiết kiệm có kỳ hạn VND tại quầy,VPBank Financial,"15,161,419 VND",APP,2026-02-16 07:51:00
CUST_0054,Vũ Hữu Cường,MASS,E. Chuyển tiền & Thanh toán,Nhận tiền chuyển đến từ nước ngoài / chi trả kiều hối,VPBank Financial,"92,345,812 VND",COUNTER,2026-02-15 13:47:00
CUST_0054,Vũ Hữu Cường,MASS,C. Tiết kiệm & Tiền gửi,Tất toán sổ tiết kiệm đúng hạn,VPBank Financial,"197,836,287 VND",COUNTER,2026-05-26 15:32:00
CUST_0054,Vũ Hữu Cường,MASS,H. Bảo hiểm & Đầu tư,"Mua bảo hiểm phi nhân thọ (sức khỏe, ô tô, nhà, du lịch)",VPBank Financial,"8,329,589 VND",COUNTER,2026-04-29 11:25:00
CUST_0054,Vũ Hữu Cường,MASS,F. Ngoại tệ,"Mua ngoại tệ tiền mặt (du lịch, du học, công tác, chữa bệnh)",VPBank Financial,"89,697,255 VND",EBANK,2026-02-02 11:45:00
CUST_0054,Vũ Hữu Cường,MASS,C. Tiết kiệm & Tiền gửi,Tất toán sổ tiết kiệm đúng hạn,VPBank Financial,"292,346,218 VND",APP,2026-04-17 10:31:00
CUST_0054,Vũ Hữu Cường,MASS,F. Ngoại tệ,"Mua ngoại tệ tiền mặt (du lịch, du học, công tác, chữa bệnh)",VPBank Financial,"43,948,225 VND",COUNTER,2026-02-22 13:47:00
CUST_0054,Vũ Hữu Cường,MASS,C. Tiết kiệm & Tiền gửi,Gửi tiết kiệm tích lũy / gửi góp định kỳ,VPBank Financial,"144,251,827 VND",COUNTER,2026-04-01 12:00:00
CUST_0054,Vũ Hữu Cường,MASS,F. Ngoại tệ,Cấp giấy xác nhận mang ngoại tệ ra nước ngoài,VPBank Financial,"21,857,384 VND",APP,2026-07-31 12:00:00
CUST_0054,Vũ Hữu Cường,MASS,B. Giao dịch tiền mặt,Rút tiền mặt từ tài khoản,VPBank Financial,"10,163,717 VND",COUNTER,2026-04-11 07:01:00
CUST_0054,Vũ Hữu Cường,MASS,G. Tín dụng,Đăng ký hạn mức thấu chi tài khoản,VPBank Financial,"124,753,915 VND",APP,2026-06-19 12:14:00
CUST_0054,Vũ Hữu Cường,MASS,A. Tài khoản & Thông tin KH,Phong tỏa / giải tỏa tài khoản,VPBank Financial,"2,327,934 VND",APP,2026-02-12 07:02:00
CUST_0054,Vũ Hữu Cường,MASS,D. Thẻ,"Khóa / mở khóa thẻ, báo mất và phát hành lại",VPBank Financial,"8,914,628 VND",APP,2026-04-07 12:36:00
CUST_0054,Vũ Hữu Cường,MASS,D. Thẻ,Phát hành thẻ ghi nợ quốc tế (Visa/Mastercard Debit),VPBank Financial,"19,462,852 VND",COUNTER,2026-04-11 11:13:00
CUST_0054,Vũ Hữu Cường,MASS,F. Ngoại tệ,Chuyển đổi ngoại tệ giữa các tài khoản (không dùng tiền mặt),VPBank Financial,"12,155,404 VND",APP,2026-05-13 15:26:00
CUST_0054,Vũ Hữu Cường,MASS,A. Tài khoản & Thông tin KH,Mở tài khoản thanh toán VND,VPBank Financial,"14,910,987 VND",COUNTER,2026-04-17 09:46:00
CUST_0054,Vũ Hữu Cường,MASS,I. Ngân hàng số & Hỗ trợ,Đăng ký nâng hạng khách hàng ưu tiên (VPBank Diamond / Prime),VPBank Financial,"12,442,599 VND",COUNTER,2026-07-14 09:42:00
CUST_0054,Vũ Hữu Cường,MASS,D. Thẻ,Nộp hồ sơ mở thẻ tín dụng,VPBank Financial,"10,402,537 VND",COUNTER,2026-07-07 12:10:00
CUST_0054,Vũ Hữu Cường,MASS,J. Khách hàng doanh nghiệp,Phát hành thư bảo lãnh ngân hàng,VPBank Financial,"1,770,189 VND",COUNTER,2026-04-07 13:42:00
CUST_0114,Phạm Hữu Nam,MASS,E. Chuyển tiền & Thanh toán,Chuyển tiền liên ngân hàng (Napas 24/7 / Citad),VPBank Financial,"63,431,140 VND",COUNTER,2026-05-16 13:31:00
CUST_0114,Phạm Hữu Nam,MASS,E. Chuyển tiền & Thanh toán,Nhận tiền chuyển đến từ nước ngoài / chi trả kiều hối,VPBank Financial,"57,186,005 VND",EBANK,2026-03-15 12:09:00
CUST_0114,Phạm Hữu Nam,MASS,J. Khách hàng doanh nghiệp,Nộp thuế điện tử doanh nghiệp,VPBank Financial,"19,522,243 VND",COUNTER,2026-07-01 15:47:00
CUST_0114,Phạm Hữu Nam,MASS,H. Bảo hiểm & Đầu tư,"Mua bảo hiểm phi nhân thọ (sức khỏe, ô tô, nhà, du lịch)",VPBank Financial,"9,174,581 VND",APP,2026-07-08 14:48:00
CUST_0114,Phạm Hữu Nam,MASS,G. Tín dụng,Tất toán khoản vay trước hạn / giải chấp tài sản,VPBank Financial,"140,077,339 VND",APP,2026-07-18 12:04:00
CUST_0114,Phạm Hữu Nam,MASS,C. Tiết kiệm & Tiền gửi,Tái tục sổ tiết kiệm / chuyển kỳ hạn,VPBank Financial,"151,234,652 VND",ATM,2026-06-26 15:57:00
CUST_0114,Phạm Hữu Nam,MASS,H. Bảo hiểm & Đầu tư,Đóng phí bảo hiểm định kỳ tại quầy,VPBank Financial,"3,073,193 VND",APP,2026-02-03 08:50:00
CUST_0114,Phạm Hữu Nam,MASS,J. Khách hàng doanh nghiệp,"Mở L/C và thanh toán quốc tế (T/T, D/P, D/A)",VPBank Financial,"11,702,095 VND",APP,2026-05-16 08:07:00
CUST_0114,Phạm Hữu Nam,MASS,D. Thẻ,"Khóa / mở khóa thẻ, báo mất và phát hành lại",VPBank Financial,"19,917,743 VND",COUNTER,2026-02-18 15:24:00
CUST_0114,Phạm Hữu Nam,MASS,I. Ngân hàng số & Hỗ trợ,Đăng ký nâng hạng khách hàng ưu tiên (VPBank Diamond / Prime),VPBank Financial,"15,530,359 VND",APP,2026-05-09 10:08:00
CUST_0114,Phạm Hữu Nam,MASS,J. Khách hàng doanh nghiệp,Nộp / rút tiền mặt tài khoản doanh nghiệp,VPBank Financial,"2,403,654 VND",COUNTER,2026-05-15 13:13:00
CUST_0114,Phạm Hữu Nam,MASS,D. Thẻ,Thanh toán sao kê thẻ tín dụng tại quầy,VPBank Financial,"2,794,088 VND",APP,2026-07-25 13:54:00
CUST_0114,Phạm Hữu Nam,MASS,E. Chuyển tiền & Thanh toán,"Thanh toán hóa đơn (điện, nước, viễn thông, học phí, bảo hiểm)",VPBank Financial,"56,120,937 VND",APP,2026-05-23 14:12:00
CUST_0114,Phạm Hữu Nam,MASS,F. Ngoại tệ,Cấp giấy xác nhận mang ngoại tệ ra nước ngoài,VPBank Financial,"26,041,524 VND",APP,2026-03-24 14:31:00
CUST_0114,Phạm Hữu Nam,MASS,B. Giao dịch tiền mặt,Đổi mệnh giá tiền / đổi tiền không đủ tiêu chuẩn lưu thông,VPBank Financial,"1,677,558 VND",APP,2026-04-23 12:02:00
CUST_0114,Phạm Hữu Nam,MASS,C. Tiết kiệm & Tiền gửi,Cầm cố sổ tiết kiệm để vay vốn,VPBank Financial,"19,333,477 VND",COUNTER,2026-05-30 11:07:00
CUST_0114,Phạm Hữu Nam,MASS,C. Tiết kiệm & Tiền gửi,Gửi tiết kiệm tích lũy / gửi góp định kỳ,VPBank Financial,"105,114,652 VND",APP,2026-07-21 15:13:00
CUST_0114,Phạm Hữu Nam,MASS,C. Tiết kiệm & Tiền gửi,Tái tục sổ tiết kiệm / chuyển kỳ hạn,VPBank Financial,"18,366,036 VND",COUNTER,2026-04-08 07:20:00
CUST_0114,Phạm Hữu Nam,MASS,I. Ngân hàng số & Hỗ trợ,Tiếp nhận khiếu nại / góp ý dịch vụ chung,VPBank Financial,"18,578,975 VND",EBANK,2026-04-06 15:10:00
CUST_0114,Phạm Hữu Nam,MASS,C. Tiết kiệm & Tiền gửi,Gửi tiết kiệm ngoại tệ (USD/EUR),VPBank Financial,"113,462,309 VND",ATM,2026-05-01 13:10:00
CUST_0114,Phạm Hữu Nam,MASS,D. Thẻ,Phát hành thẻ ghi nợ quốc tế (Visa/Mastercard Debit),VPBank Financial,"13,934,805 VND",COUNTER,2026-06-03 07:01:00
CUST_0114,Phạm Hữu Nam,MASS,C. Tiết kiệm & Tiền gửi,Chuyển nhượng / thừa kế sổ tiết kiệm,VPBank Financial,"197,500,845 VND",COUNTER,2026-07-06 08:29:00
CUST_0114,Phạm Hữu Nam,MASS,C. Tiết kiệm & Tiền gửi,Rút trước hạn sổ tiết kiệm (một phần / toàn bộ),VPBank Financial,"281,257,155 VND",APP,2026-05-10 11:45:00
CUST_0058,Vũ Ngọc Tâm,PRIME,G. Tín dụng,Tất toán khoản vay trước hạn / giải chấp tài sản,VPBank Financial,"100,300,763 VND",APP,2026-05-09 09:33:00
CUST_0058,Vũ Ngọc Tâm,PRIME,A. Tài khoản & Thông tin KH,Mở tài khoản thanh toán ngoại tệ (USD/EUR),VPBank Financial,"17,046,885 VND",COUNTER,2026-03-04 11:41:00
CUST_0058,Vũ Ngọc Tâm,PRIME,B. Giao dịch tiền mặt,Đổi mệnh giá tiền / đổi tiền không đủ tiêu chuẩn lưu thông,VPBank Financial,"16,994,422 VND",APP,2026-04-30 12:31:00
CUST_0058,Vũ Ngọc Tâm,PRIME,H. Bảo hiểm & Đầu tư,"Mua bảo hiểm phi nhân thọ (sức khỏe, ô tô, nhà, du lịch)",VPBank Financial,"11,829,923 VND",COUNTER,2026-03-02 07:30:00
CUST_0058,Vũ Ngọc Tâm,PRIME,A. Tài khoản & Thông tin KH,Xin sao kê tài khoản / xác nhận số dư,VPBank Financial,"14,462,601 VND",EBANK,2026-07-22 09:33:00
CUST_0058,Vũ Ngọc Tâm,PRIME,E. Chuyển tiền & Thanh toán,Chuyển tiền trong hệ thống VPBank,VPBank Financial,"7,824,945 VND",COUNTER,2026-06-30 14:54:00
CUST_0058,Vũ Ngọc Tâm,PRIME,E. Chuyển tiền & Thanh toán,Chuyển tiền liên ngân hàng (Napas 24/7 / Citad),VPBank Financial,"85,954,036 VND",APP,2026-05-14 15:04:00
CUST_0058,Vũ Ngọc Tâm,PRIME,A. Tài khoản & Thông tin KH,"Cập nhật thông tin CIF (CCCD, địa chỉ, SĐT, email, nghề nghiệp)",VPBank Financial,"16,088,704 VND",COUNTER,2026-04-02 10:56:00
CUST_0058,Vũ Ngọc Tâm,PRIME,E. Chuyển tiền & Thanh toán,"Thanh toán hóa đơn (điện, nước, viễn thông, học phí, bảo hiểm)",VPBank Financial,"83,804,629 VND",EBANK,2026-04-29 07:03:00
CUST_0058,Vũ Ngọc Tâm,PRIME,H. Bảo hiểm & Đầu tư,Tư vấn và mua bảo hiểm nhân thọ (Bancassurance),VPBank Financial,"12,526,664 VND",COUNTER,2026-04-01 12:24:00
CUST_0058,Vũ Ngọc Tâm,PRIME,F. Ngoại tệ,Bán ngoại tệ tiền mặt cho ngân hàng,VPBank Financial,"65,464,717 VND",COUNTER,2026-03-07 10:32:00
CUST_0058,Vũ Ngọc Tâm,PRIME,E. Chuyển tiền & Thanh toán,Nhận tiền chuyển đến từ nước ngoài / chi trả kiều hối,VPBank Financial,"51,128,789 VND",COUNTER,2026-06-16 09:43:00
CUST_0058,Vũ Ngọc Tâm,PRIME,D. Thẻ,Nhận thẻ và kích hoạt thẻ tại quầy,VPBank Financial,"16,814,012 VND",APP,2026-03-08 14:15:00
CUST_0058,Vũ Ngọc Tâm,PRIME,E. Chuyển tiền & Thanh toán,"Thanh toán hóa đơn (điện, nước, viễn thông, học phí, bảo hiểm)",VPBank Financial,"49,773,918 VND",COUNTER,2026-02-10 12:48:00
CUST_0058,Vũ Ngọc Tâm,PRIME,J. Khách hàng doanh nghiệp,Vay vốn lưu động / hạn mức tín dụng doanh nghiệp,VPBank Financial,"19,911,875 VND",COUNTER,2026-07-13 09:51:00
CUST_0058,Vũ Ngọc Tâm,PRIME,C. Tiết kiệm & Tiền gửi,Gửi tiết kiệm tích lũy / gửi góp định kỳ,VPBank Financial,"275,637,680 VND",COUNTER,2026-04-03 13:14:00
CUST_0058,Vũ Ngọc Tâm,PRIME,D. Thẻ,Yêu cầu tăng / giảm hạn mức thẻ tín dụng,VPBank Financial,"1,927,038 VND",APP,2026-04-28 15:03:00
CUST_0058,Vũ Ngọc Tâm,PRIME,B. Giao dịch tiền mặt,Rút tiền mặt số lượng lớn (đăng ký trước),VPBank Financial,"18,780,439 VND",EBANK,2026-03-10 15:14:00
CUST_0058,Vũ Ngọc Tâm,PRIME,G. Tín dụng,Tư vấn và nộp hồ sơ vay tiêu dùng tín chấp,VPBank Financial,"173,986,918 VND",COUNTER,2026-02-22 15:56:00
CUST_0058,Vũ Ngọc Tâm,PRIME,A. Tài khoản & Thông tin KH,Xin sao kê tài khoản / xác nhận số dư,VPBank Financial,"780,489 VND",COUNTER,2026-03-18 14:42:00
CUST_0058,Vũ Ngọc Tâm,PRIME,H. Bảo hiểm & Đầu tư,Hỗ trợ hồ sơ yêu cầu bồi thường bảo hiểm,VPBank Financial,"9,324,093 VND",APP,2026-07-19 11:25:00
CUST_0058,Vũ Ngọc Tâm,PRIME,C. Tiết kiệm & Tiền gửi,Tất toán sổ tiết kiệm đúng hạn,VPBank Financial,"94,312,926 VND",COUNTER,2026-04-14 12:52:00
CUST_0058,Vũ Ngọc Tâm,PRIME,D. Thẻ,Phát hành thẻ ghi nợ quốc tế (Visa/Mastercard Debit),VPBank Financial,"5,885,457 VND",ATM,2026-04-11 15:57:00
CUST_0058,Vũ Ngọc Tâm,PRIME,I. Ngân hàng số & Hỗ trợ,Tiếp nhận khiếu nại / góp ý dịch vụ chung,VPBank Financial,"16,884,019 VND",EBANK,2026-04-11 12:35:00
CUST_0058,Vũ Ngọc Tâm,PRIME,E. Chuyển tiền & Thanh toán,Chuyển tiền liên ngân hàng (Napas 24/7 / Citad),VPBank Financial,"90,176,109 VND",EBANK,2026-02-05 13:38:00
CUST_0058,Vũ Ngọc Tâm,PRIME,J. Khách hàng doanh nghiệp,Đăng ký dịch vụ thu hộ qua mã VietQR / Virtual Account,VPBank Financial,"8,956,941 VND",APP,2026-06-26 11:50:00
CUST_0058,Vũ Ngọc Tâm,PRIME,A. Tài khoản & Thông tin KH,Mở tài khoản đồng sở hữu / ủy quyền sử dụng tài khoản,VPBank Financial,"5,715,986 VND",APP,2026-03-28 13:33:00
CUST_0106,Phạm Văn Hùng,PRIME,A. Tài khoản & Thông tin KH,"Cập nhật thông tin CIF (CCCD, địa chỉ, SĐT, email, nghề nghiệp)",VPBank Financial,"6,327,497 VND",EBANK,2026-04-15 14:19:00
CUST_0106,Phạm Văn Hùng,PRIME,D. Thẻ,Thanh toán sao kê thẻ tín dụng tại quầy,VPBank Financial,"17,519,924 VND",APP,2026-05-19 15:56:00
CUST_0106,Phạm Văn Hùng,PRIME,F. Ngoại tệ,"Mua ngoại tệ tiền mặt (du lịch, du học, công tác, chữa bệnh)",VPBank Financial,"39,276,600 VND",APP,2026-05-19 08:18:00
CUST_0106,Phạm Văn Hùng,PRIME,D. Thẻ,Nhận thẻ và kích hoạt thẻ tại quầy,VPBank Financial,"19,989,321 VND",ATM,2026-06-09 13:18:00
CUST_0106,Phạm Văn Hùng,PRIME,I. Ngân hàng số & Hỗ trợ,Thuê két sắt / dịch vụ giữ hộ tài sản,VPBank Financial,"16,195,063 VND",APP,2026-06-02 12:03:00
CUST_0106,Phạm Văn Hùng,PRIME,E. Chuyển tiền & Thanh toán,Nhận tiền chuyển đến từ nước ngoài / chi trả kiều hối,VPBank Financial,"52,797,688 VND",COUNTER,2026-07-31 09:40:00
CUST_0106,Phạm Văn Hùng,PRIME,A. Tài khoản & Thông tin KH,Mở tài khoản đồng sở hữu / ủy quyền sử dụng tài khoản,VPBank Financial,"2,669,009 VND",APP,2026-03-26 10:14:00
CUST_0106,Phạm Văn Hùng,PRIME,I. Ngân hàng số & Hỗ trợ,"Đăng ký / hủy SMS Banking, thông báo biến động số dư",VPBank Financial,"13,350,225 VND",APP,2026-07-05 09:32:00
CUST_0106,Phạm Văn Hùng,PRIME,B. Giao dịch tiền mặt,Rút tiền mặt số lượng lớn (đăng ký trước),VPBank Financial,"430,569 VND",APP,2026-03-31 07:18:00
CUST_0106,Phạm Văn Hùng,PRIME,I. Ngân hàng số & Hỗ trợ,Lấy số thứ tự và check-in tại quầy,VPBank Financial,"18,009,171 VND",EBANK,2026-06-29 08:25:00
CUST_0106,Phạm Văn Hùng,PRIME,A. Tài khoản & Thông tin KH,Mở tài khoản đồng sở hữu / ủy quyền sử dụng tài khoản,VPBank Financial,"6,639,380 VND",EBANK,2026-03-28 15:48:00
CUST_0106,Phạm Văn Hùng,PRIME,E. Chuyển tiền & Thanh toán,Đăng ký ủy nhiệm chi / chuyển tiền định kỳ tự động,VPBank Financial,"66,002,269 VND",COUNTER,2026-04-28 10:45:00
CUST_0106,Phạm Văn Hùng,PRIME,E. Chuyển tiền & Thanh toán,Nhận tiền chuyển đến từ nước ngoài / chi trả kiều hối,VPBank Financial,"79,096,409 VND",APP,2026-03-07 13:42:00
CUST_0106,Phạm Văn Hùng,PRIME,C. Tiết kiệm & Tiền gửi,Báo mất / cấp lại sổ tiết kiệm,VPBank Financial,"83,571,346 VND",APP,2026-06-18 09:33:00
CUST_0106,Phạm Văn Hùng,PRIME,A. Tài khoản & Thông tin KH,Mở tài khoản số đẹp / số theo yêu cầu,VPBank Financial,"3,977,328 VND",COUNTER,2026-04-02 13:19:00
CUST_0106,Phạm Văn Hùng,PRIME,A. Tài khoản & Thông tin KH,Mở tài khoản thanh toán VND,VPBank Financial,"17,148,322 VND",ATM,2026-04-06 14:42:00
CUST_0106,Phạm Văn Hùng,PRIME,J. Khách hàng doanh nghiệp,Mở tài khoản thanh toán doanh nghiệp,VPBank Financial,"8,005,991 VND",COUNTER,2026-07-21 10:57:00
CUST_0106,Phạm Văn Hùng,PRIME,D. Thẻ,Tra soát / khiếu nại giao dịch thẻ,VPBank Financial,"18,993,725 VND",APP,2026-05-05 07:48:00
CUST_0106,Phạm Văn Hùng,PRIME,I. Ngân hàng số & Hỗ trợ,Thuê két sắt / dịch vụ giữ hộ tài sản,VPBank Financial,"7,092,925 VND",APP,2026-05-08 13:35:00
CUST_0106,Phạm Văn Hùng,PRIME,G. Tín dụng,Tư vấn và nộp hồ sơ vay mua/sửa nhà (thế chấp bất động sản),VPBank Financial,"64,195,406 VND",APP,2026-06-30 13:44:00
CUST_0106,Phạm Văn Hùng,PRIME,I. Ngân hàng số & Hỗ trợ,Đăng ký dịch vụ trả lương qua tài khoản,VPBank Financial,"12,115,834 VND",EBANK,2026-06-09 10:44:00
CUST_0106,Phạm Văn Hùng,PRIME,G. Tín dụng,Đăng ký hạn mức thấu chi tài khoản,VPBank Financial,"209,290,374 VND",ATM,2026-02-17 14:14:00
CUST_0106,Phạm Văn Hùng,PRIME,C. Tiết kiệm & Tiền gửi,Cầm cố sổ tiết kiệm để vay vốn,VPBank Financial,"261,939,655 VND",APP,2026-02-02 12:41:00
CUST_0116,Đặng Ngọc Nga,PRIME,C. Tiết kiệm & Tiền gửi,Rút trước hạn sổ tiết kiệm (một phần / toàn bộ),VPBank Financial,"146,952,065 VND",COUNTER,2026-07-07 11:05:00
CUST_0116,Đặng Ngọc Nga,PRIME,A. Tài khoản & Thông tin KH,Xin sao kê tài khoản / xác nhận số dư,VPBank Financial,"8,732,638 VND",COUNTER,2026-02-16 07:11:00
CUST_0116,Đặng Ngọc Nga,PRIME,A. Tài khoản & Thông tin KH,Mở tài khoản thanh toán ngoại tệ (USD/EUR),VPBank Financial,"10,519,240 VND",COUNTER,2026-04-19 12:27:00
CUST_0116,Đặng Ngọc Nga,PRIME,G. Tín dụng,Đăng ký hạn mức thấu chi tài khoản,VPBank Financial,"99,793,225 VND",APP,2026-07-28 15:17:00
CUST_0116,Đặng Ngọc Nga,PRIME,A. Tài khoản & Thông tin KH,Phong tỏa / giải tỏa tài khoản,VPBank Financial,"3,599,677 VND",APP,2026-07-22 13:23:00
CUST_0116,Đặng Ngọc Nga,PRIME,C. Tiết kiệm & Tiền gửi,Báo mất / cấp lại sổ tiết kiệm,VPBank Financial,"146,809,330 VND",APP,2026-06-09 13:14:00
CUST_0116,Đặng Ngọc Nga,PRIME,I. Ngân hàng số & Hỗ trợ,Tiếp nhận khiếu nại / góp ý dịch vụ chung,VPBank Financial,"14,244,612 VND",ATM,2026-05-22 12:32:00
CUST_0116,Đặng Ngọc Nga,PRIME,B. Giao dịch tiền mặt,Đổi mệnh giá tiền / đổi tiền không đủ tiêu chuẩn lưu thông,VPBank Financial,"11,383,293 VND",ATM,2026-04-11 09:52:00
CUST_0116,Đặng Ngọc Nga,PRIME,I. Ngân hàng số & Hỗ trợ,Đăng ký dịch vụ trả lương qua tài khoản,VPBank Financial,"2,788,548 VND",COUNTER,2026-07-28 14:19:00
CUST_0116,Đặng Ngọc Nga,PRIME,B. Giao dịch tiền mặt,Đổi mệnh giá tiền / đổi tiền không đủ tiêu chuẩn lưu thông,VPBank Financial,"17,914,419 VND",COUNTER,2026-04-09 14:27:00
CUST_0116,Đặng Ngọc Nga,PRIME,F. Ngoại tệ,Chuyển đổi ngoại tệ giữa các tài khoản (không dùng tiền mặt),VPBank Financial,"98,755,848 VND",ATM,2026-02-25 12:54:00
CUST_0116,Đặng Ngọc Nga,PRIME,A. Tài khoản & Thông tin KH,Mở tài khoản đồng sở hữu / ủy quyền sử dụng tài khoản,VPBank Financial,"18,239,486 VND",ATM,2026-06-08 15:52:00
CUST_0116,Đặng Ngọc Nga,PRIME,I. Ngân hàng số & Hỗ trợ,Lấy số thứ tự và check-in tại quầy,VPBank Financial,"6,668,226 VND",COUNTER,2026-06-26 13:56:00
CUST_0116,Đặng Ngọc Nga,PRIME,C. Tiết kiệm & Tiền gửi,Tái tục sổ tiết kiệm / chuyển kỳ hạn,VPBank Financial,"251,872,258 VND",COUNTER,2026-03-09 09:37:00
CUST_0116,Đặng Ngọc Nga,PRIME,I. Ngân hàng số & Hỗ trợ,Reset mật khẩu / cấp lại eToken / đổi thiết bị đăng nhập,VPBank Financial,"13,910,421 VND",APP,2026-05-17 10:26:00
CUST_0116,Đặng Ngọc Nga,PRIME,A. Tài khoản & Thông tin KH,Mở tài khoản thanh toán ngoại tệ (USD/EUR),VPBank Financial,"8,993,484 VND",APP,2026-05-25 07:57:00
CUST_0116,Đặng Ngọc Nga,PRIME,C. Tiết kiệm & Tiền gửi,Xác nhận số dư sổ tiết kiệm (chứng minh tài chính),VPBank Financial,"108,680,464 VND",COUNTER,2026-04-13 09:28:00
CUST_0116,Đặng Ngọc Nga,PRIME,I. Ngân hàng số & Hỗ trợ,Đăng ký dịch vụ trả lương qua tài khoản,VPBank Financial,"1,312,660 VND",EBANK,2026-07-31 07:35:00
CUST_0116,Đặng Ngọc Nga,PRIME,D. Thẻ,Nộp hồ sơ mở thẻ tín dụng,VPBank Financial,"15,837,357 VND",COUNTER,2026-03-17 12:57:00
CUST_0116,Đặng Ngọc Nga,PRIME,D. Thẻ,Thanh toán sao kê thẻ tín dụng tại quầy,VPBank Financial,"18,967,683 VND",ATM,2026-05-18 12:35:00
CUST_0116,Đặng Ngọc Nga,PRIME,D. Thẻ,Yêu cầu tăng / giảm hạn mức thẻ tín dụng,VPBank Financial,"2,831,786 VND",APP,2026-03-12 07:19:00
CUST_0116,Đặng Ngọc Nga,PRIME,J. Khách hàng doanh nghiệp,Phát hành thư bảo lãnh ngân hàng,VPBank Financial,"11,057,477 VND",APP,2026-03-07 12:46:00
CUST_0001,Phan Đức Phong,MASS,I. Ngân hàng số & Hỗ trợ,"Đăng ký / hủy SMS Banking, thông báo biến động số dư",VPBank Financial,"1,756,809 VND",COUNTER,2026-07-03 14:49:00
CUST_0001,Phan Đức Phong,MASS,D. Thẻ,Đăng ký trả góp 0% qua thẻ tín dụng,VPBank Financial,"8,755,901 VND",EBANK,2026-06-22 11:44:00
CUST_0001,Phan Đức Phong,MASS,D. Thẻ,Nhận thẻ và kích hoạt thẻ tại quầy,VPBank Financial,"16,192,507 VND",COUNTER,2026-03-28 15:37:00
CUST_0001,Phan Đức Phong,MASS,A. Tài khoản & Thông tin KH,Đóng tài khoản thanh toán,VPBank Financial,"17,218,159 VND",APP,2026-04-23 10:03:00
CUST_0001,Phan Đức Phong,MASS,D. Thẻ,Thanh toán sao kê thẻ tín dụng tại quầy,VPBank Financial,"9,851,863 VND",COUNTER,2026-03-23 15:42:00
CUST_0001,Phan Đức Phong,MASS,D. Thẻ,Đăng ký trả góp 0% qua thẻ tín dụng,VPBank Financial,"14,369,584 VND",ATM,2026-03-19 11:09:00
CUST_0001,Phan Đức Phong,MASS,D. Thẻ,Nộp hồ sơ mở thẻ tín dụng,VPBank Financial,"10,157,303 VND",APP,2026-03-22 15:44:00
CUST_0001,Phan Đức Phong,MASS,B. Giao dịch tiền mặt,Rút tiền mặt số lượng lớn (đăng ký trước),VPBank Financial,"16,842,610 VND",ATM,2026-06-26 10:39:00
CUST_0001,Phan Đức Phong,MASS,A. Tài khoản & Thông tin KH,Mở tài khoản đồng sở hữu / ủy quyền sử dụng tài khoản,VPBank Financial,"6,714,116 VND",APP,2026-03-03 14:47:00
CUST_0001,Phan Đức Phong,MASS,I. Ngân hàng số & Hỗ trợ,"Đăng ký / hủy SMS Banking, thông báo biến động số dư",VPBank Financial,"19,470,947 VND",COUNTER,2026-02-15 13:30:00
CUST_0001,Phan Đức Phong,MASS,A. Tài khoản & Thông tin KH,Xác thực sinh trắc học khuôn mặt / vân tay (QĐ 2345),VPBank Financial,"10,429,739 VND",COUNTER,2026-06-09 14:49:00
CUST_0001,Phan Đức Phong,MASS,I. Ngân hàng số & Hỗ trợ,"Đăng ký / hủy SMS Banking, thông báo biến động số dư",VPBank Financial,"19,396,744 VND",COUNTER,2026-04-21 13:10:00
CUST_0001,Phan Đức Phong,MASS,D. Thẻ,Đăng ký trả góp 0% qua thẻ tín dụng,VPBank Financial,"11,465,607 VND",ATM,2026-04-04 08:03:00
CUST_0001,Phan Đức Phong,MASS,I. Ngân hàng số & Hỗ trợ,Reset mật khẩu / cấp lại eToken / đổi thiết bị đăng nhập,VPBank Financial,"12,248,124 VND",ATM,2026-05-06 07:43:00
CUST_0001,Phan Đức Phong,MASS,H. Bảo hiểm & Đầu tư,"Mua bảo hiểm phi nhân thọ (sức khỏe, ô tô, nhà, du lịch)",VPBank Financial,"14,714,029 VND",APP,2026-04-19 14:37:00
CUST_0001,Phan Đức Phong,MASS,C. Tiết kiệm & Tiền gửi,Gửi tiết kiệm tích lũy / gửi góp định kỳ,VPBank Financial,"122,566,820 VND",COUNTER,2026-04-27 11:15:00
CUST_0001,Phan Đức Phong,MASS,G. Tín dụng,Xin xác nhận dư nợ / lịch sử trả nợ / xóa nợ xấu,VPBank Financial,"258,657,182 VND",APP,2026-02-02 12:46:00
CUST_0001,Phan Đức Phong,MASS,D. Thẻ,"Khóa / mở khóa thẻ, báo mất và phát hành lại",VPBank Financial,"12,227,229 VND",EBANK,2026-02-19 08:13:00
CUST_0001,Phan Đức Phong,MASS,D. Thẻ,Nhận thẻ và kích hoạt thẻ tại quầy,VPBank Financial,"12,405,887 VND",EBANK,2026-03-30 16:00:00
CUST_0001,Phan Đức Phong,MASS,I. Ngân hàng số & Hỗ trợ,Đăng ký dịch vụ trả lương qua tài khoản,VPBank Financial,"15,527,782 VND",COUNTER,2026-05-31 12:50:00
CUST_0001,Phan Đức Phong,MASS,C. Tiết kiệm & Tiền gửi,Báo mất / cấp lại sổ tiết kiệm,VPBank Financial,"127,401,319 VND",COUNTER,2026-06-29 15:34:00
CUST_0001,Phan Đức Phong,MASS,E. Chuyển tiền & Thanh toán,"Chuyển tiền quốc tế đi (du học, chữa bệnh, trợ cấp thân nhân, công tác)",VPBank Financial,"78,995,243 VND",COUNTER,2026-03-12 09:06:00
CUST_0001,Phan Đức Phong,MASS,E. Chuyển tiền & Thanh toán,"Thanh toán hóa đơn (điện, nước, viễn thông, học phí, bảo hiểm)",VPBank Financial,"16,608,692 VND",APP,2026-07-01 12:52:00
CUST_0001,Phan Đức Phong,MASS,D. Thẻ,"Khóa / mở khóa thẻ, báo mất và phát hành lại",VPBank Financial,"15,054,594 VND",COUNTER,2026-03-26 09:57:00
CUST_0001,Phan Đức Phong,MASS,C. Tiết kiệm & Tiền gửi,Rút trước hạn sổ tiết kiệm (một phần / toàn bộ),VPBank Financial,"197,138,894 VND",COUNTER,2026-04-15 12:35:00
CUST_0001,Phan Đức Phong,MASS,D. Thẻ,Phát hành thẻ ghi nợ quốc tế (Visa/Mastercard Debit),VPBank Financial,"7,200,355 VND",EBANK,2026-03-09 07:55:00
CUST_0021,Phan Hoàng Em,MASS,J. Khách hàng doanh nghiệp,Phát hành thư bảo lãnh ngân hàng,VPBank Financial,"15,248,691 VND",COUNTER,2026-04-08 10:40:00
CUST_0021,Phan Hoàng Em,MASS,J. Khách hàng doanh nghiệp,Vay vốn lưu động / hạn mức tín dụng doanh nghiệp,VPBank Financial,"8,520,942 VND",APP,2026-04-05 11:06:00
CUST_0021,Phan Hoàng Em,MASS,I. Ngân hàng số & Hỗ trợ,Đăng ký dịch vụ trả lương qua tài khoản,VPBank Financial,"18,685,144 VND",APP,2026-04-28 12:27:00
CUST_0021,Phan Hoàng Em,MASS,A. Tài khoản & Thông tin KH,Mở tài khoản số đẹp / số theo yêu cầu,VPBank Financial,"16,275,415 VND",APP,2026-05-11 08:14:00
CUST_0021,Phan Hoàng Em,MASS,E. Chuyển tiền & Thanh toán,Đăng ký ủy nhiệm chi / chuyển tiền định kỳ tự động,VPBank Financial,"14,273,782 VND",ATM,2026-06-01 10:27:00
CUST_0021,Phan Hoàng Em,MASS,J. Khách hàng doanh nghiệp,"Mở L/C và thanh toán quốc tế (T/T, D/P, D/A)",VPBank Financial,"7,311,404 VND",APP,2026-05-19 12:02:00
CUST_0021,Phan Hoàng Em,MASS,B. Giao dịch tiền mặt,Đổi mệnh giá tiền / đổi tiền không đủ tiêu chuẩn lưu thông,VPBank Financial,"3,258,966 VND",APP,2026-03-24 08:16:00
CUST_0021,Phan Hoàng Em,MASS,A. Tài khoản & Thông tin KH,Đăng ký / thay đổi chữ ký mẫu,VPBank Financial,"9,971,307 VND",COUNTER,2026-02-13 13:18:00
CUST_0021,Phan Hoàng Em,MASS,E. Chuyển tiền & Thanh toán,Đăng ký ủy nhiệm chi / chuyển tiền định kỳ tự động,VPBank Financial,"66,420,834 VND",COUNTER,2026-02-25 15:44:00
CUST_0021,Phan Hoàng Em,MASS,J. Khách hàng doanh nghiệp,Đăng ký eBanking doanh nghiệp và phân quyền người dùng,VPBank Financial,"888,052 VND",ATM,2026-06-11 11:01:00
CUST_0021,Phan Hoàng Em,MASS,C. Tiết kiệm & Tiền gửi,Rút trước hạn sổ tiết kiệm (một phần / toàn bộ),VPBank Financial,"167,383,362 VND",APP,2026-03-03 12:40:00
CUST_0021,Phan Hoàng Em,MASS,A. Tài khoản & Thông tin KH,Xin sao kê tài khoản / xác nhận số dư,VPBank Financial,"13,624,302 VND",ATM,2026-06-05 07:05:00
CUST_0021,Phan Hoàng Em,MASS,J. Khách hàng doanh nghiệp,Nộp thuế điện tử doanh nghiệp,VPBank Financial,"2,466,398 VND",COUNTER,2026-07-18 14:27:00
CUST_0021,Phan Hoàng Em,MASS,D. Thẻ,Nhận thẻ và kích hoạt thẻ tại quầy,VPBank Financial,"5,121,276 VND",COUNTER,2026-07-21 10:14:00
CUST_0021,Phan Hoàng Em,MASS,D. Thẻ,Nhận thẻ và kích hoạt thẻ tại quầy,VPBank Financial,"15,108,382 VND",COUNTER,2026-04-29 08:37:00
CUST_0021,Phan Hoàng Em,MASS,H. Bảo hiểm & Đầu tư,Mở tài khoản chứng khoán / đăng ký dịch vụ đầu tư,VPBank Financial,"8,299,705 VND",COUNTER,2026-04-08 14:05:00
CUST_0021,Phan Hoàng Em,MASS,E. Chuyển tiền & Thanh toán,Đăng ký ủy nhiệm chi / chuyển tiền định kỳ tự động,VPBank Financial,"9,264,140 VND",COUNTER,2026-05-12 13:01:00
CUST_0021,Phan Hoàng Em,MASS,J. Khách hàng doanh nghiệp,Nộp / rút tiền mặt tài khoản doanh nghiệp,VPBank Financial,"4,537,771 VND",COUNTER,2026-07-27 10:07:00
CUST_0021,Phan Hoàng Em,MASS,D. Thẻ,Phát hành thẻ ghi nợ quốc tế (Visa/Mastercard Debit),VPBank Financial,"3,860,968 VND",COUNTER,2026-07-29 14:32:00
CUST_0021,Phan Hoàng Em,MASS,J. Khách hàng doanh nghiệp,Đăng ký dịch vụ thu hộ qua mã VietQR / Virtual Account,VPBank Financial,"286,599 VND",EBANK,2026-03-04 09:56:00
CUST_0021,Phan Hoàng Em,MASS,I. Ngân hàng số & Hỗ trợ,Đăng ký nâng hạng khách hàng ưu tiên (VPBank Diamond / Prime),VPBank Financial,"7,556,516 VND",COUNTER,2026-07-11 14:38:00
CUST_0021,Phan Hoàng Em,MASS,A. Tài khoản & Thông tin KH,Mở tài khoản số đẹp / số theo yêu cầu,VPBank Financial,"279,687 VND",COUNTER,2026-03-18 10:32:00
CUST_0021,Phan Hoàng Em,MASS,E. Chuyển tiền & Thanh toán,Nhận tiền chuyển đến từ nước ngoài / chi trả kiều hối,VPBank Financial,"90,631,918 VND",COUNTER,2026-03-03 11:50:00
CUST_0105,Huỳnh Thanh Cường,PRIME,E. Chuyển tiền & Thanh toán,Nộp thuế / phí lệ phí nhà nước,VPBank Financial,"53,493,712 VND",COUNTER,2026-05-26 07:16:00
CUST_0105,Huỳnh Thanh Cường,PRIME,A. Tài khoản & Thông tin KH,Mở tài khoản thanh toán ngoại tệ (USD/EUR),VPBank Financial,"6,721,710 VND",APP,2026-05-16 12:59:00
CUST_0105,Huỳnh Thanh Cường,PRIME,I. Ngân hàng số & Hỗ trợ,Tiếp nhận khiếu nại / góp ý dịch vụ chung,VPBank Financial,"943,811 VND",APP,2026-03-15 07:12:00
CUST_0105,Huỳnh Thanh Cường,PRIME,J. Khách hàng doanh nghiệp,Vay vốn lưu động / hạn mức tín dụng doanh nghiệp,VPBank Financial,"9,421,366 VND",COUNTER,2026-04-04 12:36:00
CUST_0105,Huỳnh Thanh Cường,PRIME,I. Ngân hàng số & Hỗ trợ,Tiếp nhận khiếu nại / góp ý dịch vụ chung,VPBank Financial,"12,505,845 VND",COUNTER,2026-07-22 15:22:00
CUST_0105,Huỳnh Thanh Cường,PRIME,J. Khách hàng doanh nghiệp,Nộp thuế điện tử doanh nghiệp,VPBank Financial,"9,082,925 VND",APP,2026-03-14 14:31:00
CUST_0105,Huỳnh Thanh Cường,PRIME,C. Tiết kiệm & Tiền gửi,Tất toán sổ tiết kiệm đúng hạn,VPBank Financial,"144,429,911 VND",ATM,2026-07-09 07:07:00
CUST_0105,Huỳnh Thanh Cường,PRIME,D. Thẻ,Nộp hồ sơ mở thẻ tín dụng,VPBank Financial,"19,222,152 VND",COUNTER,2026-06-02 14:00:00
CUST_0105,Huỳnh Thanh Cường,PRIME,D. Thẻ,Phát hành thẻ ghi nợ nội địa (ATM/Napas),VPBank Financial,"9,914,149 VND",ATM,2026-02-19 12:16:00
CUST_0105,Huỳnh Thanh Cường,PRIME,J. Khách hàng doanh nghiệp,Ủy nhiệm chi / chuyển tiền doanh nghiệp,VPBank Financial,"12,389,363 VND",COUNTER,2026-07-06 08:15:00
CUST_0105,Huỳnh Thanh Cường,PRIME,J. Khách hàng doanh nghiệp,Phát hành thư bảo lãnh ngân hàng,VPBank Financial,"10,639,074 VND",COUNTER,2026-05-15 15:38:00
CUST_0105,Huỳnh Thanh Cường,PRIME,I. Ngân hàng số & Hỗ trợ,Đăng ký dịch vụ trả lương qua tài khoản,VPBank Financial,"19,833,566 VND",COUNTER,2026-06-30 13:46:00
CUST_0105,Huỳnh Thanh Cường,PRIME,E. Chuyển tiền & Thanh toán,Tra soát lệnh chuyển tiền / yêu cầu hoàn tiền,VPBank Financial,"17,393,285 VND",EBANK,2026-07-11 13:13:00
CUST_0105,Huỳnh Thanh Cường,PRIME,C. Tiết kiệm & Tiền gửi,Gửi tiết kiệm ngoại tệ (USD/EUR),VPBank Financial,"40,320,793 VND",APP,2026-04-04 11:01:00
CUST_0105,Huỳnh Thanh Cường,PRIME,C. Tiết kiệm & Tiền gửi,Tái tục sổ tiết kiệm / chuyển kỳ hạn,VPBank Financial,"116,671,345 VND",APP,2026-07-16 12:18:00
CUST_0105,Huỳnh Thanh Cường,PRIME,J. Khách hàng doanh nghiệp,Đăng ký eBanking doanh nghiệp và phân quyền người dùng,VPBank Financial,"2,410,421 VND",APP,2026-07-02 13:28:00
CUST_0105,Huỳnh Thanh Cường,PRIME,E. Chuyển tiền & Thanh toán,Nhận tiền chuyển đến từ nước ngoài / chi trả kiều hối,VPBank Financial,"93,457,462 VND",COUNTER,2026-07-09 09:59:00
CUST_0105,Huỳnh Thanh Cường,PRIME,B. Giao dịch tiền mặt,Dịch vụ thu hộ / chi hộ tiền mặt tại quầy,VPBank Financial,"5,328,169 VND",APP,2026-07-01 10:03:00
CUST_0105,Huỳnh Thanh Cường,PRIME,J. Khách hàng doanh nghiệp,Mở tài khoản thanh toán doanh nghiệp,VPBank Financial,"14,782,585 VND",EBANK,2026-02-16 12:44:00
CUST_0105,Huỳnh Thanh Cường,PRIME,D. Thẻ,Thanh toán sao kê thẻ tín dụng tại quầy,VPBank Financial,"13,941,595 VND",APP,2026-06-24 09:37:00
CUST_0105,Huỳnh Thanh Cường,PRIME,I. Ngân hàng số & Hỗ trợ,Đăng ký nâng hạng khách hàng ưu tiên (VPBank Diamond / Prime),VPBank Financial,"4,439,502 VND",APP,2026-05-13 09:43:00
CUST_0105,Huỳnh Thanh Cường,PRIME,D. Thẻ,Đăng ký trả góp 0% qua thẻ tín dụng,VPBank Financial,"11,772,455 VND",EBANK,2026-07-04 07:45:00
CUST_0105,Huỳnh Thanh Cường,PRIME,C. Tiết kiệm & Tiền gửi,Xác nhận số dư sổ tiết kiệm (chứng minh tài chính),VPBank Financial,"42,472,161 VND",COUNTER,2026-07-26 14:30:00
CUST_0105,Huỳnh Thanh Cường,PRIME,J. Khách hàng doanh nghiệp,Mở tài khoản thanh toán doanh nghiệp,VPBank Financial,"15,248,710 VND",COUNTER,2026-05-22 10:02:00
CUST_0105,Huỳnh Thanh Cường,PRIME,B. Giao dịch tiền mặt,Dịch vụ thu hộ / chi hộ tiền mặt tại quầy,VPBank Financial,"17,382,291 VND",COUNTER,2026-03-11 11:16:00
CUST_0105,Huỳnh Thanh Cường,PRIME,A. Tài khoản & Thông tin KH,Đăng ký / thay đổi chữ ký mẫu,VPBank Financial,"9,121,823 VND",COUNTER,2026-03-30 12:30:00
CUST_0105,Huỳnh Thanh Cường,PRIME,E. Chuyển tiền & Thanh toán,Chuyển tiền liên ngân hàng (Napas 24/7 / Citad),VPBank Financial,"20,371,851 VND",APP,2026-07-23 07:59:00
CUST_0105,Huỳnh Thanh Cường,PRIME,J. Khách hàng doanh nghiệp,Đăng ký dịch vụ thu hộ qua mã VietQR / Virtual Account,VPBank Financial,"13,383,743 VND",COUNTER,2026-05-04 08:54:00
CUST_0105,Huỳnh Thanh Cường,PRIME,J. Khách hàng doanh nghiệp,Phát hành thư bảo lãnh ngân hàng,VPBank Financial,"7,083,998 VND",APP,2026-04-25 14:56:00
CUST_0105,Huỳnh Thanh Cường,PRIME,I. Ngân hàng số & Hỗ trợ,Tiếp nhận khiếu nại / góp ý dịch vụ chung,VPBank Financial,"18,780,053 VND",COUNTER,2026-04-05 09:22:00
CUST_0105,Huỳnh Thanh Cường,PRIME,E. Chuyển tiền & Thanh toán,"Thanh toán hóa đơn (điện, nước, viễn thông, học phí, bảo hiểm)",VPBank Financial,"99,374,554 VND",APP,2026-02-26 11:42:00
CUST_0044,Phạm Ngọc Linh,MASS,H. Bảo hiểm & Đầu tư,"Mua bảo hiểm phi nhân thọ (sức khỏe, ô tô, nhà, du lịch)",VPBank Financial,"6,830,590 VND",APP,2026-04-11 09:55:00
CUST_0044,Phạm Ngọc Linh,MASS,C. Tiết kiệm & Tiền gửi,Tất toán sổ tiết kiệm đúng hạn,VPBank Financial,"258,927,128 VND",COUNTER,2026-04-21 08:48:00
CUST_0044,Phạm Ngọc Linh,MASS,A. Tài khoản & Thông tin KH,Phong tỏa / giải tỏa tài khoản,VPBank Financial,"7,927,701 VND",COUNTER,2026-05-19 11:11:00
CUST_0044,Phạm Ngọc Linh,MASS,A. Tài khoản & Thông tin KH,Xin sao kê tài khoản / xác nhận số dư,VPBank Financial,"1,064,486 VND",COUNTER,2026-05-30 11:32:00
CUST_0044,Phạm Ngọc Linh,MASS,I. Ngân hàng số & Hỗ trợ,Đăng ký / kích hoạt VPBank NEO (Internet & Mobile Banking),VPBank Financial,"9,664,391 VND",APP,2026-03-31 12:51:00
CUST_0044,Phạm Ngọc Linh,MASS,D. Thẻ,Phát hành thẻ ghi nợ nội địa (ATM/Napas),VPBank Financial,"1,319,011 VND",COUNTER,2026-04-24 07:22:00
CUST_0044,Phạm Ngọc Linh,MASS,F. Ngoại tệ,Chuyển đổi ngoại tệ giữa các tài khoản (không dùng tiền mặt),VPBank Financial,"16,160,210 VND",APP,2026-03-12 08:13:00
CUST_0044,Phạm Ngọc Linh,MASS,H. Bảo hiểm & Đầu tư,Hỗ trợ hồ sơ yêu cầu bồi thường bảo hiểm,VPBank Financial,"8,927,163 VND",APP,2026-04-15 14:27:00
CUST_0044,Phạm Ngọc Linh,MASS,C. Tiết kiệm & Tiền gửi,Cầm cố sổ tiết kiệm để vay vốn,VPBank Financial,"130,741,355 VND",ATM,2026-07-26 14:40:00
CUST_0044,Phạm Ngọc Linh,MASS,D. Thẻ,Nộp hồ sơ mở thẻ tín dụng,VPBank Financial,"5,480,728 VND",EBANK,2026-06-18 12:42:00
CUST_0044,Phạm Ngọc Linh,MASS,H. Bảo hiểm & Đầu tư,Mua chứng chỉ quỹ / trái phiếu do ngân hàng phân phối,VPBank Financial,"11,840,137 VND",APP,2026-07-23 14:06:00
CUST_0044,Phạm Ngọc Linh,MASS,A. Tài khoản & Thông tin KH,"Cập nhật thông tin CIF (CCCD, địa chỉ, SĐT, email, nghề nghiệp)",VPBank Financial,"10,998,184 VND",COUNTER,2026-04-06 14:40:00
CUST_0044,Phạm Ngọc Linh,MASS,H. Bảo hiểm & Đầu tư,Đóng phí bảo hiểm định kỳ tại quầy,VPBank Financial,"11,443,251 VND",COUNTER,2026-02-20 14:38:00
CUST_0044,Phạm Ngọc Linh,MASS,J. Khách hàng doanh nghiệp,Nộp / rút tiền mặt tài khoản doanh nghiệp,VPBank Financial,"7,615,816 VND",COUNTER,2026-03-12 12:16:00
CUST_0044,Phạm Ngọc Linh,MASS,C. Tiết kiệm & Tiền gửi,Gửi tiết kiệm tích lũy / gửi góp định kỳ,VPBank Financial,"222,861,262 VND",COUNTER,2026-03-17 09:17:00
CUST_0044,Phạm Ngọc Linh,MASS,G. Tín dụng,Tư vấn và nộp hồ sơ vay tiêu dùng tín chấp,VPBank Financial,"159,508,628 VND",APP,2026-02-02 08:06:00
CUST_0044,Phạm Ngọc Linh,MASS,B. Giao dịch tiền mặt,Rút tiền mặt từ tài khoản,VPBank Financial,"14,860,972 VND",APP,2026-05-19 13:06:00
CUST_0044,Phạm Ngọc Linh,MASS,D. Thẻ,"Khóa / mở khóa thẻ, báo mất và phát hành lại",VPBank Financial,"4,867,913 VND",COUNTER,2026-04-04 11:14:00
CUST_0044,Phạm Ngọc Linh,MASS,G. Tín dụng,Trả nợ gốc / lãi khoản vay tại quầy,VPBank Financial,"160,641,302 VND",APP,2026-06-16 13:37:00
CUST_0044,Phạm Ngọc Linh,MASS,C. Tiết kiệm & Tiền gửi,Gửi tiết kiệm có kỳ hạn VND tại quầy,VPBank Financial,"63,697,863 VND",APP,2026-03-13 12:01:00
CUST_0044,Phạm Ngọc Linh,MASS,G. Tín dụng,Tất toán khoản vay trước hạn / giải chấp tài sản,VPBank Financial,"125,959,022 VND",COUNTER,2026-05-16 10:09:00
CUST_0044,Phạm Ngọc Linh,MASS,H. Bảo hiểm & Đầu tư,Tư vấn và mua bảo hiểm nhân thọ (Bancassurance),VPBank Financial,"7,993,199 VND",COUNTER,2026-05-22 14:42:00
CUST_0044,Phạm Ngọc Linh,MASS,I. Ngân hàng số & Hỗ trợ,Thuê két sắt / dịch vụ giữ hộ tài sản,VPBank Financial,"16,437,270 VND",APP,2026-04-08 09:13:00
CUST_0044,Phạm Ngọc Linh,MASS,A. Tài khoản & Thông tin KH,Mở tài khoản thanh toán ngoại tệ (USD/EUR),VPBank Financial,"5,718,795 VND",APP,2026-03-16 14:42:00
CUST_0044,Phạm Ngọc Linh,MASS,D. Thẻ,Tra soát / khiếu nại giao dịch thẻ,VPBank Financial,"18,338,286 VND",APP,2026-03-01 10:53:00
CUST_0044,Phạm Ngọc Linh,MASS,A. Tài khoản & Thông tin KH,Đóng tài khoản thanh toán,VPBank Financial,"10,769,472 VND",APP,2026-05-17 15:03:00
CUST_0044,Phạm Ngọc Linh,MASS,C. Tiết kiệm & Tiền gửi,Gửi tiết kiệm có kỳ hạn VND tại quầy,VPBank Financial,"141,805,003 VND",COUNTER,2026-07-01 11:50:00
CUST_0086,Đỗ Anh Tuấn,MASS,E. Chuyển tiền & Thanh toán,Chuyển tiền liên ngân hàng (Napas 24/7 / Citad),VPBank Financial,"51,061,580 VND",COUNTER,2026-02-07 14:09:00
CUST_0086,Đỗ Anh Tuấn,MASS,I. Ngân hàng số & Hỗ trợ,Đăng ký / kích hoạt VPBank NEO (Internet & Mobile Banking),VPBank Financial,"1,751,097 VND",COUNTER,2026-03-03 14:29:00
CUST_0086,Đỗ Anh Tuấn,MASS,C. Tiết kiệm & Tiền gửi,Tái tục sổ tiết kiệm / chuyển kỳ hạn,VPBank Financial,"43,873,191 VND",COUNTER,2026-07-21 14:11:00
CUST_0086,Đỗ Anh Tuấn,MASS,E. Chuyển tiền & Thanh toán,Nhận tiền chuyển đến từ nước ngoài / chi trả kiều hối,VPBank Financial,"46,179,051 VND",COUNTER,2026-07-09 12:09:00
CUST_0086,Đỗ Anh Tuấn,MASS,H. Bảo hiểm & Đầu tư,Hỗ trợ hồ sơ yêu cầu bồi thường bảo hiểm,VPBank Financial,"7,357,014 VND",APP,2026-04-25 07:38:00
CUST_0086,Đỗ Anh Tuấn,MASS,F. Ngoại tệ,Bán ngoại tệ tiền mặt cho ngân hàng,VPBank Financial,"93,552,722 VND",APP,2026-05-16 07:37:00
CUST_0086,Đỗ Anh Tuấn,MASS,E. Chuyển tiền & Thanh toán,Nhận tiền chuyển đến từ nước ngoài / chi trả kiều hối,VPBank Financial,"7,325,625 VND",APP,2026-06-28 15:17:00
CUST_0086,Đỗ Anh Tuấn,MASS,I. Ngân hàng số & Hỗ trợ,Đăng ký dịch vụ trả lương qua tài khoản,VPBank Financial,"15,726,906 VND",APP,2026-03-02 09:27:00
CUST_0086,Đỗ Anh Tuấn,MASS,E. Chuyển tiền & Thanh toán,Chuyển tiền liên ngân hàng (Napas 24/7 / Citad),VPBank Financial,"72,947,501 VND",COUNTER,2026-05-09 10:07:00
CUST_0086,Đỗ Anh Tuấn,MASS,A. Tài khoản & Thông tin KH,Mở tài khoản đồng sở hữu / ủy quyền sử dụng tài khoản,VPBank Financial,"3,106,672 VND",APP,2026-03-09 10:21:00
CUST_0086,Đỗ Anh Tuấn,MASS,J. Khách hàng doanh nghiệp,Mở tài khoản thanh toán doanh nghiệp,VPBank Financial,"13,533,151 VND",ATM,2026-02-06 08:10:00
CUST_0086,Đỗ Anh Tuấn,MASS,H. Bảo hiểm & Đầu tư,"Mua bảo hiểm phi nhân thọ (sức khỏe, ô tô, nhà, du lịch)",VPBank Financial,"16,966,304 VND",APP,2026-04-16 08:59:00
CUST_0086,Đỗ Anh Tuấn,MASS,A. Tài khoản & Thông tin KH,Đăng ký / thay đổi chữ ký mẫu,VPBank Financial,"3,586,015 VND",APP,2026-05-26 11:52:00
CUST_0086,Đỗ Anh Tuấn,MASS,A. Tài khoản & Thông tin KH,"Cập nhật thông tin CIF (CCCD, địa chỉ, SĐT, email, nghề nghiệp)",VPBank Financial,"12,734,758 VND",APP,2026-06-28 09:58:00
CUST_0086,Đỗ Anh Tuấn,MASS,G. Tín dụng,Tư vấn và nộp hồ sơ vay tiêu dùng tín chấp,VPBank Financial,"251,345,477 VND",ATM,2026-04-30 13:08:00
CUST_0086,Đỗ Anh Tuấn,MASS,I. Ngân hàng số & Hỗ trợ,Tiếp nhận khiếu nại / góp ý dịch vụ chung,VPBank Financial,"15,188,835 VND",APP,2026-04-09 15:37:00
CUST_0086,Đỗ Anh Tuấn,MASS,J. Khách hàng doanh nghiệp,Mở tài khoản thanh toán doanh nghiệp,VPBank Financial,"13,006,752 VND",EBANK,2026-02-19 14:26:00
CUST_0086,Đỗ Anh Tuấn,MASS,A. Tài khoản & Thông tin KH,Xin sao kê tài khoản / xác nhận số dư,VPBank Financial,"11,035,301 VND",COUNTER,2026-04-09 15:54:00
CUST_0086,Đỗ Anh Tuấn,MASS,H. Bảo hiểm & Đầu tư,"Mua bảo hiểm phi nhân thọ (sức khỏe, ô tô, nhà, du lịch)",VPBank Financial,"1,485,488 VND",APP,2026-06-03 11:07:00
CUST_0086,Đỗ Anh Tuấn,MASS,C. Tiết kiệm & Tiền gửi,Tái tục sổ tiết kiệm / chuyển kỳ hạn,VPBank Financial,"254,094,672 VND",COUNTER,2026-05-30 12:28:00
CUST_0086,Đỗ Anh Tuấn,MASS,D. Thẻ,Tra soát / khiếu nại giao dịch thẻ,VPBank Financial,"13,319,149 VND",APP,2026-04-20 15:00:00
CUST_0086,Đỗ Anh Tuấn,MASS,I. Ngân hàng số & Hỗ trợ,Đăng ký nâng hạng khách hàng ưu tiên (VPBank Diamond / Prime),VPBank Financial,"19,199,158 VND",APP,2026-04-23 09:04:00
CUST_0086,Đỗ Anh Tuấn,MASS,I. Ngân hàng số & Hỗ trợ,Tiếp nhận khiếu nại / góp ý dịch vụ chung,VPBank Financial,"19,202,036 VND",COUNTER,2026-02-17 14:49:00
CUST_0086,Đỗ Anh Tuấn,MASS,H. Bảo hiểm & Đầu tư,Hỗ trợ hồ sơ yêu cầu bồi thường bảo hiểm,VPBank Financial,"10,370,761 VND",APP,2026-07-10 10:20:00
CUST_0086,Đỗ Anh Tuấn,MASS,E. Chuyển tiền & Thanh toán,Nhận tiền chuyển đến từ nước ngoài / chi trả kiều hối,VPBank Financial,"34,943,938 VND",APP,2026-03-21 07:13:00
CUST_0086,Đỗ Anh Tuấn,MASS,E. Chuyển tiền & Thanh toán,Tra soát lệnh chuyển tiền / yêu cầu hoàn tiền,VPBank Financial,"91,054,828 VND",EBANK,2026-05-19 14:28:00
CUST_0086,Đỗ Anh Tuấn,MASS,B. Giao dịch tiền mặt,Đổi mệnh giá tiền / đổi tiền không đủ tiêu chuẩn lưu thông,VPBank Financial,"1,688,892 VND",APP,2026-02-17 15:47:00
CUST_0086,Đỗ Anh Tuấn,MASS,E. Chuyển tiền & Thanh toán,Tra soát lệnh chuyển tiền / yêu cầu hoàn tiền,VPBank Financial,"72,313,349 VND",APP,2026-06-14 14:59:00
CUST_0086,Đỗ Anh Tuấn,MASS,I. Ngân hàng số & Hỗ trợ,Đăng ký / kích hoạt VPBank NEO (Internet & Mobile Banking),VPBank Financial,"1,024,288 VND",APP,2026-03-26 12:33:00
CUST_0020,Võ Minh Nam,MASS,C. Tiết kiệm & Tiền gửi,Gửi tiết kiệm tích lũy / gửi góp định kỳ,VPBank Financial,"202,569,580 VND",COUNTER,2026-05-27 07:33:00
CUST_0020,Võ Minh Nam,MASS,I. Ngân hàng số & Hỗ trợ,Đăng ký / kích hoạt VPBank NEO (Internet & Mobile Banking),VPBank Financial,"6,773,614 VND",APP,2026-03-05 08:57:00
CUST_0020,Võ Minh Nam,MASS,A. Tài khoản & Thông tin KH,Xin sao kê tài khoản / xác nhận số dư,VPBank Financial,"16,140,849 VND",ATM,2026-05-06 07:27:00
CUST_0020,Võ Minh Nam,MASS,G. Tín dụng,Đăng ký hạn mức thấu chi tài khoản,VPBank Financial,"257,470,484 VND",ATM,2026-05-12 12:58:00
CUST_0020,Võ Minh Nam,MASS,I. Ngân hàng số & Hỗ trợ,Đăng ký nâng hạng khách hàng ưu tiên (VPBank Diamond / Prime),VPBank Financial,"3,325,048 VND",APP,2026-04-12 15:00:00
CUST_0020,Võ Minh Nam,MASS,J. Khách hàng doanh nghiệp,"Mở L/C và thanh toán quốc tế (T/T, D/P, D/A)",VPBank Financial,"15,261,459 VND",EBANK,2026-06-03 11:38:00
CUST_0020,Võ Minh Nam,MASS,G. Tín dụng,Tư vấn và nộp hồ sơ vay mua/sửa nhà (thế chấp bất động sản),VPBank Financial,"86,677,246 VND",APP,2026-03-19 13:59:00
CUST_0020,Võ Minh Nam,MASS,I. Ngân hàng số & Hỗ trợ,Đăng ký nâng hạng khách hàng ưu tiên (VPBank Diamond / Prime),VPBank Financial,"13,218,386 VND",COUNTER,2026-03-27 14:23:00
CUST_0020,Võ Minh Nam,MASS,H. Bảo hiểm & Đầu tư,Hỗ trợ hồ sơ yêu cầu bồi thường bảo hiểm,VPBank Financial,"8,026,031 VND",APP,2026-04-30 10:11:00
CUST_0020,Võ Minh Nam,MASS,D. Thẻ,Phát hành thẻ ghi nợ nội địa (ATM/Napas),VPBank Financial,"9,468,625 VND",EBANK,2026-04-29 11:17:00
CUST_0020,Võ Minh Nam,MASS,D. Thẻ,Phát hành thẻ ghi nợ nội địa (ATM/Napas),VPBank Financial,"8,696,136 VND",EBANK,2026-07-24 10:40:00
CUST_0020,Võ Minh Nam,MASS,B. Giao dịch tiền mặt,Dịch vụ thu hộ / chi hộ tiền mặt tại quầy,VPBank Financial,"7,990,023 VND",COUNTER,2026-05-26 08:31:00
CUST_0020,Võ Minh Nam,MASS,A. Tài khoản & Thông tin KH,Đăng ký / thay đổi chữ ký mẫu,VPBank Financial,"7,314,837 VND",COUNTER,2026-05-18 13:57:00
CUST_0020,Võ Minh Nam,MASS,C. Tiết kiệm & Tiền gửi,Gửi tiết kiệm tích lũy / gửi góp định kỳ,VPBank Financial,"233,077,049 VND",APP,2026-05-03 08:09:00
CUST_0020,Võ Minh Nam,MASS,D. Thẻ,Nhận thẻ và kích hoạt thẻ tại quầy,VPBank Financial,"11,375,178 VND",ATM,2026-05-18 13:02:00
CUST_0020,Võ Minh Nam,MASS,A. Tài khoản & Thông tin KH,Phong tỏa / giải tỏa tài khoản,VPBank Financial,"19,585,884 VND",APP,2026-04-01 13:19:00
CUST_0020,Võ Minh Nam,MASS,D. Thẻ,Phát hành thẻ ghi nợ quốc tế (Visa/Mastercard Debit),VPBank Financial,"7,503,916 VND",COUNTER,2026-02-14 15:21:00
CUST_0020,Võ Minh Nam,MASS,E. Chuyển tiền & Thanh toán,Nhận tiền chuyển đến từ nước ngoài / chi trả kiều hối,VPBank Financial,"88,848,736 VND",COUNTER,2026-03-03 07:17:00
CUST_0020,Võ Minh Nam,MASS,B. Giao dịch tiền mặt,Nộp tiền mặt vào tài khoản của chính mình,VPBank Financial,"11,622,836 VND",COUNTER,2026-02-08 15:27:00
CUST_0020,Võ Minh Nam,MASS,A. Tài khoản & Thông tin KH,"Cập nhật thông tin CIF (CCCD, địa chỉ, SĐT, email, nghề nghiệp)",VPBank Financial,"8,752,282 VND",APP,2026-07-14 08:28:00
CUST_0020,Võ Minh Nam,MASS,I. Ngân hàng số & Hỗ trợ,"Đăng ký / hủy SMS Banking, thông báo biến động số dư",VPBank Financial,"3,538,415 VND",APP,2026-05-26 11:19:00
CUST_0020,Võ Minh Nam,MASS,C. Tiết kiệm & Tiền gửi,Tái tục sổ tiết kiệm / chuyển kỳ hạn,VPBank Financial,"163,707,145 VND",COUNTER,2026-03-27 15:49:00
CUST_0020,Võ Minh Nam,MASS,A. Tài khoản & Thông tin KH,Đăng ký / thay đổi chữ ký mẫu,VPBank Financial,"6,030,246 VND",APP,2026-04-01 07:19:00
CUST_0020,Võ Minh Nam,MASS,D. Thẻ,Nộp hồ sơ mở thẻ tín dụng,VPBank Financial,"14,718,859 VND",EBANK,2026-03-25 13:27:00
CUST_0020,Võ Minh Nam,MASS,F. Ngoại tệ,"Mua ngoại tệ tiền mặt (du lịch, du học, công tác, chữa bệnh)",VPBank Financial,"85,494,995 VND",APP,2026-02-22 12:35:00
CUST_0020,Võ Minh Nam,MASS,H. Bảo hiểm & Đầu tư,Hỗ trợ hồ sơ yêu cầu bồi thường bảo hiểm,VPBank Financial,"7,375,390 VND",COUNTER,2026-06-02 10:26:00
CUST_0101,Bùi Anh Mai,MASS,D. Thẻ,Thanh toán sao kê thẻ tín dụng tại quầy,VPBank Financial,"19,075,482 VND",COUNTER,2026-07-29 10:39:00
CUST_0101,Bùi Anh Mai,MASS,E. Chuyển tiền & Thanh toán,Nộp thuế / phí lệ phí nhà nước,VPBank Financial,"30,345,482 VND",APP,2026-02-06 10:26:00
CUST_0101,Bùi Anh Mai,MASS,B. Giao dịch tiền mặt,Dịch vụ thu hộ / chi hộ tiền mặt tại quầy,VPBank Financial,"8,867,748 VND",COUNTER,2026-03-22 09:47:00
CUST_0101,Bùi Anh Mai,MASS,J. Khách hàng doanh nghiệp,Đăng ký eBanking doanh nghiệp và phân quyền người dùng,VPBank Financial,"5,159,562 VND",ATM,2026-02-24 12:24:00
CUST_0101,Bùi Anh Mai,MASS,H. Bảo hiểm & Đầu tư,"Mua bảo hiểm phi nhân thọ (sức khỏe, ô tô, nhà, du lịch)",VPBank Financial,"4,914,087 VND",ATM,2026-04-18 14:02:00
CUST_0101,Bùi Anh Mai,MASS,J. Khách hàng doanh nghiệp,Ủy nhiệm chi / chuyển tiền doanh nghiệp,VPBank Financial,"16,024,914 VND",ATM,2026-04-01 12:09:00
CUST_0101,Bùi Anh Mai,MASS,A. Tài khoản & Thông tin KH,Đăng ký / thay đổi chữ ký mẫu,VPBank Financial,"13,790,059 VND",COUNTER,2026-07-13 14:45:00
CUST_0101,Bùi Anh Mai,MASS,I. Ngân hàng số & Hỗ trợ,Đăng ký / kích hoạt VPBank NEO (Internet & Mobile Banking),VPBank Financial,"14,904,682 VND",COUNTER,2026-04-19 09:06:00
CUST_0101,Bùi Anh Mai,MASS,C. Tiết kiệm & Tiền gửi,Rút trước hạn sổ tiết kiệm (một phần / toàn bộ),VPBank Financial,"108,894,957 VND",COUNTER,2026-03-02 12:27:00
CUST_0101,Bùi Anh Mai,MASS,E. Chuyển tiền & Thanh toán,Chuyển tiền liên ngân hàng (Napas 24/7 / Citad),VPBank Financial,"93,262,254 VND",ATM,2026-04-16 12:04:00
CUST_0101,Bùi Anh Mai,MASS,F. Ngoại tệ,Cấp giấy xác nhận mang ngoại tệ ra nước ngoài,VPBank Financial,"38,595,597 VND",APP,2026-03-19 10:27:00
CUST_0101,Bùi Anh Mai,MASS,C. Tiết kiệm & Tiền gửi,Cầm cố sổ tiết kiệm để vay vốn,VPBank Financial,"21,145,598 VND",APP,2026-05-16 15:04:00
CUST_0101,Bùi Anh Mai,MASS,E. Chuyển tiền & Thanh toán,Nhận tiền chuyển đến từ nước ngoài / chi trả kiều hối,VPBank Financial,"26,334,019 VND",APP,2026-03-13 14:15:00
CUST_0101,Bùi Anh Mai,MASS,C. Tiết kiệm & Tiền gửi,Chuyển nhượng / thừa kế sổ tiết kiệm,VPBank Financial,"179,183,062 VND",APP,2026-07-25 08:28:00
CUST_0101,Bùi Anh Mai,MASS,C. Tiết kiệm & Tiền gửi,Gửi tiết kiệm tích lũy / gửi góp định kỳ,VPBank Financial,"296,823,170 VND",COUNTER,2026-07-22 13:06:00
CUST_0101,Bùi Anh Mai,MASS,H. Bảo hiểm & Đầu tư,Mở tài khoản chứng khoán / đăng ký dịch vụ đầu tư,VPBank Financial,"8,410,074 VND",EBANK,2026-03-26 08:23:00
CUST_0101,Bùi Anh Mai,MASS,F. Ngoại tệ,Cấp giấy xác nhận mang ngoại tệ ra nước ngoài,VPBank Financial,"91,095,403 VND",ATM,2026-03-17 14:58:00
CUST_0101,Bùi Anh Mai,MASS,C. Tiết kiệm & Tiền gửi,Xác nhận số dư sổ tiết kiệm (chứng minh tài chính),VPBank Financial,"250,704,834 VND",EBANK,2026-04-18 11:24:00
CUST_0101,Bùi Anh Mai,MASS,C. Tiết kiệm & Tiền gửi,Tất toán sổ tiết kiệm đúng hạn,VPBank Financial,"49,733,198 VND",COUNTER,2026-02-22 09:45:00
CUST_0101,Bùi Anh Mai,MASS,I. Ngân hàng số & Hỗ trợ,Đăng ký nâng hạng khách hàng ưu tiên (VPBank Diamond / Prime),VPBank Financial,"17,018,709 VND",EBANK,2026-03-17 12:09:00
CUST_0101,Bùi Anh Mai,MASS,G. Tín dụng,Tư vấn và nộp hồ sơ vay mua/sửa nhà (thế chấp bất động sản),VPBank Financial,"15,909,373 VND",ATM,2026-05-03 11:12:00
CUST_0101,Bùi Anh Mai,MASS,B. Giao dịch tiền mặt,Rút tiền mặt số lượng lớn (đăng ký trước),VPBank Financial,"17,053,702 VND",COUNTER,2026-02-06 12:47:00
CUST_0101,Bùi Anh Mai,MASS,D. Thẻ,Phát hành thẻ ghi nợ nội địa (ATM/Napas),VPBank Financial,"16,545,937 VND",COUNTER,2026-05-11 08:20:00
CUST_0101,Bùi Anh Mai,MASS,C. Tiết kiệm & Tiền gửi,Chuyển nhượng / thừa kế sổ tiết kiệm,VPBank Financial,"252,625,315 VND",COUNTER,2026-05-20 07:19:00
CUST_0101,Bùi Anh Mai,MASS,A. Tài khoản & Thông tin KH,Mở tài khoản đồng sở hữu / ủy quyền sử dụng tài khoản,VPBank Financial,"14,859,219 VND",APP,2026-05-03 13:37:00
CUST_0101,Bùi Anh Mai,MASS,A. Tài khoản & Thông tin KH,Xin sao kê tài khoản / xác nhận số dư,VPBank Financial,"10,556,746 VND",EBANK,2026-03-05 15:58:00
CUST_0101,Bùi Anh Mai,MASS,J. Khách hàng doanh nghiệp,Vay vốn lưu động / hạn mức tín dụng doanh nghiệp,VPBank Financial,"19,676,765 VND",COUNTER,2026-04-17 11:49:00
CUST_0101,Bùi Anh Mai,MASS,J. Khách hàng doanh nghiệp,Đăng ký eBanking doanh nghiệp và phân quyền người dùng,VPBank Financial,"9,030,030 VND",APP,2026-02-20 09:45:00
CUST_0101,Bùi Anh Mai,MASS,E. Chuyển tiền & Thanh toán,Chuyển tiền liên ngân hàng (Napas 24/7 / Citad),VPBank Financial,"94,922,917 VND",ATM,2026-06-02 13:27:00
CUST_0101,Bùi Anh Mai,MASS,J. Khách hàng doanh nghiệp,Nộp / rút tiền mặt tài khoản doanh nghiệp,VPBank Financial,"7,774,959 VND",APP,2026-02-24 08:46:00
CUST_0120,Bùi Tuấn Thảo,DIAMOND,J. Khách hàng doanh nghiệp,Đăng ký dịch vụ thu hộ qua mã VietQR / Virtual Account,VPBank Financial,"3,406,950 VND",APP,2026-03-23 15:08:00
CUST_0120,Bùi Tuấn Thảo,DIAMOND,D. Thẻ,Nhận thẻ và kích hoạt thẻ tại quầy,VPBank Financial,"4,222,448 VND",EBANK,2026-06-16 11:50:00
CUST_0120,Bùi Tuấn Thảo,DIAMOND,A. Tài khoản & Thông tin KH,Mở tài khoản số đẹp / số theo yêu cầu,VPBank Financial,"16,449,373 VND",APP,2026-07-28 12:57:00
CUST_0120,Bùi Tuấn Thảo,DIAMOND,D. Thẻ,"Khóa / mở khóa thẻ, báo mất và phát hành lại",VPBank Financial,"1,222,911 VND",COUNTER,2026-02-20 10:04:00
CUST_0120,Bùi Tuấn Thảo,DIAMOND,D. Thẻ,Nộp hồ sơ mở thẻ tín dụng,VPBank Financial,"17,086,125 VND",COUNTER,2026-02-25 09:34:00
CUST_0120,Bùi Tuấn Thảo,DIAMOND,A. Tài khoản & Thông tin KH,Đăng ký / thay đổi chữ ký mẫu,VPBank Financial,"11,930,420 VND",APP,2026-07-01 11:21:00
CUST_0120,Bùi Tuấn Thảo,DIAMOND,C. Tiết kiệm & Tiền gửi,Chuyển nhượng / thừa kế sổ tiết kiệm,VPBank Financial,"224,734,749 VND",APP,2026-04-04 14:40:00
CUST_0120,Bùi Tuấn Thảo,DIAMOND,C. Tiết kiệm & Tiền gửi,Chuyển nhượng / thừa kế sổ tiết kiệm,VPBank Financial,"194,179,156 VND",EBANK,2026-07-05 15:50:00
CUST_0120,Bùi Tuấn Thảo,DIAMOND,B. Giao dịch tiền mặt,Dịch vụ thu hộ / chi hộ tiền mặt tại quầy,VPBank Financial,"10,559,207 VND",COUNTER,2026-04-19 13:09:00
CUST_0120,Bùi Tuấn Thảo,DIAMOND,H. Bảo hiểm & Đầu tư,Đóng phí bảo hiểm định kỳ tại quầy,VPBank Financial,"6,618,257 VND",APP,2026-05-17 09:41:00
CUST_0120,Bùi Tuấn Thảo,DIAMOND,G. Tín dụng,Xin xác nhận dư nợ / lịch sử trả nợ / xóa nợ xấu,VPBank Financial,"57,310,564 VND",COUNTER,2026-04-28 15:18:00
CUST_0120,Bùi Tuấn Thảo,DIAMOND,J. Khách hàng doanh nghiệp,Nộp / rút tiền mặt tài khoản doanh nghiệp,VPBank Financial,"1,725,239 VND",APP,2026-05-20 09:15:00
CUST_0120,Bùi Tuấn Thảo,DIAMOND,I. Ngân hàng số & Hỗ trợ,"Đăng ký / hủy SMS Banking, thông báo biến động số dư",VPBank Financial,"3,279,228 VND",COUNTER,2026-04-18 07:15:00
CUST_0120,Bùi Tuấn Thảo,DIAMOND,H. Bảo hiểm & Đầu tư,Tư vấn và mua bảo hiểm nhân thọ (Bancassurance),VPBank Financial,"9,575,240 VND",APP,2026-07-29 13:43:00
CUST_0120,Bùi Tuấn Thảo,DIAMOND,C. Tiết kiệm & Tiền gửi,Gửi tiết kiệm tích lũy / gửi góp định kỳ,VPBank Financial,"183,433,289 VND",COUNTER,2026-04-10 13:01:00
CUST_0120,Bùi Tuấn Thảo,DIAMOND,F. Ngoại tệ,Chuyển đổi ngoại tệ giữa các tài khoản (không dùng tiền mặt),VPBank Financial,"43,469,849 VND",COUNTER,2026-05-20 10:54:00
CUST_0120,Bùi Tuấn Thảo,DIAMOND,J. Khách hàng doanh nghiệp,Vay vốn lưu động / hạn mức tín dụng doanh nghiệp,VPBank Financial,"19,631,477 VND",ATM,2026-04-25 13:47:00
CUST_0120,Bùi Tuấn Thảo,DIAMOND,G. Tín dụng,Xin xác nhận dư nợ / lịch sử trả nợ / xóa nợ xấu,VPBank Financial,"42,848,034 VND",APP,2026-07-30 10:24:00
CUST_0111,Phan Ngọc Nga,PRIME,J. Khách hàng doanh nghiệp,Đăng ký dịch vụ thu hộ qua mã VietQR / Virtual Account,VPBank Financial,"10,489,764 VND",COUNTER,2026-02-21 13:31:00
CUST_0111,Phan Ngọc Nga,PRIME,C. Tiết kiệm & Tiền gửi,Báo mất / cấp lại sổ tiết kiệm,VPBank Financial,"54,858,606 VND",APP,2026-02-23 09:31:00
CUST_0111,Phan Ngọc Nga,PRIME,I. Ngân hàng số & Hỗ trợ,Đăng ký nâng hạng khách hàng ưu tiên (VPBank Diamond / Prime),VPBank Financial,"12,381,518 VND",APP,2026-03-12 11:29:00
CUST_0111,Phan Ngọc Nga,PRIME,G. Tín dụng,Trả nợ gốc / lãi khoản vay tại quầy,VPBank Financial,"207,469,276 VND",ATM,2026-03-03 15:23:00
CUST_0111,Phan Ngọc Nga,PRIME,C. Tiết kiệm & Tiền gửi,Xác nhận số dư sổ tiết kiệm (chứng minh tài chính),VPBank Financial,"35,360,234 VND",APP,2026-03-23 13:14:00
CUST_0111,Phan Ngọc Nga,PRIME,J. Khách hàng doanh nghiệp,Chi lương hàng loạt cho nhân viên,VPBank Financial,"5,866,488 VND",COUNTER,2026-02-18 07:01:00
CUST_0111,Phan Ngọc Nga,PRIME,B. Giao dịch tiền mặt,Rút tiền mặt từ tài khoản,VPBank Financial,"9,328,770 VND",APP,2026-04-04 08:11:00
CUST_0111,Phan Ngọc Nga,PRIME,G. Tín dụng,Trả nợ gốc / lãi khoản vay tại quầy,VPBank Financial,"200,430,517 VND",ATM,2026-02-19 09:56:00
CUST_0111,Phan Ngọc Nga,PRIME,H. Bảo hiểm & Đầu tư,Mua chứng chỉ quỹ / trái phiếu do ngân hàng phân phối,VPBank Financial,"5,659,447 VND",APP,2026-06-23 12:40:00
CUST_0111,Phan Ngọc Nga,PRIME,C. Tiết kiệm & Tiền gửi,Tất toán sổ tiết kiệm đúng hạn,VPBank Financial,"198,529,160 VND",EBANK,2026-06-10 10:31:00
CUST_0111,Phan Ngọc Nga,PRIME,J. Khách hàng doanh nghiệp,Đăng ký dịch vụ thu hộ qua mã VietQR / Virtual Account,VPBank Financial,"18,894,652 VND",COUNTER,2026-07-30 15:41:00
CUST_0111,Phan Ngọc Nga,PRIME,A. Tài khoản & Thông tin KH,Mở tài khoản đồng sở hữu / ủy quyền sử dụng tài khoản,VPBank Financial,"16,785,212 VND",ATM,2026-05-10 12:51:00
CUST_0111,Phan Ngọc Nga,PRIME,B. Giao dịch tiền mặt,Nộp tiền mặt vào tài khoản người khác,VPBank Financial,"3,867,422 VND",COUNTER,2026-02-09 08:18:00
CUST_0111,Phan Ngọc Nga,PRIME,H. Bảo hiểm & Đầu tư,"Mua bảo hiểm phi nhân thọ (sức khỏe, ô tô, nhà, du lịch)",VPBank Financial,"15,508,146 VND",COUNTER,2026-02-25 15:27:00
CUST_0111,Phan Ngọc Nga,PRIME,E. Chuyển tiền & Thanh toán,Đăng ký ủy nhiệm chi / chuyển tiền định kỳ tự động,VPBank Financial,"43,574,171 VND",APP,2026-06-30 11:52:00
CUST_0111,Phan Ngọc Nga,PRIME,E. Chuyển tiền & Thanh toán,Chuyển tiền trong hệ thống VPBank,VPBank Financial,"31,709,536 VND",APP,2026-05-05 07:16:00
CUST_0111,Phan Ngọc Nga,PRIME,F. Ngoại tệ,Cấp giấy xác nhận mang ngoại tệ ra nước ngoài,VPBank Financial,"98,441,125 VND",ATM,2026-03-01 12:36:00
CUST_0111,Phan Ngọc Nga,PRIME,I. Ngân hàng số & Hỗ trợ,Reset mật khẩu / cấp lại eToken / đổi thiết bị đăng nhập,VPBank Financial,"16,795,883 VND",COUNTER,2026-04-16 15:57:00
CUST_0111,Phan Ngọc Nga,PRIME,D. Thẻ,"Khóa / mở khóa thẻ, báo mất và phát hành lại",VPBank Financial,"15,094,935 VND",COUNTER,2026-03-29 09:48:00
CUST_0111,Phan Ngọc Nga,PRIME,C. Tiết kiệm & Tiền gửi,Tất toán sổ tiết kiệm đúng hạn,VPBank Financial,"104,437,483 VND",APP,2026-03-11 10:05:00
CUST_0111,Phan Ngọc Nga,PRIME,J. Khách hàng doanh nghiệp,Ủy nhiệm chi / chuyển tiền doanh nghiệp,VPBank Financial,"19,931,916 VND",APP,2026-07-22 12:37:00
CUST_0111,Phan Ngọc Nga,PRIME,D. Thẻ,Yêu cầu tăng / giảm hạn mức thẻ tín dụng,VPBank Financial,"8,167,886 VND",APP,2026-07-20 08:21:00
CUST_0111,Phan Ngọc Nga,PRIME,A. Tài khoản & Thông tin KH,Mở tài khoản thanh toán VND,VPBank Financial,"1,356,245 VND",COUNTER,2026-03-15 11:54:00
CUST_0111,Phan Ngọc Nga,PRIME,I. Ngân hàng số & Hỗ trợ,"Đăng ký / hủy SMS Banking, thông báo biến động số dư",VPBank Financial,"16,889,510 VND",COUNTER,2026-06-05 15:01:00
CUST_0111,Phan Ngọc Nga,PRIME,D. Thẻ,Nộp hồ sơ mở thẻ tín dụng,VPBank Financial,"9,991,406 VND",EBANK,2026-05-31 11:08:00
CUST_0111,Phan Ngọc Nga,PRIME,J. Khách hàng doanh nghiệp,Nộp / rút tiền mặt tài khoản doanh nghiệp,VPBank Financial,"6,337,468 VND",COUNTER,2026-06-02 13:25:00
CUST_0111,Phan Ngọc Nga,PRIME,B. Giao dịch tiền mặt,Nộp tiền mặt vào tài khoản người khác,VPBank Financial,"16,467,450 VND",ATM,2026-05-12 11:38:00
CUST_0111,Phan Ngọc Nga,PRIME,G. Tín dụng,Trả nợ gốc / lãi khoản vay tại quầy,VPBank Financial,"35,223,838 VND",APP,2026-07-23 10:05:00
CUST_0111,Phan Ngọc Nga,PRIME,I. Ngân hàng số & Hỗ trợ,Đăng ký / kích hoạt VPBank NEO (Internet & Mobile Banking),VPBank Financial,"8,324,210 VND",EBANK,2026-02-08 07:38:00
CUST_0111,Phan Ngọc Nga,PRIME,D. Thẻ,Phát hành thẻ ghi nợ quốc tế (Visa/Mastercard Debit),VPBank Financial,"13,085,783 VND",ATM,2026-07-19 15:52:00
CUST_0111,Phan Ngọc Nga,PRIME,G. Tín dụng,Tất toán khoản vay trước hạn / giải chấp tài sản,VPBank Financial,"45,594,874 VND",APP,2026-03-17 11:09:00
CUST_0111,Phan Ngọc Nga,PRIME,B. Giao dịch tiền mặt,Dịch vụ thu hộ / chi hộ tiền mặt tại quầy,VPBank Financial,"6,640,469 VND",APP,2026-06-17 14:41:00
CUST_0111,Phan Ngọc Nga,PRIME,B. Giao dịch tiền mặt,Rút tiền mặt từ tài khoản,VPBank Financial,"13,331,644 VND",APP,2026-05-29 11:04:00
CUST_0102,Vũ Thanh Quân,MASS,H. Bảo hiểm & Đầu tư,Mua chứng chỉ quỹ / trái phiếu do ngân hàng phân phối,VPBank Financial,"2,114,552 VND",APP,2026-03-26 13:40:00
CUST_0102,Vũ Thanh Quân,MASS,H. Bảo hiểm & Đầu tư,Hỗ trợ hồ sơ yêu cầu bồi thường bảo hiểm,VPBank Financial,"8,276,340 VND",COUNTER,2026-02-27 15:40:00
CUST_0102,Vũ Thanh Quân,MASS,F. Ngoại tệ,Chuyển đổi ngoại tệ giữa các tài khoản (không dùng tiền mặt),VPBank Financial,"47,384,179 VND",APP,2026-03-15 08:53:00
CUST_0102,Vũ Thanh Quân,MASS,A. Tài khoản & Thông tin KH,Mở tài khoản số đẹp / số theo yêu cầu,VPBank Financial,"5,851,001 VND",APP,2026-04-03 10:06:00
CUST_0102,Vũ Thanh Quân,MASS,J. Khách hàng doanh nghiệp,Nộp / rút tiền mặt tài khoản doanh nghiệp,VPBank Financial,"18,508,240 VND",APP,2026-03-31 07:14:00
CUST_0102,Vũ Thanh Quân,MASS,C. Tiết kiệm & Tiền gửi,Xác nhận số dư sổ tiết kiệm (chứng minh tài chính),VPBank Financial,"105,503,170 VND",COUNTER,2026-04-06 13:34:00
CUST_0102,Vũ Thanh Quân,MASS,A. Tài khoản & Thông tin KH,Mở tài khoản đồng sở hữu / ủy quyền sử dụng tài khoản,VPBank Financial,"8,277,660 VND",COUNTER,2026-03-11 11:09:00
CUST_0102,Vũ Thanh Quân,MASS,A. Tài khoản & Thông tin KH,Xác thực sinh trắc học khuôn mặt / vân tay (QĐ 2345),VPBank Financial,"7,486,105 VND",COUNTER,2026-07-17 08:58:00
CUST_0102,Vũ Thanh Quân,MASS,H. Bảo hiểm & Đầu tư,Mua chứng chỉ quỹ / trái phiếu do ngân hàng phân phối,VPBank Financial,"6,153,644 VND",APP,2026-04-20 15:29:00
CUST_0102,Vũ Thanh Quân,MASS,I. Ngân hàng số & Hỗ trợ,Đăng ký / kích hoạt VPBank NEO (Internet & Mobile Banking),VPBank Financial,"11,775,516 VND",APP,2026-06-07 13:53:00
CUST_0102,Vũ Thanh Quân,MASS,G. Tín dụng,Tư vấn và nộp hồ sơ vay tiêu dùng tín chấp,VPBank Financial,"271,870,315 VND",ATM,2026-05-30 08:10:00
CUST_0102,Vũ Thanh Quân,MASS,G. Tín dụng,Tư vấn và nộp hồ sơ vay tiêu dùng tín chấp,VPBank Financial,"171,593,523 VND",COUNTER,2026-07-05 13:31:00
CUST_0102,Vũ Thanh Quân,MASS,G. Tín dụng,Tư vấn và nộp hồ sơ vay mua ô tô,VPBank Financial,"106,685,167 VND",COUNTER,2026-05-28 13:46:00
CUST_0102,Vũ Thanh Quân,MASS,E. Chuyển tiền & Thanh toán,Nộp thuế / phí lệ phí nhà nước,VPBank Financial,"98,496,671 VND",ATM,2026-06-21 07:53:00
CUST_0102,Vũ Thanh Quân,MASS,J. Khách hàng doanh nghiệp,"Mở L/C và thanh toán quốc tế (T/T, D/P, D/A)",VPBank Financial,"9,094,895 VND",APP,2026-05-24 14:24:00
CUST_0102,Vũ Thanh Quân,MASS,J. Khách hàng doanh nghiệp,Đăng ký eBanking doanh nghiệp và phân quyền người dùng,VPBank Financial,"10,821,735 VND",APP,2026-05-15 14:01:00
CUST_0102,Vũ Thanh Quân,MASS,H. Bảo hiểm & Đầu tư,"Mua bảo hiểm phi nhân thọ (sức khỏe, ô tô, nhà, du lịch)",VPBank Financial,"2,431,691 VND",APP,2026-06-17 12:04:00
CUST_0102,Vũ Thanh Quân,MASS,A. Tài khoản & Thông tin KH,Mở tài khoản thanh toán ngoại tệ (USD/EUR),VPBank Financial,"19,857,183 VND",APP,2026-02-14 11:07:00
CUST_0102,Vũ Thanh Quân,MASS,D. Thẻ,Yêu cầu tăng / giảm hạn mức thẻ tín dụng,VPBank Financial,"8,022,753 VND",EBANK,2026-04-25 14:21:00
CUST_0102,Vũ Thanh Quân,MASS,A. Tài khoản & Thông tin KH,Xác thực sinh trắc học khuôn mặt / vân tay (QĐ 2345),VPBank Financial,"19,348,999 VND",COUNTER,2026-02-09 14:14:00
CUST_0102,Vũ Thanh Quân,MASS,C. Tiết kiệm & Tiền gửi,Cầm cố sổ tiết kiệm để vay vốn,VPBank Financial,"256,424,811 VND",ATM,2026-03-23 15:11:00
CUST_0102,Vũ Thanh Quân,MASS,E. Chuyển tiền & Thanh toán,"Thanh toán hóa đơn (điện, nước, viễn thông, học phí, bảo hiểm)",VPBank Financial,"73,539,606 VND",APP,2026-06-27 07:32:00
CUST_0102,Vũ Thanh Quân,MASS,F. Ngoại tệ,Bán ngoại tệ tiền mặt cho ngân hàng,VPBank Financial,"99,987,787 VND",APP,2026-02-15 11:00:00
CUST_0102,Vũ Thanh Quân,MASS,H. Bảo hiểm & Đầu tư,"Mua bảo hiểm phi nhân thọ (sức khỏe, ô tô, nhà, du lịch)",VPBank Financial,"19,598,469 VND",ATM,2026-05-10 14:32:00
CUST_0102,Vũ Thanh Quân,MASS,C. Tiết kiệm & Tiền gửi,Gửi tiết kiệm tích lũy / gửi góp định kỳ,VPBank Financial,"184,758,720 VND",APP,2026-07-10 08:30:00
CUST_0102,Vũ Thanh Quân,MASS,C. Tiết kiệm & Tiền gửi,Báo mất / cấp lại sổ tiết kiệm,VPBank Financial,"11,637,181 VND",COUNTER,2026-05-02 09:29:00
CUST_0102,Vũ Thanh Quân,MASS,A. Tài khoản & Thông tin KH,Mở tài khoản thanh toán ngoại tệ (USD/EUR),VPBank Financial,"8,501,310 VND",ATM,2026-03-09 09:23:00
CUST_0102,Vũ Thanh Quân,MASS,G. Tín dụng,Tư vấn và nộp hồ sơ vay mua ô tô,VPBank Financial,"29,758,936 VND",COUNTER,2026-06-02 09:26:00
CUST_0049,Huỳnh Minh Hùng,DIAMOND,C. Tiết kiệm & Tiền gửi,Báo mất / cấp lại sổ tiết kiệm,VPBank Financial,"200,403,184 VND",EBANK,2026-02-21 11:13:00
CUST_0049,Huỳnh Minh Hùng,DIAMOND,F. Ngoại tệ,Chuyển đổi ngoại tệ giữa các tài khoản (không dùng tiền mặt),VPBank Financial,"52,871,737 VND",COUNTER,2026-06-24 08:07:00
CUST_0049,Huỳnh Minh Hùng,DIAMOND,C. Tiết kiệm & Tiền gửi,Xác nhận số dư sổ tiết kiệm (chứng minh tài chính),VPBank Financial,"21,636,140 VND",EBANK,2026-05-15 15:04:00
CUST_0049,Huỳnh Minh Hùng,DIAMOND,E. Chuyển tiền & Thanh toán,Tra soát lệnh chuyển tiền / yêu cầu hoàn tiền,VPBank Financial,"19,456,587 VND",COUNTER,2026-02-13 11:04:00
CUST_0049,Huỳnh Minh Hùng,DIAMOND,C. Tiết kiệm & Tiền gửi,Tất toán sổ tiết kiệm đúng hạn,VPBank Financial,"180,392,914 VND",COUNTER,2026-03-30 09:44:00
CUST_0049,Huỳnh Minh Hùng,DIAMOND,I. Ngân hàng số & Hỗ trợ,Thuê két sắt / dịch vụ giữ hộ tài sản,VPBank Financial,"10,302,275 VND",APP,2026-07-03 13:10:00
CUST_0049,Huỳnh Minh Hùng,DIAMOND,J. Khách hàng doanh nghiệp,Nộp thuế điện tử doanh nghiệp,VPBank Financial,"11,490,712 VND",COUNTER,2026-06-23 09:31:00
CUST_0049,Huỳnh Minh Hùng,DIAMOND,C. Tiết kiệm & Tiền gửi,Gửi tiết kiệm ngoại tệ (USD/EUR),VPBank Financial,"135,981,840 VND",COUNTER,2026-03-29 07:32:00
CUST_0049,Huỳnh Minh Hùng,DIAMOND,B. Giao dịch tiền mặt,Rút tiền mặt số lượng lớn (đăng ký trước),VPBank Financial,"15,768,678 VND",APP,2026-05-20 12:46:00
CUST_0049,Huỳnh Minh Hùng,DIAMOND,E. Chuyển tiền & Thanh toán,Chuyển tiền trong hệ thống VPBank,VPBank Financial,"98,979,343 VND",APP,2026-06-08 07:10:00
CUST_0049,Huỳnh Minh Hùng,DIAMOND,D. Thẻ,Đăng ký trả góp 0% qua thẻ tín dụng,VPBank Financial,"19,690,750 VND",APP,2026-04-08 13:25:00
CUST_0049,Huỳnh Minh Hùng,DIAMOND,I. Ngân hàng số & Hỗ trợ,Tiếp nhận khiếu nại / góp ý dịch vụ chung,VPBank Financial,"9,017,328 VND",COUNTER,2026-05-16 07:40:00
CUST_0049,Huỳnh Minh Hùng,DIAMOND,I. Ngân hàng số & Hỗ trợ,Tiếp nhận khiếu nại / góp ý dịch vụ chung,VPBank Financial,"14,561,947 VND",APP,2026-06-07 12:30:00
CUST_0049,Huỳnh Minh Hùng,DIAMOND,A. Tài khoản & Thông tin KH,Mở tài khoản thanh toán ngoại tệ (USD/EUR),VPBank Financial,"3,389,269 VND",EBANK,2026-03-09 13:21:00
CUST_0049,Huỳnh Minh Hùng,DIAMOND,G. Tín dụng,Tư vấn và nộp hồ sơ vay mua/sửa nhà (thế chấp bất động sản),VPBank Financial,"228,179,752 VND",APP,2026-02-28 10:39:00
CUST_0049,Huỳnh Minh Hùng,DIAMOND,A. Tài khoản & Thông tin KH,Mở tài khoản đồng sở hữu / ủy quyền sử dụng tài khoản,VPBank Financial,"799,487 VND",COUNTER,2026-02-27 08:20:00
CUST_0049,Huỳnh Minh Hùng,DIAMOND,G. Tín dụng,Tất toán khoản vay trước hạn / giải chấp tài sản,VPBank Financial,"296,287,144 VND",APP,2026-07-05 12:31:00
CUST_0049,Huỳnh Minh Hùng,DIAMOND,B. Giao dịch tiền mặt,Nộp tiền mặt vào tài khoản của chính mình,VPBank Financial,"5,003,619 VND",APP,2026-05-15 13:03:00
CUST_0049,Huỳnh Minh Hùng,DIAMOND,G. Tín dụng,Tư vấn và nộp hồ sơ vay tiêu dùng tín chấp,VPBank Financial,"140,756,996 VND",APP,2026-04-26 10:18:00
CUST_0049,Huỳnh Minh Hùng,DIAMOND,I. Ngân hàng số & Hỗ trợ,Đăng ký / kích hoạt VPBank NEO (Internet & Mobile Banking),VPBank Financial,"14,611,977 VND",APP,2026-05-28 13:11:00
CUST_0049,Huỳnh Minh Hùng,DIAMOND,B. Giao dịch tiền mặt,Rút tiền mặt số lượng lớn (đăng ký trước),VPBank Financial,"12,233,910 VND",APP,2026-06-06 10:30:00
CUST_0013,Lê Thị Linh,MASS,J. Khách hàng doanh nghiệp,Đăng ký dịch vụ thu hộ qua mã VietQR / Virtual Account,VPBank Financial,"9,644,271 VND",COUNTER,2026-04-26 15:25:00
CUST_0013,Lê Thị Linh,MASS,H. Bảo hiểm & Đầu tư,Tư vấn và mua bảo hiểm nhân thọ (Bancassurance),VPBank Financial,"14,789,164 VND",APP,2026-03-05 14:07:00
CUST_0013,Lê Thị Linh,MASS,I. Ngân hàng số & Hỗ trợ,Thuê két sắt / dịch vụ giữ hộ tài sản,VPBank Financial,"1,813,183 VND",COUNTER,2026-07-12 07:14:00
CUST_0013,Lê Thị Linh,MASS,I. Ngân hàng số & Hỗ trợ,Đăng ký nâng hạng khách hàng ưu tiên (VPBank Diamond / Prime),VPBank Financial,"11,884,523 VND",APP,2026-03-30 13:37:00
CUST_0013,Lê Thị Linh,MASS,A. Tài khoản & Thông tin KH,Mở tài khoản đồng sở hữu / ủy quyền sử dụng tài khoản,VPBank Financial,"13,465,079 VND",COUNTER,2026-03-15 11:00:00
CUST_0013,Lê Thị Linh,MASS,C. Tiết kiệm & Tiền gửi,Tái tục sổ tiết kiệm / chuyển kỳ hạn,VPBank Financial,"286,845,647 VND",APP,2026-07-31 13:01:00
CUST_0013,Lê Thị Linh,MASS,H. Bảo hiểm & Đầu tư,Hỗ trợ hồ sơ yêu cầu bồi thường bảo hiểm,VPBank Financial,"18,611,198 VND",COUNTER,2026-03-08 13:03:00
CUST_0013,Lê Thị Linh,MASS,A. Tài khoản & Thông tin KH,Đóng tài khoản thanh toán,VPBank Financial,"10,723,421 VND",ATM,2026-05-09 14:10:00
CUST_0013,Lê Thị Linh,MASS,C. Tiết kiệm & Tiền gửi,Gửi tiết kiệm ngoại tệ (USD/EUR),VPBank Financial,"207,193,779 VND",COUNTER,2026-03-05 15:25:00
CUST_0013,Lê Thị Linh,MASS,H. Bảo hiểm & Đầu tư,Mở tài khoản chứng khoán / đăng ký dịch vụ đầu tư,VPBank Financial,"2,003,110 VND",APP,2026-07-02 12:25:00
CUST_0013,Lê Thị Linh,MASS,C. Tiết kiệm & Tiền gửi,Chuyển nhượng / thừa kế sổ tiết kiệm,VPBank Financial,"281,308,206 VND",EBANK,2026-02-10 07:29:00
CUST_0013,Lê Thị Linh,MASS,A. Tài khoản & Thông tin KH,Xác thực sinh trắc học khuôn mặt / vân tay (QĐ 2345),VPBank Financial,"19,729,454 VND",APP,2026-04-19 10:05:00
CUST_0013,Lê Thị Linh,MASS,J. Khách hàng doanh nghiệp,Phát hành thư bảo lãnh ngân hàng,VPBank Financial,"13,650,448 VND",COUNTER,2026-03-29 13:01:00
CUST_0013,Lê Thị Linh,MASS,B. Giao dịch tiền mặt,Dịch vụ thu hộ / chi hộ tiền mặt tại quầy,VPBank Financial,"14,868,190 VND",ATM,2026-04-28 15:00:00
CUST_0013,Lê Thị Linh,MASS,G. Tín dụng,Trả nợ gốc / lãi khoản vay tại quầy,VPBank Financial,"89,922,821 VND",APP,2026-07-09 11:55:00
CUST_0013,Lê Thị Linh,MASS,A. Tài khoản & Thông tin KH,Đóng tài khoản thanh toán,VPBank Financial,"9,818,070 VND",COUNTER,2026-04-11 15:24:00
CUST_0013,Lê Thị Linh,MASS,E. Chuyển tiền & Thanh toán,Chuyển tiền liên ngân hàng (Napas 24/7 / Citad),VPBank Financial,"36,725,585 VND",ATM,2026-03-12 07:30:00
CUST_0013,Lê Thị Linh,MASS,A. Tài khoản & Thông tin KH,Mở tài khoản đồng sở hữu / ủy quyền sử dụng tài khoản,VPBank Financial,"11,608,471 VND",APP,2026-07-28 14:54:00
CUST_0013,Lê Thị Linh,MASS,C. Tiết kiệm & Tiền gửi,Gửi tiết kiệm ngoại tệ (USD/EUR),VPBank Financial,"42,985,476 VND",ATM,2026-06-25 14:44:00
CUST_0013,Lê Thị Linh,MASS,D. Thẻ,"Khóa / mở khóa thẻ, báo mất và phát hành lại",VPBank Financial,"5,760,216 VND",EBANK,2026-07-06 10:55:00
CUST_0046,Võ Minh Hùng,MASS,D. Thẻ,"Khóa / mở khóa thẻ, báo mất và phát hành lại",VPBank Financial,"13,739,006 VND",APP,2026-04-30 07:46:00
CUST_0046,Võ Minh Hùng,MASS,C. Tiết kiệm & Tiền gửi,Chuyển nhượng / thừa kế sổ tiết kiệm,VPBank Financial,"213,927,938 VND",COUNTER,2026-06-16 10:50:00
CUST_0046,Võ Minh Hùng,MASS,A. Tài khoản & Thông tin KH,Mở tài khoản thanh toán VND,VPBank Financial,"16,998,671 VND",COUNTER,2026-06-02 07:58:00
CUST_0046,Võ Minh Hùng,MASS,D. Thẻ,Phát hành thẻ ghi nợ quốc tế (Visa/Mastercard Debit),VPBank Financial,"4,440,690 VND",COUNTER,2026-07-06 12:06:00
CUST_0046,Võ Minh Hùng,MASS,E. Chuyển tiền & Thanh toán,Nhận tiền chuyển đến từ nước ngoài / chi trả kiều hối,VPBank Financial,"78,613,926 VND",COUNTER,2026-03-11 11:37:00
CUST_0046,Võ Minh Hùng,MASS,H. Bảo hiểm & Đầu tư,"Mua bảo hiểm phi nhân thọ (sức khỏe, ô tô, nhà, du lịch)",VPBank Financial,"8,821,635 VND",COUNTER,2026-05-10 13:07:00
CUST_0046,Võ Minh Hùng,MASS,J. Khách hàng doanh nghiệp,"Mở L/C và thanh toán quốc tế (T/T, D/P, D/A)",VPBank Financial,"7,019,878 VND",APP,2026-05-09 11:51:00
CUST_0046,Võ Minh Hùng,MASS,H. Bảo hiểm & Đầu tư,Hỗ trợ hồ sơ yêu cầu bồi thường bảo hiểm,VPBank Financial,"3,201,441 VND",APP,2026-06-23 13:31:00
CUST_0046,Võ Minh Hùng,MASS,D. Thẻ,Nhận thẻ và kích hoạt thẻ tại quầy,VPBank Financial,"4,467,757 VND",APP,2026-03-28 11:45:00
CUST_0046,Võ Minh Hùng,MASS,C. Tiết kiệm & Tiền gửi,Tất toán sổ tiết kiệm đúng hạn,VPBank Financial,"58,552,655 VND",COUNTER,2026-05-20 09:15:00
CUST_0046,Võ Minh Hùng,MASS,H. Bảo hiểm & Đầu tư,Hỗ trợ hồ sơ yêu cầu bồi thường bảo hiểm,VPBank Financial,"6,441,725 VND",EBANK,2026-02-26 07:10:00
CUST_0046,Võ Minh Hùng,MASS,D. Thẻ,"Khóa / mở khóa thẻ, báo mất và phát hành lại",VPBank Financial,"18,522,657 VND",APP,2026-02-17 07:37:00
CUST_0046,Võ Minh Hùng,MASS,I. Ngân hàng số & Hỗ trợ,Đăng ký / kích hoạt VPBank NEO (Internet & Mobile Banking),VPBank Financial,"11,022,566 VND",COUNTER,2026-04-15 13:23:00
CUST_0046,Võ Minh Hùng,MASS,C. Tiết kiệm & Tiền gửi,Gửi tiết kiệm tích lũy / gửi góp định kỳ,VPBank Financial,"280,404,057 VND",EBANK,2026-07-09 14:58:00
CUST_0046,Võ Minh Hùng,MASS,B. Giao dịch tiền mặt,Rút tiền mặt số lượng lớn (đăng ký trước),VPBank Financial,"11,399,578 VND",COUNTER,2026-06-03 14:52:00
CUST_0046,Võ Minh Hùng,MASS,A. Tài khoản & Thông tin KH,Xin sao kê tài khoản / xác nhận số dư,VPBank Financial,"19,096,236 VND",APP,2026-07-28 13:36:00
CUST_0046,Võ Minh Hùng,MASS,H. Bảo hiểm & Đầu tư,Mở tài khoản chứng khoán / đăng ký dịch vụ đầu tư,VPBank Financial,"4,680,396 VND",EBANK,2026-03-29 09:59:00
CUST_0046,Võ Minh Hùng,MASS,D. Thẻ,Phát hành thẻ ghi nợ quốc tế (Visa/Mastercard Debit),VPBank Financial,"5,842,372 VND",COUNTER,2026-07-25 08:54:00
CUST_0046,Võ Minh Hùng,MASS,G. Tín dụng,Trả nợ gốc / lãi khoản vay tại quầy,VPBank Financial,"174,314,391 VND",COUNTER,2026-04-27 07:27:00
CUST_0046,Võ Minh Hùng,MASS,G. Tín dụng,Tư vấn và nộp hồ sơ vay tiêu dùng tín chấp,VPBank Financial,"217,359,234 VND",APP,2026-07-05 09:16:00
CUST_0046,Võ Minh Hùng,MASS,H. Bảo hiểm & Đầu tư,Hỗ trợ hồ sơ yêu cầu bồi thường bảo hiểm,VPBank Financial,"9,328,206 VND",APP,2026-06-25 12:13:00
CUST_0046,Võ Minh Hùng,MASS,F. Ngoại tệ,Cấp giấy xác nhận mang ngoại tệ ra nước ngoài,VPBank Financial,"70,764,262 VND",APP,2026-05-01 11:36:00
CUST_0046,Võ Minh Hùng,MASS,D. Thẻ,Yêu cầu tăng / giảm hạn mức thẻ tín dụng,VPBank Financial,"15,602,271 VND",ATM,2026-05-09 11:53:00
CUST_0046,Võ Minh Hùng,MASS,F. Ngoại tệ,"Mua ngoại tệ tiền mặt (du lịch, du học, công tác, chữa bệnh)",VPBank Financial,"7,080,602 VND",COUNTER,2026-06-10 14:16:00
CUST_0046,Võ Minh Hùng,MASS,I. Ngân hàng số & Hỗ trợ,Đăng ký nâng hạng khách hàng ưu tiên (VPBank Diamond / Prime),VPBank Financial,"16,880,593 VND",APP,2026-02-10 12:29:00
CUST_0046,Võ Minh Hùng,MASS,C. Tiết kiệm & Tiền gửi,Xác nhận số dư sổ tiết kiệm (chứng minh tài chính),VPBank Financial,"183,949,705 VND",APP,2026-05-11 11:10:00
CUST_0045,Vũ Thị Nam,PRIME,H. Bảo hiểm & Đầu tư,Hỗ trợ hồ sơ yêu cầu bồi thường bảo hiểm,VPBank Financial,"4,386,339 VND",COUNTER,2026-07-12 07:04:00
CUST_0045,Vũ Thị Nam,PRIME,I. Ngân hàng số & Hỗ trợ,Reset mật khẩu / cấp lại eToken / đổi thiết bị đăng nhập,VPBank Financial,"12,113,395 VND",COUNTER,2026-07-17 12:19:00
CUST_0045,Vũ Thị Nam,PRIME,D. Thẻ,Phát hành thẻ ghi nợ quốc tế (Visa/Mastercard Debit),VPBank Financial,"8,075,912 VND",COUNTER,2026-04-03 14:17:00
CUST_0045,Vũ Thị Nam,PRIME,A. Tài khoản & Thông tin KH,Đóng tài khoản thanh toán,VPBank Financial,"13,343,074 VND",COUNTER,2026-05-07 08:15:00
CUST_0045,Vũ Thị Nam,PRIME,H. Bảo hiểm & Đầu tư,Mở tài khoản chứng khoán / đăng ký dịch vụ đầu tư,VPBank Financial,"7,085,848 VND",APP,2026-06-17 12:00:00
CUST_0045,Vũ Thị Nam,PRIME,F. Ngoại tệ,Cấp giấy xác nhận mang ngoại tệ ra nước ngoài,VPBank Financial,"76,533,254 VND",COUNTER,2026-03-02 07:48:00
CUST_0045,Vũ Thị Nam,PRIME,D. Thẻ,Nộp hồ sơ mở thẻ tín dụng,VPBank Financial,"8,430,931 VND",APP,2026-06-09 09:04:00
CUST_0045,Vũ Thị Nam,PRIME,E. Chuyển tiền & Thanh toán,Nhận tiền chuyển đến từ nước ngoài / chi trả kiều hối,VPBank Financial,"92,444,869 VND",APP,2026-02-03 07:26:00
CUST_0045,Vũ Thị Nam,PRIME,C. Tiết kiệm & Tiền gửi,Xác nhận số dư sổ tiết kiệm (chứng minh tài chính),VPBank Financial,"48,706,011 VND",COUNTER,2026-03-16 09:52:00
CUST_0045,Vũ Thị Nam,PRIME,D. Thẻ,Tra soát / khiếu nại giao dịch thẻ,VPBank Financial,"4,669,469 VND",APP,2026-07-06 09:48:00
CUST_0045,Vũ Thị Nam,PRIME,A. Tài khoản & Thông tin KH,Mở tài khoản số đẹp / số theo yêu cầu,VPBank Financial,"3,227,199 VND",ATM,2026-03-04 09:58:00
CUST_0045,Vũ Thị Nam,PRIME,I. Ngân hàng số & Hỗ trợ,Reset mật khẩu / cấp lại eToken / đổi thiết bị đăng nhập,VPBank Financial,"13,401,770 VND",APP,2026-03-12 12:14:00
CUST_0045,Vũ Thị Nam,PRIME,D. Thẻ,Yêu cầu tăng / giảm hạn mức thẻ tín dụng,VPBank Financial,"17,567,764 VND",COUNTER,2026-03-24 15:42:00
CUST_0045,Vũ Thị Nam,PRIME,G. Tín dụng,Xin xác nhận dư nợ / lịch sử trả nợ / xóa nợ xấu,VPBank Financial,"260,840,882 VND",APP,2026-02-04 09:46:00
CUST_0045,Vũ Thị Nam,PRIME,J. Khách hàng doanh nghiệp,"Mở L/C và thanh toán quốc tế (T/T, D/P, D/A)",VPBank Financial,"14,853,049 VND",ATM,2026-05-13 12:27:00
CUST_0045,Vũ Thị Nam,PRIME,C. Tiết kiệm & Tiền gửi,Xác nhận số dư sổ tiết kiệm (chứng minh tài chính),VPBank Financial,"140,699,604 VND",COUNTER,2026-05-25 15:56:00
CUST_0045,Vũ Thị Nam,PRIME,C. Tiết kiệm & Tiền gửi,Báo mất / cấp lại sổ tiết kiệm,VPBank Financial,"197,331,867 VND",EBANK,2026-05-23 13:55:00
CUST_0045,Vũ Thị Nam,PRIME,B. Giao dịch tiền mặt,Nộp tiền mặt vào tài khoản người khác,VPBank Financial,"11,268,329 VND",APP,2026-06-28 10:55:00
CUST_0045,Vũ Thị Nam,PRIME,B. Giao dịch tiền mặt,Đổi mệnh giá tiền / đổi tiền không đủ tiêu chuẩn lưu thông,VPBank Financial,"7,862,882 VND",EBANK,2026-06-19 12:40:00
CUST_0045,Vũ Thị Nam,PRIME,D. Thẻ,Yêu cầu tăng / giảm hạn mức thẻ tín dụng,VPBank Financial,"9,708,103 VND",COUNTER,2026-05-06 09:29:00
CUST_0045,Vũ Thị Nam,PRIME,G. Tín dụng,Tư vấn và nộp hồ sơ vay tiêu dùng tín chấp,VPBank Financial,"196,380,848 VND",COUNTER,2026-06-12 15:17:00
CUST_0045,Vũ Thị Nam,PRIME,J. Khách hàng doanh nghiệp,Ủy nhiệm chi / chuyển tiền doanh nghiệp,VPBank Financial,"8,384,811 VND",ATM,2026-03-09 11:37:00
CUST_0045,Vũ Thị Nam,PRIME,I. Ngân hàng số & Hỗ trợ,Đăng ký dịch vụ trả lương qua tài khoản,VPBank Financial,"14,437,297 VND",COUNTER,2026-02-07 09:29:00
CUST_0034,Hoàng Minh Việt,MASS,J. Khách hàng doanh nghiệp,Ủy nhiệm chi / chuyển tiền doanh nghiệp,VPBank Financial,"6,541,915 VND",EBANK,2026-04-01 15:07:00
CUST_0034,Hoàng Minh Việt,MASS,J. Khách hàng doanh nghiệp,Mở tài khoản thanh toán doanh nghiệp,VPBank Financial,"3,071,648 VND",APP,2026-07-17 13:42:00
CUST_0034,Hoàng Minh Việt,MASS,I. Ngân hàng số & Hỗ trợ,Reset mật khẩu / cấp lại eToken / đổi thiết bị đăng nhập,VPBank Financial,"14,501,761 VND",COUNTER,2026-05-31 10:35:00
CUST_0034,Hoàng Minh Việt,MASS,C. Tiết kiệm & Tiền gửi,Gửi tiết kiệm có kỳ hạn VND tại quầy,VPBank Financial,"20,946,722 VND",APP,2026-03-21 07:43:00
CUST_0034,Hoàng Minh Việt,MASS,H. Bảo hiểm & Đầu tư,"Mua bảo hiểm phi nhân thọ (sức khỏe, ô tô, nhà, du lịch)",VPBank Financial,"10,228,724 VND",COUNTER,2026-07-15 07:05:00
CUST_0034,Hoàng Minh Việt,MASS,G. Tín dụng,Đăng ký hạn mức thấu chi tài khoản,VPBank Financial,"182,290,345 VND",APP,2026-07-28 14:22:00
CUST_0034,Hoàng Minh Việt,MASS,B. Giao dịch tiền mặt,Rút tiền mặt số lượng lớn (đăng ký trước),VPBank Financial,"9,144,305 VND",COUNTER,2026-07-26 14:37:00
CUST_0034,Hoàng Minh Việt,MASS,G. Tín dụng,Trả nợ gốc / lãi khoản vay tại quầy,VPBank Financial,"253,492,522 VND",COUNTER,2026-06-21 13:55:00
CUST_0034,Hoàng Minh Việt,MASS,I. Ngân hàng số & Hỗ trợ,"Đăng ký / hủy SMS Banking, thông báo biến động số dư",VPBank Financial,"4,066,285 VND",APP,2026-03-08 07:10:00
CUST_0034,Hoàng Minh Việt,MASS,A. Tài khoản & Thông tin KH,Xác thực sinh trắc học khuôn mặt / vân tay (QĐ 2345),VPBank Financial,"2,824,874 VND",APP,2026-05-10 09:14:00
CUST_0034,Hoàng Minh Việt,MASS,H. Bảo hiểm & Đầu tư,Mua chứng chỉ quỹ / trái phiếu do ngân hàng phân phối,VPBank Financial,"9,045,087 VND",COUNTER,2026-04-19 09:17:00
CUST_0034,Hoàng Minh Việt,MASS,A. Tài khoản & Thông tin KH,Xác thực sinh trắc học khuôn mặt / vân tay (QĐ 2345),VPBank Financial,"7,933,130 VND",COUNTER,2026-07-14 10:11:00
CUST_0034,Hoàng Minh Việt,MASS,C. Tiết kiệm & Tiền gửi,Gửi tiết kiệm có kỳ hạn VND tại quầy,VPBank Financial,"13,513,555 VND",COUNTER,2026-03-05 13:03:00
CUST_0034,Hoàng Minh Việt,MASS,E. Chuyển tiền & Thanh toán,Chuyển tiền liên ngân hàng (Napas 24/7 / Citad),VPBank Financial,"40,030,341 VND",ATM,2026-06-20 15:01:00
CUST_0034,Hoàng Minh Việt,MASS,F. Ngoại tệ,Chuyển đổi ngoại tệ giữa các tài khoản (không dùng tiền mặt),VPBank Financial,"31,533,537 VND",APP,2026-07-03 11:56:00
CUST_0034,Hoàng Minh Việt,MASS,B. Giao dịch tiền mặt,Nộp tiền mặt vào tài khoản người khác,VPBank Financial,"19,904,590 VND",APP,2026-02-16 09:25:00
CUST_0034,Hoàng Minh Việt,MASS,J. Khách hàng doanh nghiệp,Ủy nhiệm chi / chuyển tiền doanh nghiệp,VPBank Financial,"11,117,809 VND",COUNTER,2026-03-19 07:07:00
CUST_0034,Hoàng Minh Việt,MASS,C. Tiết kiệm & Tiền gửi,Tất toán sổ tiết kiệm đúng hạn,VPBank Financial,"42,537,584 VND",ATM,2026-07-02 15:18:00
CUST_0034,Hoàng Minh Việt,MASS,F. Ngoại tệ,"Mua ngoại tệ tiền mặt (du lịch, du học, công tác, chữa bệnh)",VPBank Financial,"39,308,064 VND",APP,2026-06-18 12:13:00
